variant,trial_number_zero_based,value,datetime_start,datetime_complete,duration,params_d_ff_mult,params_d_model,params_dropout,params_grad_clip,params_lambda_aux,params_lambda_aux2,params_lr,params_n_mlp_layers,params_path2_d_ff,params_path2_n_heads,params_path2_n_layers,params_weight_decay,user_attrs_best_base_corr_6m,user_attrs_best_corr_6m,user_attrs_best_epoch,user_attrs_best_path2_corr_6m,user_attrs_best_train_loss,user_attrs_best_val_loss,user_attrs_last_base_corr_6m,user_attrs_last_corr_6m,user_attrs_last_epoch,user_attrs_last_path2_corr_6m,user_attrs_last_train_loss,user_attrs_last_val_loss,user_attrs_n_epochs_trained,user_attrs_val_sharpe_ls,state,params_ple_num_bins,params_periodic_num_freq,trial_number,n_epochs_trained,best_epoch,best_epoch_fraction,final_gap_loss,mean_gap_loss_last_quarter
linear,0,1.0598309032753233,2026-08-01 18:24:08.096473,2026-08-01 18:30:08.194969,0 days 00:06:00.098496,2,96,0.070837862931119,2.2165305913463675,0.1727299868828402,0.1733618039413735,0.0002029805805242,1,128,2,3,4.205156450913872e-05,0.113959240540862,0.1298761630741258,8.0,0.1224831871067484,0.3659212772109886,0.8857456361254056,,,,,,,16,1.0598309032753233,COMPLETE,,,1,16,8,0.5,1.8616298282692683,1.26880920180406
linear,1,0.9733684725930049,2026-08-01 18:30:08.315621,2026-08-01 18:35:28.658034,0 days 00:05:20.342413,4,96,0.187867293844644,0.578593358631281,0.4795542149013333,0.4862528132298237,0.0020690200562805,3,128,2,1,3.334792728637585e-06,0.1151204525182644,0.087767499545589,18.0,0.0653274252971944,2.1162192290796646,1.6649734172970057,,,,,,,26,0.9733684725930049,COMPLETE,,,2,26,2,0.07692307692307693,0.5428492346867206,1.360637384118936
linear,2,1.3271734218154323,2026-08-01 18:35:28.773627,2026-08-01 18:39:27.145915,0 days 00:03:58.372288,2,64,0.364634956810725,0.5336132600544056,0.4757995766256756,0.4579309401710595,0.000784819819433,1,256,4,2,0.0040679084943595,0.1280658267448113,0.1173262096514615,6.0,0.1224566290465494,1.360945010446899,2.2141062022497255,,,,,,,14,1.3271734218154323,COMPLETE,,,3,14,2,0.14285714285714285,0.6296232710282008,0.6532877670285641
linear,3,0.6275618188743513,2026-08-01 18:39:27.264614,2026-08-01 18:44:05.210905,0 days 00:04:37.946291,2,128,0.3332076285692524,3.6721351234008384,0.1794862726136689,0.1022088468494409,0.0021374347276476,2,256,4,1,0.000342205290327,0.1234977076771125,0.107107742720594,9.0,0.1047454337162586,1.6145598371180572,1.0208706709866722,,,,,,,17,0.6275618188743513,COMPLETE,,,4,17,1,0.058823529411764705,0.8649891800073433,0.4195226468765343
linear,4,0.968954811768018,2026-08-01 18:44:05.326469,2026-08-01 18:47:58.094971,0 days 00:03:52.768502,4,64,0.2530862694627476,3.877739181777349,0.1478376983753206,0.385297914889198,0.0016616521031133,1,256,4,1,6.403036652671171e-05,0.0985623141479057,0.1451558822377895,10.0,0.1493380115988354,0.4814296022597109,0.7650422071417172,,,,,,,18,0.968954811768018,COMPLETE,,,5,18,10,0.5555555555555556,0.5445310465939757,0.5368359398943121
linear,5,1.6156847207068714,2026-08-01 18:47:58.210516,2026-08-01 18:50:50.359400,0 days 00:02:52.148884,4,96,0.0222573824178263,4.059789859865643,0.1307919639315172,0.2159005811655072,0.0001050539965505,2,256,2,1,0.0044513143156492,0.1168528485422333,0.1367488768417388,6.0,0.1426070884801447,0.3942871287017913,0.8328134041279555,,,,,,,14,1.6156847207068714,COMPLETE,,,6,14,3,0.21428571428571427,0.8034384587328762,0.8333762124762254
linear,6,1.7662561503007337,2026-08-01 18:50:50.476417,2026-08-01 18:54:26.438530,0 days 00:03:35.962113,4,96,0.2203434743471038,0.6873402999350458,0.1027808522124762,0.3042989210310263,0.0003418157032511,3,512,1,3,1.2898495377182652e-06,0.127456201496534,0.122240221221485,7.0,0.1193404400507764,1.1838185604946274,0.6369721805055936,,,,,,,15,1.7662561503007337,COMPLETE,,,7,15,7,0.4666666666666667,-0.45200094606889973,-0.44423852939042874
linear,7,0.9945730970053966,2026-08-01 18:54:26.557397,2026-08-01 19:00:15.811051,0 days 00:05:49.253654,4,96,0.1518155449279246,1.273853264268165,0.3010716092915446,0.1205915004999957,0.0001804109663681,3,512,2,3,0.0034779988160923,0.1169695326592773,0.1262847643656035,8.0,0.1266477409420379,0.4154529657588148,0.913842537254095,,,,,,,16,0.9945730970053966,COMPLETE,,,8,16,8,0.5,0.7800119230617022,0.8020972488265431
linear,8,1.488935101518492,2026-08-01 19:00:15.926148,2026-08-01 19:07:43.058902,0 days 00:07:27.132754,4,128,0.3070316499781998,3.420065373027184,0.2283120259886943,0.1746074041599417,6.032818887189472e-05,1,512,4,3,9.004606022643073e-05,0.0964734265871811,0.1450555964528272,6.0,0.1464249809815858,0.7758348835410461,0.8721766384318471,,,,,,,14,1.488935101518492,COMPLETE,,,9,14,3,0.21428571428571427,3.254093864335427,4.363003275801937
linear,9,1.4307709345619994,2026-08-01 19:07:43.172554,2026-08-01 19:11:28.283550,0 days 00:03:45.110996,2,96,0.2794657178599617,1.2850762254122134,0.3639936184136716,0.4268888800804863,0.0006447207196537,2,128,2,3,4.448902538066175e-05,0.1078354230344606,0.1184284855165363,6.0,0.1175903149007353,1.6675374626167236,4.56217093989253,,,,,,,14,1.4307709345619994,COMPLETE,,,10,14,3,0.21428571428571427,10.48852006534617,8.314039278101353
linear,10,0.3810821164833717,2026-08-01 19:11:28.399082,2026-08-01 19:13:50.484865,0 days 00:02:22.085783,4,64,0.1470268899752178,4.7344676278711955,0.3759899226632444,0.3190232964281616,0.0048272004715642,3,512,1,2,1.3880063586918476e-07,0.1095986485675287,0.0810601522098295,8.0,0.0646949703494707,1.980814788904455,1.5860557993253073,,,,,,,16,0.3810821164833717,COMPLETE,,,11,16,1,0.0625,1.2126905583436527,1.1715593773088169
linear,11,1.086792790733142,2026-08-01 19:13:50.600238,2026-08-01 19:17:25.049719,0 days 00:03:34.449481,4,96,0.0364499044274221,2.530602429631601,0.1014089137760891,0.2774106683932826,0.0001515604476492,2,256,1,2,1.8191169997369178e-07,0.1277524085909438,0.1399793974046285,7.0,0.1383497690258082,0.2729671934456934,0.7375070441359033,,,,,,,15,1.086792790733142,COMPLETE,,,12,15,7,0.4666666666666667,4.678320623276522,3.3357261191719325
linear,12,0.1123725025759389,2026-08-01 19:17:25.165616,2026-08-01 19:18:51.317761,0 days 00:01:26.152145,4,96,0.091157483833888,4.97052287248824,0.1009690860951161,0.2772958730641194,5.8286211886394034e-05,2,512,1,2,1.977623351890726e-06,,,,,,,0.0884501138847554,0.1123725025759389,6.0,0.1163224821677431,0.4015620815538106,1.0301719325905043,6,,PRUNED,,,13,6,3,0.5,0.6286098510366938,0.6286098510366938
linear,13,1.6917135666770702,2026-08-01 19:18:51.432883,2026-08-01 19:21:27.769055,0 days 00:02:36.336172,4,96,0.2157844037548726,2.624053081624973,0.2390870121643563,0.2283400714479268,0.0003549350866282,3,512,1,1,4.832569040189338e-06,0.1191049292916432,0.1330235506097475,6.0,0.1311167308439811,0.6419337170193016,1.202876325386266,,,,,,,14,1.6917135666770702,COMPLETE,,,14,14,6,0.42857142857142855,1.130723771488758,1.152068186099686
linear,14,2.6656796380758316,2026-08-01 19:21:27.884849,2026-08-01 19:24:49.117443,0 days 00:03:21.232594,4,96,0.2239716106825806,2.628540329554151,0.2536725419006651,0.3394620029027563,0.0003929873641572,3,512,1,2,2.5627063464217123e-06,0.1378165396648304,0.1396911019420561,6.0,0.1313398201649155,0.503312404239772,2.063836794750144,,,,,,,14,2.6656796380758316,COMPLETE,,,15,14,1,0.07142857142857142,3.7145143603358144,2.839281824859883
linear,15,1.3727228629958983,2026-08-01 19:24:49.233940,2026-08-01 19:30:09.849132,0 days 00:05:20.615192,4,128,0.2296208467224287,1.430210459235913,0.2533580059496454,0.3571389722362221,0.0004482658994757,3,512,1,2,8.946370871781809e-07,0.1037892969247574,0.1133952924360831,12.0,0.1090988290806611,0.759582698966066,1.1575622541209063,,,,,,,20,1.3727228629958983,COMPLETE,,,16,20,12,0.6,3.9920154677226307,1.7879565345697614
linear,16,0.6005213985930039,2026-08-01 19:30:09.964386,2026-08-01 19:35:20.171907,0 days 00:05:10.207521,4,96,0.1570284285988875,0.2061523832992257,0.3105361688589638,0.3366650520350873,0.0003214501092487,3,512,1,3,1.0142933036424776e-05,0.1286520447417084,0.1110232862333456,13.0,0.1081688430470724,1.4489904631461417,0.9586007606703788,,,,,,,21,0.6005213985930039,COMPLETE,,,17,21,13,0.6190476190476191,0.0994983104959366,0.07126162544898093
linear,17,0.9493658513275022,2026-08-01 19:35:20.287271,2026-08-01 19:40:35.678837,0 days 00:05:15.391566,4,96,0.3946480314267764,1.8736780587391368,0.3937110720282828,0.3939793387783959,0.0008142154235645,3,512,1,2,7.064396401262324e-07,0.1304755677701905,0.0569702660432085,20.0,0.0222631952123871,1.630566322614276,1.8329814876119297,,,,,,,28,0.9493658513275022,COMPLETE,,,18,28,20,0.7142857142857143,0.4016375897777458,0.5676020709210647
linear,18,-0.0510660208955717,2026-08-01 19:40:35.794845,2026-08-01 19:42:11.305506,0 days 00:01:35.510661,2,128,0.2743075078170071,3.0461592047853876,0.1973929626099173,0.2899476527333934,0.0011899866064729,3,512,1,3,1.4905317297642976e-05,,,,,,,0.1215829743964908,-0.0510660208955717,6.0,-0.0591846280382014,1.4927074544959598,1.763150081783533,6,,PRUNED,,,19,6,1,0.16666666666666666,0.2704426272875733,0.2704426272875733
linear,19,1.5819081469128395,2026-08-01 19:42:11.420479,2026-08-01 19:46:35.539415,0 days 00:04:24.118936,4,64,0.199012371351461,1.8539747675744616,0.2591931215440017,0.2442578096512015,0.0002498277989557,2,512,1,2,4.641106529039642e-07,0.1340544215985573,0.1243074774509295,13.0,0.1203210101191264,0.4012397053736513,1.2235569756788511,,,,,,,21,1.5819081469128395,COMPLETE,,,20,21,2,0.09523809523809523,3.3212548275561797,3.889593199743466
linear,20,1.532264228911645,2026-08-01 19:46:35.653264,2026-08-01 19:50:57.337018,0 days 00:04:21.683754,4,96,0.1173432914775693,0.9274295370632112,0.4175535284640029,0.3790256263950811,0.000104919141192,3,128,1,3,0.000591410148425,0.1306492324996118,0.1351444649781721,7.0,0.1315624532600244,0.5489054323979727,1.3499919056271514,,,,,,,15,1.532264228911645,COMPLETE,,,21,15,3,0.2,1.5496547655489792,1.6432624948945849
linear,21,2.631601488538307,2026-08-01 19:50:57.452882,2026-08-01 19:53:33.446690,0 days 00:02:35.993808,4,96,0.2186084110608352,2.629257897199259,0.2993836520585199,0.2271185770598966,0.0003836271957052,3,512,1,1,3.852789320899467e-06,0.1239819945216974,0.1422411121233987,6.0,0.1435327312055354,0.7804823393031718,1.1985217849413554,,,,,,,14,2.631601488538307,COMPLETE,,,22,14,1,0.07142857142857142,1.441265375010987,1.2591377273217341
linear,22,1.3885112541098883,2026-08-01 19:53:33.562489,2026-08-01 19:56:09.540064,0 days 00:02:35.977575,4,96,0.2364858032880685,3.0364804828879115,0.3113403287995647,0.3129091310315736,0.0005414559968898,3,512,1,1,1.6250399483315587e-06,0.1130484759924002,0.141606162833826,6.0,0.142094257423499,0.7355944653677325,1.425304398103617,,,,,,,14,1.3885112541098883,COMPLETE,,,23,14,1,0.07142857142857142,1.4410452527758602,1.8032028638063433
linear,23,1.0650499291276567,2026-08-01 19:56:09.655599,2026-08-01 20:01:25.650382,0 days 00:05:15.994783,4,96,0.1826900156810145,4.270352390654262,0.3366329265497125,0.1874472601967957,0.0002957036416651,3,512,1,2,9.149870435493008e-06,0.1076663376763463,0.1292377938943294,14.0,0.1293638555449433,0.3808954810864099,0.7488671212767561,,,,,,,22,1.0650499291276567,COMPLETE,,,24,22,14,0.6363636363636364,0.5742309015011415,1.0786737367869095
linear,24,1.897797248802867,2026-08-01 20:01:25.765664,2026-08-01 20:05:08.419762,0 days 00:03:42.654098,4,96,0.3062206882651924,3.0411817072817926,0.2109869669928413,0.2657100701901936,0.0004327747182253,3,512,1,1,4.984607637789234e-07,0.1189756470538365,0.1371684538336315,12.0,0.1354996528088425,0.3373371071971228,1.176447250197331,,,,,,,20,1.897797248802867,COMPLETE,,,25,20,1,0.05,1.8625901362330226,2.1667978097629246
linear,25,1.641244474385128,2026-08-01 20:05:08.534072,2026-08-01 20:09:13.206493,0 days 00:04:04.672421,4,96,0.3083448987920685,3.0735443804041926,0.2866927559753235,0.249372383555943,0.0004920996530334,3,512,1,1,2.3658601321117042e-07,0.1277793473641698,0.1437347026153778,14.0,0.1456972822857399,0.445827805565574,0.8006344709234933,,,,,,,22,1.641244474385128,COMPLETE,,,26,22,14,0.6363636363636364,1.3499353082954055,1.1066605151684528
linear,26,0.1279371095239184,2026-08-01 20:09:13.319816,2026-08-01 20:10:20.186321,0 days 00:01:06.866505,2,96,0.270441774733512,2.560025683698665,0.2102968820837381,0.1450544308377174,0.0010569458758288,3,512,1,1,3.9012272597535636e-07,,,,,,,0.1148513462472086,0.1279371095239184,6.0,0.1229667492953012,0.6167033786057599,1.7315603269884985,6,,PRUNED,,,27,6,3,0.5,1.1148569483827386,1.1148569483827386
linear,27,1.5997303121430235,2026-08-01 20:10:20.298866,2026-08-01 20:12:55.604425,0 days 00:02:35.305559,4,96,0.3327379154949262,3.389052215689005,0.2686564000341465,0.257926793928786,0.0001276078037292,2,512,1,1,4.015571455324205e-06,0.1194863982964307,0.1388260693211729,6.0,0.1406990560353733,0.5775751926315328,1.3399953951438268,,,,,,,14,1.5997303121430235,COMPLETE,,,28,14,3,0.21428571428571427,1.1981523436375907,1.5525085695187695
linear,28,0.135283250187058,2026-08-01 20:12:55.716162,2026-08-01 20:13:52.027777,0 days 00:00:56.311615,4,64,0.3133255330501579,2.173302141424059,0.2229531066660075,0.2077979323602661,0.0002368903054308,3,128,1,1,2.1341962045428355e-05,,,,,,,0.1145527467054004,0.135283250187058,6.0,0.1389907236346819,0.5231743926766314,1.3146053590501348,6,,PRUNED,,,29,6,3,0.5,0.7914309663735034,0.7914309663735034
linear,29,1.215523253306657,2026-08-01 20:13:52.137938,2026-08-01 20:18:29.006164,0 days 00:04:36.868226,2,128,0.3606144524706218,2.2140288850225183,0.1679645345713707,0.3405281510281335,0.0004161180361132,3,512,4,1,2.616093140694141e-06,0.1157435070673576,0.1378583036828786,9.0,0.136687005807956,0.4062368491172997,0.9667815462996562,,,,,,,17,1.215523253306657,COMPLETE,,,30,17,2,0.11764705882352941,1.3629352081993906,1.2326416362642905
linear,30,0.1317460612393915,2026-08-01 20:18:29.118766,2026-08-01 20:21:01.437640,0 days 00:02:32.318874,4,96,0.2469084209248965,2.775228495537852,0.323195246997055,0.154380546423744,0.0001835282151008,2,128,2,2,6.5314588182497896e-06,,,,,,,0.1273193737103914,0.1317460612393915,9.0,0.1206724160270823,0.3940330490189057,0.6861590989554922,9,,PRUNED,,,31,9,8,0.8888888888888888,0.29212604993658653,0.20465009104347762
linear,31,1.3718970369106231,2026-08-01 20:21:01.551273,2026-08-01 20:27:45.718260,0 days 00:06:44.166987,4,96,0.2016836556180236,1.8859316540901032,0.1902385486334383,0.2952643257896326,0.0006933058248769,3,512,1,2,1.2455133941530392e-06,0.1273015149248143,0.1350796102856596,22.0,0.1324252690033366,0.5377272033800269,1.2408558542529742,,,,,,,30,1.3718970369106231,COMPLETE,,,32,30,1,0.03333333333333333,4.259714876158932,4.168741621086517
linear,32,1.4637903188500851,2026-08-01 20:27:45.828339,2026-08-01 20:31:28.093970,0 days 00:03:42.265631,4,96,0.1737754660033221,3.391628610281437,0.2744158247354266,0.3162401593127698,0.0002965009483775,3,512,1,1,3.8955878443575524e-07,0.1172361194599943,0.1244214645742128,12.0,0.1224191351017604,0.2292872844705954,1.5974452217419943,,,,,,,20,1.4637903188500851,COMPLETE,,,33,20,1,0.05,1.8279523495156025,1.771991735088994
linear,33,0.1292058090887925,2026-08-01 20:31:28.203738,2026-08-01 20:32:54.506785,0 days 00:01:26.303047,4,96,0.121520501315903,0.1284547895675698,0.1393877051886629,0.3555994542085938,0.0004274460531267,3,512,1,2,7.877341679329005e-07,,,,,,,0.1147084206575527,0.1292058090887925,6.0,0.1275152158224955,0.8027109296360452,6.907413318411757,6,,PRUNED,,,34,6,1,0.16666666666666666,6.104702388775713,6.104702388775713
linear,34,1.9830945048003352,2026-08-01 20:32:54.615887,2026-08-01 20:39:01.150780,0 days 00:06:06.534893,4,96,0.2237149257803464,0.8672919064825928,0.1629228060958052,0.2742477866644586,0.0010207528052896,3,512,1,1,2.8832425219046144e-06,0.1209074249491095,0.1161361975440134,25.0,0.1107100247832325,0.5122606980705371,1.0063023339103288,,,,,,,33,1.9830945048003352,COMPLETE,,,35,33,1,0.030303030303030304,0.8792796251091956,0.8743094068332293
linear,35,1.105891022726249,2026-08-01 20:39:01.259085,2026-08-01 20:44:08.080712,0 days 00:05:06.821627,2,96,0.2600656598513794,1.6088908535840918,0.1761040267256715,0.2657088086605454,0.0010211812097003,3,256,4,1,2.1421145151241247e-05,0.1086708953371271,0.1368337618031849,13.0,0.136861431505531,0.6249215313444092,1.3697847257678708,,,,,,,21,1.105891022726249,COMPLETE,,,36,21,1,0.047619047619047616,1.7782184911169305,2.4527165438007983
linear,36,1.4607601354829438,2026-08-01 20:44:08.188906,2026-08-01 20:46:56.392296,0 days 00:02:48.203390,4,64,0.2949252383385037,2.2859654045378877,0.237023871260087,0.2070202731599122,0.001518518950158,3,512,2,1,4.05533691858735e-06,0.1295518337713777,0.1239006700304647,8.0,0.1223627867332349,0.8981306941788052,1.0596208794042468,,,,,,,16,1.4607601354829438,COMPLETE,,,37,16,2,0.125,-0.5340185628701299,0.08705308690282787
linear,37,-0.2001079583000332,2026-08-01 20:46:56.502848,2026-08-01 20:50:27.744029,0 days 00:03:31.241181,4,96,0.3601262797571992,3.7480866318587784,0.156390404141929,0.2385483009232836,0.0029879482863086,3,256,1,1,2.376762305901342e-06,0.0018696469429414,0.1083916227178027,11.0,0.1085631278343498,2.0119565744544308,1.0169655677552023,,,,,,,19,-0.2001079583000332,COMPLETE,,,38,19,1,0.05263157894736842,-0.1804408700811484,0.4810536162953616
linear,38,0.9329384703387484,2026-08-01 20:50:27.850419,2026-08-01 20:58:15.620232,0 days 00:07:47.769813,4,96,0.2104467144231471,0.9058249495982292,0.4491961812308312,0.4964726713867946,0.0005685563236168,3,128,4,1,1.1743184267702385e-07,0.1138317766541149,0.1183056071323032,24.0,0.1164486489258706,0.2922050954878195,1.809668242977932,,,,,,,32,0.9329384703387484,COMPLETE,,,39,32,1,0.03125,1.9089586913862842,1.802544551689195
linear,39,1.5005111041760275,2026-08-01 20:58:15.728850,2026-08-01 21:01:14.228263,0 days 00:02:58.499413,2,128,0.2405251817371622,4.283529683957822,0.2075896201300569,0.4584360616515397,0.0008468925964986,3,512,1,1,2.744169930682222e-07,0.1234636640651539,0.1463782502299485,6.0,0.1456639734562486,0.5235930204664964,2.3102421899636587,,,,,,,14,1.5005111041760275,COMPLETE,,,40,14,1,0.07142857142857142,4.724843558365394,2.9848530855902937
linear,40,1.102408935822647,2026-08-01 21:01:14.335302,2026-08-01 21:04:16.568820,0 days 00:03:02.233518,4,96,0.1705751050254483,2.863245708495694,0.127939830765405,0.1957207666443823,0.002224861272384,1,512,2,1,7.855596899747093e-06,0.1162286373825433,0.1372949830751167,7.0,0.1366657775749142,0.859990230083303,0.7633082896160582,,,,,,,15,1.102408935822647,COMPLETE,,,41,15,7,0.4666666666666667,0.6937405865384441,1.0119393070964462
linear,41,2.0086436913269874,2026-08-01 21:04:16.674780,2026-08-01 21:11:46.698697,0 days 00:07:30.023917,4,96,0.2258295163089959,0.6880549207857352,0.1238473413746503,0.3033077926597881,0.0002140920277641,3,512,1,3,1.2181984149359458e-06,0.1240023782476782,0.1402751691484202,18.0,0.139923104760237,0.3815706812530398,0.6311035713452535,,,,,,,26,2.0086436913269874,COMPLETE,,,42,26,18,0.6923076923076923,0.8851690996463211,0.7615645007176984
linear,42,1.5584823681824056,2026-08-01 21:11:46.807426,2026-08-01 21:16:44.345170,0 days 00:04:57.537744,4,96,0.2245533424914214,0.444727965052736,0.124069771392056,0.2772668197523322,0.0002402730711608,3,512,1,3,1.3786228158914809e-06,0.1425763769560338,0.0732879178103758,9.0,0.0602754553896375,0.7144015386870634,0.9740157521950702,,,,,,,17,1.5584823681824056,COMPLETE,,,43,17,9,0.5294117647058824,3.561477431431431,4.550364283997116
linear,43,0.8732404884337919,2026-08-01 21:16:44.454991,2026-08-01 21:22:06.658190,0 days 00:05:22.203199,4,96,0.1905074539211658,0.801014696554047,0.1585375377612767,0.3318963608631893,8.076611421193072e-05,3,512,1,1,5.192101808061844e-07,0.1204202011693269,0.147017278165246,21.0,0.1487525369671251,0.2432088799060217,0.8886684738720457,,,,,,,29,0.8732404884337919,COMPLETE,,,44,29,21,0.7241379310344828,2.017339098376027,1.5401118258829511
linear,44,1.008672474859464,2026-08-01 21:22:06.766652,2026-08-01 21:25:41.690585,0 days 00:03:34.923933,4,96,0.2614448056296907,1.099674190002056,0.3421184376348629,0.2241803736339046,0.0001401534175324,3,512,1,2,2.542340087617179e-06,0.1238333491142839,0.134851061203517,7.0,0.1302088357352962,0.407856173947313,1.2148924092451732,,,,,,,15,1.008672474859464,COMPLETE,,,45,15,2,0.13333333333333333,1.8359991154351665,1.652415727967644
linear,45,0.1304602253056752,2026-08-01 21:25:41.798720,2026-08-01 21:27:26.735433,0 days 00:01:44.936713,4,96,0.2929686506870375,1.6507838764032323,0.2883903754097648,0.295948118924012,0.0003665040475179,3,256,1,3,1.0324955313689318e-06,,,,,,,0.1314867698434682,0.1304602253056752,6.0,0.1265015397104434,1.1298752856876937,2.5686087001115085,6,,PRUNED,,,46,6,3,0.5,1.4387334144238149,1.4387334144238149
linear,46,1.5816292659333813,2026-08-01 21:27:26.842201,2026-08-01 21:31:42.090163,0 days 00:04:15.247962,4,64,0.1312080351809022,0.4700976755737965,0.2155965065670392,0.4144218805223292,0.0002065517723942,3,512,4,1,0.0001110556092814,0.1279182573615495,0.1403521131413678,12.0,0.1379640907563346,0.3719974797947096,1.0207102271417776,,,,,,,20,1.5816292659333813,COMPLETE,,,47,20,3,0.15,3.103126368830826,2.7109108572174003
linear,47,1.4229073853650347,2026-08-01 21:31:42.199824,2026-08-01 21:34:25.414543,0 days 00:02:43.214719,4,96,0.2524772598418316,2.3879012697783972,0.1834343236358748,0.3623977001337976,0.0013899811999755,3,512,1,2,0.0098329159719761,0.0992353290009002,0.0051657442896006,6.0,0.0045707112488647,1.747716116194155,1.4686318969974914,,,,,,,14,1.4229073853650347,COMPLETE,,,48,14,4,0.2857142857142857,0.18009067460421546,0.17295894336605833
linear,48,0.1266042459756136,2026-08-01 21:34:25.522110,2026-08-01 21:35:30.604553,0 days 00:01:05.082443,4,96,0.3307227513597809,3.5625045844291474,0.1159330398000255,0.2678517678142935,0.0006524718940048,2,512,1,1,4.447616527390026e-06,,,,,,,0.1233577334166814,0.1266042459756136,6.0,0.1220298814276854,0.4251327336810174,3.152450218734642,6,,PRUNED,,,49,6,4,0.6666666666666666,2.7273174850536246,2.7273174850536246
linear,49,2.2984086093003775,2026-08-01 21:35:30.711016,2026-08-01 21:40:03.430892,0 days 00:04:32.719876,4,128,0.2196153790757515,3.18763981951012,0.1429878669897761,0.2341144577889475,0.0002720910013818,3,256,2,2,1.7639807934646904e-05,0.1345548863445098,0.1199901271805477,7.0,0.1176828834810294,0.449046129722976,0.7075674523909886,,,,,,,15,2.2984086093003775,COMPLETE,,,50,15,7,0.4666666666666667,5.481559003632708,4.22042999751531
per_feature,0,1.1263716134156403,2026-08-01 21:40:03.741554,2026-08-01 21:47:41.924501,0 days 00:07:38.182947,2,96,0.070837862931119,2.2165305913463675,0.1727299868828402,0.1733618039413735,0.0002029805805242,1,128,2,3,4.205156450913872e-05,0.1175444103622188,0.1219973734036708,13.0,0.1142988170894871,0.2801075997385418,0.6275630449255307,,,,,,,21,1.1263716134156403,COMPLETE,,,1,21,13,0.6190476190476191,1.1336688136929527,0.851366062195018
per_feature,1,0.5134513023680514,2026-08-01 21:47:42.037984,2026-08-01 21:51:46.513382,0 days 00:04:04.475398,4,96,0.187867293844644,0.578593358631281,0.4795542149013333,0.4862528132298237,0.0020690200562805,3,128,2,1,3.334792728637585e-06,0.0998438608987877,0.1048016665813823,11.0,0.117941829500099,2.0114353321241363,1.4875093235323826,,,,,,,19,0.5134513023680514,COMPLETE,,,2,19,11,0.5789473684210527,16.645176069183083,11.946160381962176
per_feature,2,1.6718830390434138,2026-08-01 21:51:46.620623,2026-08-01 21:56:25.152053,0 days 00:04:38.531430,2,64,0.364634956810725,0.5336132600544056,0.4757995766256756,0.4579309401710595,0.000784819819433,1,256,4,2,0.0040679084943595,0.1222202387308546,0.1288280109409242,8.0,0.128156348845611,1.005648441594242,1.4447036835054556,,,,,,,16,1.6718830390434138,COMPLETE,,,3,16,8,0.5,-0.07980327003724152,-0.08114958736428335
per_feature,3,0.9901176331725384,2026-08-01 21:56:25.267273,2026-08-01 22:00:58.279924,0 days 00:04:33.012651,2,128,0.3332076285692524,3.6721351234008384,0.1794862726136689,0.1022088468494409,0.0021374347276476,2,256,4,1,0.000342205290327,0.1121507845702581,0.0321042110639003,8.0,0.0217498031265373,1.9907223873971296,0.9921926769117514,,,,,,,16,0.9901176331725384,COMPLETE,,,4,16,1,0.0625,0.7331498250616568,0.7034212231011471
per_feature,4,2.118903861944174,2026-08-01 22:00:58.389416,2026-08-01 22:07:41.079530,0 days 00:06:42.690114,4,64,0.2530862694627476,3.877739181777349,0.1478376983753206,0.385297914889198,0.0016616521031133,1,256,4,1,6.403036652671171e-05,0.1183108163299039,0.1275897729501593,23.0,0.1240322278734917,0.1552569719113683,1.0075499122962357,,,,,,,31,2.118903861944174,COMPLETE,,,5,31,1,0.03225806451612903,1.084284215600374,0.9784024171866951
per_feature,5,0.921196469664817,2026-08-01 22:07:41.192485,2026-08-01 22:12:10.564277,0 days 00:04:29.371792,4,96,0.0222573824178263,4.059789859865643,0.1307919639315172,0.2159005811655072,0.0001050539965505,2,256,2,1,0.0044513143156492,0.1085959490931903,0.1385567469522357,13.0,0.1406204196192751,0.2747466481967075,0.7209977359355738,,,,,,,21,0.921196469664817,COMPLETE,,,6,21,13,0.6190476190476191,0.8776994391301065,0.8318406738241577
per_feature,6,0.6158756654331904,2026-08-01 22:12:10.674177,2026-08-01 22:16:00.177546,0 days 00:03:49.503369,4,96,0.2203434743471038,0.6873402999350458,0.1027808522124762,0.3042989210310263,0.0003418157032511,3,512,1,3,1.2898495377182652e-06,0.1206112374541893,0.1317133158755799,7.0,0.1299085963362207,0.8248414705241365,0.8946959054718415,,,,,,,15,0.6158756654331904,COMPLETE,,,7,15,2,0.13333333333333333,0.42899635707116923,0.35951019043876514
per_feature,7,1.81337596114208,2026-08-01 22:16:00.287132,2026-08-01 22:24:48.246720,0 days 00:08:47.959588,4,96,0.1518155449279246,1.273853264268165,0.3010716092915446,0.1205915004999957,0.0001804109663681,3,512,2,3,0.0034779988160923,0.1157315932136649,0.1196053752986093,16.0,0.1131785382827123,0.3439683753194191,0.8719045730734555,,,,,,,24,1.81337596114208,COMPLETE,,,8,24,16,0.6666666666666666,1.555968264098989,1.2379078067228888
per_feature,8,2.361059864827468,2026-08-01 22:24:48.358296,2026-08-01 22:37:11.927378,0 days 00:12:23.569082,4,128,0.3070316499781998,3.420065373027184,0.2283120259886943,0.1746074041599417,6.032818887189472e-05,1,512,4,3,9.004606022643073e-05,0.1217121723961705,0.128859906810491,15.0,0.124135871734082,0.2624669986969185,0.7631164349615573,,,,,,,23,2.361059864827468,COMPLETE,,,9,23,15,0.6521739130434783,0.7228114385839685,0.7963375802767982
per_feature,9,0.9355906612614204,2026-08-01 22:37:12.041831,2026-08-01 22:41:34.625031,0 days 00:04:22.583200,2,96,0.2794657178599617,1.2850762254122134,0.3639936184136716,0.4268888800804863,0.0006447207196537,2,128,2,3,4.448902538066175e-05,0.1282487029364953,0.0846319801833791,6.0,0.0817454731790348,1.2447097110416507,1.3998278516034286,,,,,,,14,0.9355906612614204,COMPLETE,,,10,14,1,0.07142857142857142,-0.8734265960812095,-0.6268336423657952
per_feature,10,1.571686974099711,2026-08-01 22:41:34.735768,2026-08-01 22:45:30.743803,0 days 00:03:56.008035,4,128,0.1200067756402865,2.8186011753797344,0.2679663523136079,0.2978577205688217,5.291665012272583e-05,2,512,1,2,1.3880063586918476e-07,0.0990837064319445,0.1296243336206922,6.0,0.1324702087944994,0.6158061731044971,1.495849609126647,,,,,,,14,1.571686974099711,COMPLETE,,,11,14,3,0.21428571428571427,1.3463274770994702,1.387766085730135
per_feature,11,-0.0583308520086575,2026-08-01 22:45:30.853115,2026-08-01 22:46:56.125779,0 days 00:01:25.272664,4,64,0.267540798449118,4.514192795597116,0.2396438774534604,0.3612012640576854,0.0049562287303173,1,256,4,2,0.0001110118441173,,,,,,,0.0974830807070247,-0.0583308520086575,6.0,-0.0590839764821187,1.5010356434753962,2.4233789569387834,6,,PRUNED,,,12,6,1,0.16666666666666666,0.9223433134633872,0.9223433134633872
per_feature,12,0.3595905756631407,2026-08-01 22:46:56.237062,2026-08-01 22:52:45.289397,0 days 00:05:49.052335,4,128,0.300052355940038,3.2589010578136195,0.2068735444869965,0.240274177056454,0.0008998272819797,1,512,4,2,8.411731981586607e-06,0.1064820200825731,0.0521898756933903,10.0,0.0515825019683688,1.3088171884181008,1.475007352977991,,,,,,,18,0.3595905756631407,COMPLETE,,,13,18,3,0.16666666666666666,0.2855806621767225,0.40490506035127927
per_feature,13,2.112669500649542,2026-08-01 22:52:45.401235,2026-08-01 22:56:00.764399,0 days 00:03:15.363164,4,64,0.3952197938369332,4.8494222750387195,0.3402906757068734,0.3896251144197835,5.813280401294272e-05,1,512,4,1,0.0007109774693625,0.0854349767866854,0.131498893975125,7.0,0.1314724839602907,1.0238281850008264,0.9736553616821766,,,,,,,15,2.112669500649542,COMPLETE,,,14,15,7,0.4666666666666667,0.6779321332373435,0.6709910071528857
per_feature,14,0.0725337412363539,2026-08-01 22:56:00.874658,2026-08-01 22:57:56.981675,0 days 00:01:56.107017,4,128,0.2321391265999512,2.6208402849337986,0.1523655759660466,0.3215842730177681,0.0045526367908676,1,256,4,2,1.014191087908746e-05,,,,,,,0.113878343355221,0.0725337412363539,6.0,0.0710735347121954,1.519073769686714,2.0266455749670667,6,,PRUNED,,,15,6,1,0.16666666666666666,0.5075718052803526,0.5075718052803526
per_feature,15,0.2138675127520932,2026-08-01 22:57:57.093202,2026-08-01 23:02:59.347792,0 days 00:05:02.254590,4,64,0.3216780046646892,4.002745575816315,0.228233280516222,0.2509376605388809,0.0003896942128477,1,512,4,3,0.0004518279057332,0.1232122553434843,0.0281857234270622,6.0,0.0226927117134134,0.9090510856153236,1.153069606423378,,,,,,,14,0.2138675127520932,COMPLETE,,,16,14,1,0.07142857142857142,-0.022419614474924687,0.019346118186201428
per_feature,16,2.312083301144004,2026-08-01 23:02:59.459167,2026-08-01 23:08:25.885324,0 days 00:05:26.426157,4,64,0.2419656904472344,3.399398852806732,0.2872099719005654,0.1657586950439942,0.0019677308984956,2,256,4,1,8.164533548649601e-05,0.105011179340848,0.1324300504716423,17.0,0.1319394017104059,0.4621188913800916,0.9687361154705286,,,,,,,25,2.312083301144004,COMPLETE,,,17,25,1,0.04,0.9448306416656584,1.0077334445895672
per_feature,17,1.7585171317948374,2026-08-01 23:08:25.995861,2026-08-01 23:12:55.261434,0 days 00:04:29.265573,4,128,0.1840655832955141,2.0484880944997372,0.3911161614903348,0.1710173858416149,0.0001144369638001,2,256,1,2,0.0001997872849424,0.1181162064395418,0.1286841224035015,8.0,0.1220211013967249,0.3728528448698362,1.1625734359336397,,,,,,,16,1.7585171317948374,COMPLETE,,,18,16,2,0.125,1.182395457784139,1.0824796482306926
per_feature,18,0.6026560003743393,2026-08-01 23:12:55.370264,2026-08-01 23:18:58.980725,0 days 00:06:03.610461,2,128,0.3488733801235488,3.121570231564589,0.296654531802883,0.1645251411952947,0.0014394508654573,2,512,4,2,0.0011272404540266,0.1090421399528471,-0.0020835885467628,12.0,-0.0308378185378387,1.5113203615423232,1.4106954683860142,,,,,,,20,0.6026560003743393,COMPLETE,,,19,20,1,0.05,4.149508909715546,4.194057733066794
per_feature,19,1.409554124566648,2026-08-01 23:18:59.091073,2026-08-01 23:22:28.737342,0 days 00:03:29.646269,4,64,0.3996155614839165,3.373610994814932,0.4340522263739562,0.1990483485737279,0.0004647502360312,3,128,4,1,1.63028745390428e-05,0.1175183587785189,0.1486739362687027,8.0,0.1511098880975623,0.5951827562244106,1.0883754942566155,,,,,,,16,1.409554124566648,COMPLETE,,,20,16,4,0.25,0.8085117831197937,0.7684884381705955
per_feature,20,0.1976720436448678,2026-08-01 23:22:28.849346,2026-08-01 23:26:56.646339,0 days 00:04:27.796993,4,128,0.2074059790308903,2.267271433157844,0.3048979614363927,0.1386584737871996,0.002980355180205,2,512,1,3,3.287930017387955e-07,0.1071439225847522,0.0928313464974053,10.0,-0.0965464019255402,1.554081704881456,1.956442234665155,,,,,,,18,0.1976720436448678,COMPLETE,,,21,18,1,0.05555555555555555,1.1037000181419507,1.4693999056674778
per_feature,21,0.8690732450808218,2026-08-01 23:26:56.758536,2026-08-01 23:32:35.132881,0 days 00:05:38.374345,4,64,0.2482986379342493,4.109445793799184,0.2034458978421973,0.2802308103509502,0.0012912070891789,1,256,4,1,0.0001091242807106,0.1084594562882557,0.1279994400950575,18.0,0.1249986945234316,0.2990519243573385,1.101917670480907,,,,,,,26,0.8690732450808218,COMPLETE,,,22,26,1,0.038461538461538464,1.652230128496197,1.4669440384122179
per_feature,22,1.6030873672382802,2026-08-01 23:32:35.245121,2026-08-01 23:36:16.546361,0 days 00:03:41.301240,4,64,0.2933341055689292,3.692589876260655,0.2578563750237425,0.3815313000417623,0.0013461825248977,1,256,4,1,3.822478992468685e-05,0.1164700416848063,0.1346284882703912,9.0,0.1436338737684612,0.4888368875900697,0.7517626484235128,,,,,,,17,1.6030873672382802,COMPLETE,,,23,17,9,0.5294117647058824,1.0058505540259097,0.923469963119807
per_feature,23,0.0990601739283495,2026-08-01 23:36:16.658195,2026-08-01 23:37:47.842813,0 days 00:01:31.184618,4,64,0.2598967561327595,4.571486463103936,0.105894993322807,0.2279474775558278,0.0029775322904455,1,256,4,1,9.145543463510712e-05,,,,,,,0.092245898139663,0.0990601739283495,7.0,0.0987177512084599,0.9206706435324454,1.4056785728782415,7,,PRUNED,,,24,7,2,0.2857142857142857,0.48500792934579606,0.48500792934579606
per_feature,24,1.4372068275012158,2026-08-01 23:37:47.954121,2026-08-01 23:41:30.161903,0 days 00:03:42.207782,4,64,0.1591488516783963,2.8312702138837396,0.2017882423461943,0.2679614607214987,0.0002396153439696,2,256,4,1,0.0015819482810144,0.1172107684154373,0.1306001025872926,9.0,0.1278754516834548,0.2608240617712634,0.8902141761034728,,,,,,,17,1.4372068275012158,COMPLETE,,,25,17,2,0.11764705882352941,0.894181811464544,0.92203475907572
per_feature,25,1.0924218691038388,2026-08-01 23:41:30.273682,2026-08-01 23:46:40.367004,0 days 00:05:10.093322,4,64,0.3083448987920685,3.6706394912511655,0.1460717280103141,0.3462913670059052,8.403951015102314e-05,1,256,4,2,3.0280649555610005e-05,0.0888528696600891,0.1436371173437995,7.0,0.1441899958997964,0.649073428725676,1.1544283080846072,,,,,,,15,1.0924218691038388,COMPLETE,,,26,15,3,0.2,2.2627307586297984,2.0303237300499206
per_feature,26,0.0785490284751479,2026-08-01 23:46:40.479037,2026-08-01 23:48:11.901143,0 days 00:01:31.422106,2,64,0.2428349559921844,4.313027258387183,0.2691501157326835,0.1917131003589078,0.0021037796705311,2,256,4,1,4.584015426453452e-06,,,,,,,0.1226886718495128,0.0785490284751479,7.0,0.0693222825328121,1.08777080052754,1.0724797093619902,7,,PRUNED,,,27,7,1,0.14285714285714285,-0.01529109116554972,-0.01529109116554972
per_feature,27,-0.0802753485855646,2026-08-01 23:48:12.012395,2026-08-01 23:50:34.458417,0 days 00:02:22.446022,4,128,0.3579267796622957,3.537172567258667,0.2295810959509125,0.1388036433052454,0.0010592322319136,1,256,4,2,0.0002672989735281,,,,,,,0.1156441076270615,-0.0802753485855646,6.0,-0.086760710629945,1.2569845789186065,1.5488813389092684,6,,PRUNED,,,28,6,3,0.5,0.2918967599906619,0.2918967599906619
per_feature,28,1.3054785571397802,2026-08-01 23:50:34.570010,2026-08-01 23:53:19.139664,0 days 00:02:44.569654,4,64,0.1192234593371686,3.047417755392566,0.3426746976251676,0.4174270293906127,0.0005139629356969,2,128,1,1,1.6845927669735474e-06,0.1233579119783826,0.1419930216429444,9.0,0.141727533924859,0.2830108288113797,1.5293223009755217,,,,,,,17,1.3054785571397802,COMPLETE,,,29,17,1,0.058823529411764705,2.2323965566909116,1.8578601971353654
per_feature,29,0.091364212326395,2026-08-01 23:53:19.251541,2026-08-01 23:58:10.917177,0 days 00:04:51.665636,2,128,0.2029909626990318,4.997254788072742,0.1889521383982248,0.1468072290711504,0.0002151323083321,1,512,4,3,4.798729425331961e-05,,,,,,,0.1111061812528835,0.091364212326395,9.0,0.0893451526450614,0.3197450143957717,0.9526868548244238,9,,PRUNED,,,30,9,1,0.1111111111111111,0.6329418404286522,0.6157858176750043
per_feature,30,0.098822570980216,2026-08-01 23:58:11.029075,2026-08-01 23:59:23.576939,0 days 00:01:12.547864,4,64,0.2724008104398773,2.218883058432822,0.1608409857084189,0.4974952292119704,0.0032659672590036,3,128,2,2,0.0001260187067802,,,,,,,0.0947293578879907,0.098822570980216,6.0,0.0979641618207097,1.71652224707225,2.348577881231904,6,,PRUNED,,,31,6,1,0.16666666666666666,0.6320556341596539,0.6320556341596539
per_feature,31,0.1279700253081197,2026-08-01 23:59:23.688189,2026-08-02 00:00:55.084743,0 days 00:01:31.396554,4,64,0.3990808981696098,4.541441097965839,0.3343967345712377,0.4024491341306442,6.189583577457797e-05,1,512,4,1,0.0008126706789008,,,,,,,0.0834920309910861,0.1279700253081197,7.0,0.129062923664848,1.1294654398299162,1.1938097265859444,7,,PRUNED,,,32,7,5,0.7142857142857143,0.06434428675602821,0.06434428675602821
per_feature,32,2.2072703453889573,2026-08-02 00:00:55.198261,2026-08-02 00:03:57.783987,0 days 00:03:02.585726,4,64,0.3291577281159971,4.947972110634095,0.4005964691697199,0.4623707544667891,6.944795261581044e-05,1,512,4,1,0.0006371279800783,0.0841199954544815,0.1271604742350367,6.0,0.1289385852995716,1.206241224212424,1.0499209423859914,,,,,,,14,2.2072703453889573,COMPLETE,,,33,14,5,0.35714285714285715,1.0256171607257176,0.62199100616866
per_feature,33,0.127981796177725,2026-08-02 00:03:57.895948,2026-08-02 00:05:55.226882,0 days 00:01:57.330934,4,64,0.3200004816446984,3.893797358731278,0.3914453932678798,0.4570946357831766,0.0001442203688812,1,512,4,1,2.160615819094671e-05,,,,,,,0.1055640986887738,0.127981796177725,9.0,0.1227757892260948,0.7604015108580435,1.753546075398723,9,,PRUNED,,,34,9,3,0.3333333333333333,0.9931445645406796,1.573425480109983
per_feature,34,0.1222343212459236,2026-08-02 00:05:55.338272,2026-08-02 00:07:26.635067,0 days 00:01:31.296795,4,64,0.3389387505786879,4.303594171328627,0.4132998802312277,0.4618031454050333,6.771563708195209e-05,1,512,4,1,0.0024267655848833,,,,,,,0.0818228448876955,0.1222343212459236,7.0,0.1206663576109955,1.1621490940451622,1.327377726137638,7,,PRUNED,,,35,7,5,0.7142857142857143,0.16522863209247585,0.16522863209247585
per_feature,35,2.517893956857444,2026-08-02 00:07:26.746301,2026-08-02 00:10:29.192583,0 days 00:03:02.446282,2,64,0.364109065069631,2.6030371208833256,0.4587561937300606,0.1010756442928179,7.819892213624375e-05,1,256,4,1,0.0004570761563927,0.0869599026627838,0.1305949439837907,6.0,0.1320653473764347,0.9967194490341676,0.8138120668629806,,,,,,,14,2.517893956857444,COMPLETE,,,36,14,6,0.42857142857142855,0.5917611334568984,0.6496232887658553
per_feature,36,1.3137657204810742,2026-08-02 00:10:29.307555,2026-08-02 00:14:30.974970,0 days 00:04:01.667415,2,96,0.3752939176260157,1.9699813297976871,0.4896580410511539,0.1130023255127127,8.001896991990672e-05,1,512,4,1,0.0005103582032177,0.0930822191527113,0.1411486896608645,8.0,0.1449678208950596,0.6909052654952993,0.796868947148323,,,,,,,16,1.3137657204810742,COMPLETE,,,37,16,5,0.3125,0.3757166845184412,0.32433187673272595
per_feature,37,1.635393171286725,2026-08-02 00:14:31.085018,2026-08-02 00:18:48.146787,0 days 00:04:17.061769,2,64,0.3721026428119516,1.5894826406621347,0.4413133470015922,0.1004411718684576,0.0001078968353649,1,256,2,1,0.0096065375492012,0.1119890896137803,0.1322403497528284,16.0,0.1274469373126824,0.5356621006854795,0.7673048334817092,,,,,,,24,1.635393171286725,COMPLETE,,,38,24,16,0.6666666666666666,0.5032333405976672,0.49183141506100253
per_feature,38,1.076819634299237,2026-08-02 00:18:48.259101,2026-08-02 00:24:46.732487,0 days 00:05:58.473386,2,128,0.2914860987075749,2.5647730236311115,0.4491961812308314,0.1940539527442899,0.0002741391851149,2,128,4,1,0.0002342578533922,0.1193484135675438,0.1405698919998637,13.0,0.1377195817263176,0.3615248783654163,1.087648834163944,,,,,,,21,1.076819634299237,COMPLETE,,,39,21,2,0.09523809523809523,1.2009997049494396,1.1207667126219412
per_feature,39,1.2532949745417503,2026-08-02 00:24:46.843460,2026-08-02 00:28:19.593319,0 days 00:03:32.749859,2,96,0.3307648318244358,2.4468324028557897,0.4707100645565554,0.1546748021542606,0.0001596153116812,3,512,4,1,0.0016861153255392,0.1270761556263702,0.140761015129586,6.0,0.1357161772059044,0.7002575521889541,1.0251622756322225,,,,,,,14,1.2532949745417503,COMPLETE,,,40,14,3,0.21428571428571427,1.06759103341102,0.998756279128914
per_feature,40,1.2604153813320351,2026-08-02 00:28:19.703682,2026-08-02 00:32:57.276663,0 days 00:04:37.572981,2,64,0.0374364440919716,2.8390793538933528,0.4982795494001381,0.1220458663818338,7.989709784957267e-05,1,256,2,3,0.0070153809012292,0.1036797627775134,0.146990529296454,6.0,0.1471432906575501,0.8229837910464358,1.1721183178325494,,,,,,,14,1.2604153813320351,COMPLETE,,,41,14,3,0.21428571428571427,2.9691414265436977,2.4839029506993944
per_feature,41,0.1218875120083491,2026-08-02 00:32:57.388671,2026-08-02 00:35:33.559757,0 days 00:02:36.171086,4,64,0.2856917852410534,3.3768741422664545,0.1272840324371233,0.4382215148468592,0.0001362995773175,1,256,4,1,7.362098097156654e-05,,,,,,,0.0879069983881587,0.1218875120083491,12.0,0.1205620810699959,0.3730953476421298,1.5826734034965435,12,,PRUNED,,,42,12,4,0.3333333333333333,1.2095780558544136,1.2612507744458203
per_feature,42,1.5959293573412046,2026-08-02 00:35:33.671157,2026-08-02 00:40:19.904338,0 days 00:04:46.233181,2,64,0.3157431769239575,3.7860563518334978,0.4626192910941006,0.469719138703999,0.0017484461428301,1,256,4,1,0.0001745764711658,0.126120988636588,0.1512132150984446,14.0,0.1533803488981599,0.4680584939363013,1.4141060788184403,,,,,,,22,1.5959293573412046,COMPLETE,,,43,22,4,0.18181818181818182,6.586400469525209,4.753573355923132
per_feature,43,1.4366252812162956,2026-08-02 00:40:20.016250,2026-08-02 00:46:11.108575,0 days 00:05:51.092325,4,64,0.2270991283329562,3.0629507335136203,0.4134709680975452,0.2157093941960008,0.0001009475510669,1,256,4,1,5.682232010325841e-05,0.1236245094953725,0.14516583106985,19.0,0.142005857406184,0.3375021610464457,0.9910287374630572,,,,,,,27,1.4366252812162956,COMPLETE,,,44,27,4,0.14814814814814814,0.8072552830816084,0.8501331719934968
per_feature,44,2.4175523689243055,2026-08-02 00:46:11.220946,2026-08-02 00:48:54.810360,0 days 00:02:43.589414,4,96,0.2597002495539941,4.2198345209931665,0.3651945436833526,0.3435175160684083,5.332765411713472e-05,1,256,1,1,0.00040294486152,0.0937797692371532,0.1297117381958135,6.0,0.1362460809526965,0.9713588014156336,0.952621416002512,,,,,,,14,2.4175523689243055,COMPLETE,,,45,14,6,0.42857142857142855,0.7733330585417291,0.7747845562618402
per_feature,45,1.3662741944261425,2026-08-02 00:48:54.922579,2026-08-02 00:52:48.783228,0 days 00:03:53.860649,4,96,0.343606502915071,4.7588325861334715,0.3662683603931077,0.3330585773413767,5.505718266142976e-05,1,256,1,1,0.0003886388402309,0.1052480285948452,0.1421106107843419,12.0,0.1473237990653918,0.7304089714085594,0.94963146597147,,,,,,,20,1.3662741944261425,COMPLETE,,,46,20,12,0.6,0.6016636771216456,0.5565873994284665
per_feature,46,0.1340410859440453,2026-08-02 00:52:48.893217,2026-08-02 00:56:02.021895,0 days 00:03:13.128678,4,96,0.3748668757662984,4.142434058070715,0.3202912971414077,0.1279108375469743,5.114562163787744e-05,2,512,1,2,0.0009290822958058,,,,,,,0.1215276196599006,0.1340410859440453,13.0,0.1327076092828065,0.3746414536255456,0.7508563109984,13,,PRUNED,,,47,13,10,0.7692307692307693,0.3762148573728544,0.4075272910575329
per_feature,47,1.3548916273367324,2026-08-02 00:56:02.133734,2026-08-02 00:59:20.889581,0 days 00:03:18.755847,2,96,0.2735476884621332,4.379260771347433,0.3692615833191635,0.3022425535034253,9.469949341567488e-05,1,256,1,1,0.0004101860458529,0.0958632423930491,0.1430727369966916,9.0,0.1471139593903596,0.7433264117340542,0.9046057182053724,,,,,,,17,1.3548916273367324,COMPLETE,,,48,17,9,0.5294117647058824,0.6518592320057373,0.5302952329748742
per_feature,48,1.2548583854148538,2026-08-02 00:59:20.997423,2026-08-02 01:03:47.594968,0 days 00:04:26.597545,4,96,0.2573427467311304,4.76286366166712,0.2859432240352371,0.1847074230803266,7.087675054274612e-05,1,512,1,2,0.0001532278178406,0.0976722314294117,0.1244464157847687,10.0,0.124951361088703,0.6420292594869222,0.9970326693107684,,,,,,,18,1.2548583854148538,COMPLETE,,,49,18,10,0.5555555555555556,0.9624095124728417,1.0759782150255643
per_feature,49,1.154217911503493,2026-08-02 01:03:47.707103,2026-08-02 01:06:44.049502,0 days 00:02:56.342399,4,96,0.3033070115749195,0.7467187278123333,0.4206863372401692,0.3706515152519731,0.0001278406919869,2,256,1,1,0.0013960193260373,0.1195869628689251,0.1422398487416406,7.0,0.1453986262592176,0.8111282247940951,1.451206555776298,,,,,,,15,1.154217911503493,COMPLETE,,,50,15,3,0.2,1.8619607533054754,1.3315051049013775
ple,0,1.0635023646059183,2026-08-02 01:06:44.205160,2026-08-02 01:11:47.723110,0 days 00:05:03.517950,2,96,0.070837862931119,2.2165305913463675,0.1727299868828402,0.1733618039413735,0.0002029805805242,1,128,2,3,4.205156450913872e-05,0.1272783778530235,0.1437245375476777,7.0,0.1409088983976592,0.2751653300457826,0.8613078307360411,,,,,,,15,1.0635023646059183,COMPLETE,16.0,,1,15,2,0.13333333333333333,1.6860344739895525,1.4715181575095153
ple,1,1.867081108884898,2026-08-02 01:11:47.841007,2026-08-02 01:15:19.954450,0 days 00:03:32.113443,2,128,0.2105514309813085,0.6979873507394163,0.2218455076693483,0.1390688456025535,0.001167981751313,2,256,1,1,1.5876781526924002e-05,0.0947829959278654,0.1300818854559717,10.0,0.1346068298599372,0.4180474735397775,0.592419448805352,,,,,,,18,1.867081108884898,COMPLETE,32.0,,2,18,10,0.5555555555555556,0.5058603385050361,0.5360655929678904
ple,2,1.5107765578998416,2026-08-02 01:15:20.068627,2026-08-02 01:20:35.513361,0 days 00:05:15.444734,4,96,0.0820932376549555,4.1608137948444535,0.1180909155642152,0.2301321323053057,0.0002994501836127,3,128,1,3,2.273762810253687e-06,0.0990451875414388,0.1128840993808504,11.0,0.1095930851181037,0.1564245068949521,0.6370503840657572,,,,,,,19,1.5107765578998416,COMPLETE,32.0,,3,19,11,0.5789473684210527,1.0072195514234148,0.9370561391172703
ple,3,2.263908165269258,2026-08-02 01:20:35.623970,2026-08-02 01:27:17.462862,0 days 00:06:41.838892,2,96,0.0874991157983272,1.623813376406745,0.4452413703502375,0.3493192507310232,0.0002294912090747,1,256,4,3,2.078699690689777e-07,0.1369010210502892,0.1203844434736917,6.0,0.1183692269880945,0.7319116815333329,0.7662775874137878,,,,,,,14,2.263908165269258,COMPLETE,16.0,,4,14,6,0.42857142857142855,1.0790436040063107,0.9905321402740097
ple,4,0.6105338152054346,2026-08-02 01:27:17.579985,2026-08-02 01:29:20.211610,0 days 00:02:02.631625,4,64,0.2288981070521035,2.110876322874586,0.2257423924305306,0.3034282764658811,0.0032666526101138,3,512,1,2,1.763847954354689e-06,0.0932631147365706,0.1013592230000843,6.0,0.0969340201932937,1.6142589511379364,1.6105529372269909,,,,,,,14,0.6105338152054346,COMPLETE,8.0,,5,14,1,0.07142857142857142,12.627694671864193,10.260438029697688
ple,5,0.3747850505573685,2026-08-02 01:29:20.323718,2026-08-02 01:32:00.419347,0 days 00:02:40.095629,2,128,0.3498696301732099,0.1340654396028344,0.1911740650167767,0.2708431154505025,0.0021627162139822,3,128,1,1,0.0020121155449063,0.0279644055612152,0.1539055527585636,6.0,0.1528295217469955,1.3703589428822318,1.168511627862851,,,,,,,14,0.3747850505573685,COMPLETE,8.0,,6,14,1,0.07142857142857142,0.8698715201804939,0.09222613071245782
ple,6,1.7253327180770262,2026-08-02 01:32:00.532210,2026-08-02 01:44:14.361427,0 days 00:12:13.829217,4,128,0.2841773939691194,4.550502841236603,0.3438257335919588,0.3010716092915446,6.33763913490815e-05,2,128,1,3,2.4730467210999103e-06,0.1002199042636978,0.1332686171595317,33.0,0.1317710261966567,0.0856794966455218,0.8682282035549481,,,,,,,41,1.7253327180770262,COMPLETE,32.0,,7,41,33,0.8048780487804879,0.906086276349962,0.8616182081694956
ple,7,2.491451499340662,2026-08-02 01:44:14.475015,2026-08-02 01:48:08.735197,0 days 00:03:54.260182,2,64,0.2940043759586253,2.609255985666477,0.1163100566219055,0.3363571772752967,0.0011326578206974,2,128,1,2,1.2104285107995006e-07,0.1036787844030186,0.1088394751772284,13.0,0.1081728005316108,0.9694610660126994,0.6338437146196763,,,,,,,21,2.491451499340662,COMPLETE,16.0,,8,21,13,0.6190476190476191,-0.3286824625103719,-0.11383526854771416
ple,8,-0.3373029302258887,2026-08-02 01:48:08.852647,2026-08-02 01:53:56.215894,0 days 00:05:47.363247,4,128,0.0542546732838297,1.7612459761386334,0.1372411071223597,0.4588863031813307,0.003160866245072,3,128,4,3,0.0001463886097662,0.0313766541502748,0.040524433805452,12.0,0.1288512654641332,1.646608846055137,1.7793123393009107,,,,,,,20,-0.3373029302258887,COMPLETE,32.0,,9,20,3,0.15,0.2077988345501205,0.2268414478151807
ple,9,2.1491194686025703,2026-08-02 01:53:56.331189,2026-08-02 01:56:38.280803,0 days 00:02:41.949614,4,64,0.3604361335255609,1.6944585209804122,0.3607845038010402,0.1897077237842239,0.0013283987156443,2,512,2,1,1.5354845024150166e-06,0.1222601243838047,0.132956095606399,8.0,0.1259405322091576,0.6820781586413633,0.691322845313698,,,,,,,16,2.1491194686025703,COMPLETE,32.0,,10,16,8,0.5,0.43397875095561467,0.4796938316539574
ple,10,1.5263853573145116,2026-08-02 01:56:38.394098,2026-08-02 02:02:07.819667,0 days 00:05:29.425569,2,64,0.1635725708953445,3.5160639018664632,0.4785497429231524,0.4787847505560598,0.0005651374857238,1,256,2,2,0.0081434941243765,0.1059696018695831,0.1287849832481394,15.0,0.1226271564451356,0.4921938847318025,1.1499589428926509,,,,,,,23,1.5263853573145116,COMPLETE,16.0,,11,23,4,0.17391304347826086,1.481222807453476,1.3360433012408772
ple,11,1.7843084335221782,2026-08-02 02:02:07.933269,2026-08-02 02:08:48.681166,0 days 00:06:40.747897,2,96,0.1458131996240211,3.170820606499529,0.4826307194671494,0.3758146404482568,0.0001047956790378,1,256,4,2,1.3997019360806797e-07,0.132092411549335,0.1403549809862549,11.0,0.130787451727762,0.3091700486690988,1.12804141951104,,,,,,,19,1.7843084335221782,COMPLETE,16.0,,12,19,3,0.15789473684210525,1.30685530114378,1.3493271389920534
ple,12,0.1033726888087888,2026-08-02 02:08:48.794330,2026-08-02 02:15:42.455554,0 days 00:06:53.661224,2,64,0.2638961632369219,3.0824434604849698,0.3113153896707155,0.3752918047800798,0.0006052551691621,2,256,4,2,1.1633263858100056e-07,,,,,,,0.1026606260721261,0.1033726888087888,21.0,0.1032032991507245,0.1636570160159848,1.231118748957912,21,,PRUNED,16.0,,13,21,13,0.6190476190476191,1.0674617329419274,0.9347293727573505
ple,13,1.6272711994175475,2026-08-02 02:15:42.570950,2026-08-02 02:20:38.125005,0 days 00:04:55.554055,2,96,0.0241326983667599,1.235703410414467,0.4146511487079994,0.3573732851918237,0.0001959963004344,1,256,4,2,3.263362431260175e-07,0.1304500099349146,0.1419646406226093,6.0,0.1375767373945564,0.8197733979627845,1.0225872741391262,,,,,,,14,1.6272711994175475,COMPLETE,16.0,,14,14,5,0.35714285714285715,1.0746434380921226,1.0484832322705728
ple,14,0.0278052584268152,2026-08-02 02:20:38.238857,2026-08-02 02:22:51.350886,0 days 00:02:13.112029,2,96,0.1347503037027861,2.551509915100648,0.3000180432360617,0.4229128923780585,0.0005591210338541,2,512,4,3,4.901929059750519e-07,,,,,,,0.1173448295254881,0.0278052584268152,6.0,0.0261415280479316,1.4743367950653743,2.585364299515883,6,,PRUNED,16.0,,15,6,1,0.16666666666666666,1.1110275044505087,1.1110275044505087
ple,15,1.392809903101641,2026-08-02 02:22:51.464384,2026-08-02 02:26:15.210299,0 days 00:03:23.745915,2,64,0.3102661337194679,0.9883246818191916,0.4221379434389166,0.3382311320845754,0.0013305072005973,1,128,1,2,1.0029264190483224e-07,0.1043534429491652,0.1251146637213726,10.0,0.1219221189928551,0.5435620651696809,0.949146723250548,,,,,,,18,1.392809903101641,COMPLETE,16.0,,16,18,10,0.5555555555555556,0.7676589043485742,0.4766997851286313
ple,16,0.5910277443817165,2026-08-02 02:26:15.324414,2026-08-02 02:31:55.013348,0 days 00:05:39.688934,2,64,0.3851386145499033,2.5658966226376614,0.2640881690357239,0.4238507307977386,0.0003507803601753,2,256,4,3,5.76738530828759e-07,0.0864190571708604,0.0831468501787943,8.0,0.081220357841812,0.898932208727476,0.9553807243704796,,,,,,,16,0.5910277443817165,COMPLETE,16.0,,17,16,8,0.5,0.04918968610110719,0.10022000444772095
ple,17,1.5913895587050648,2026-08-02 02:31:55.129157,2026-08-02 02:35:02.305838,0 days 00:03:07.176681,2,96,0.1920128095963439,3.707836131144181,0.3866876305603673,0.249356533062061,0.0001060845371973,1,128,4,1,7.580597453393194e-06,0.1238870754061887,0.1514960694340213,6.0,0.1500994395464658,0.6438863336936467,0.7742429805919528,,,,,,,14,1.5913895587050648,COMPLETE,8.0,,18,14,5,0.35714285714285715,0.9600901126643524,0.9520224932582418
ple,18,-0.0384078958518027,2026-08-02 02:35:02.417767,2026-08-02 02:36:00.402339,0 days 00:00:57.984572,2,64,0.1151325158637753,4.98760215955677,0.438363077009676,0.3285478644959586,0.0044689294852913,2,256,1,2,7.638334562609738e-07,,,,,,,0.092360439361073,-0.0384078958518027,6.0,-0.0392267901760836,1.6774568439476074,1.8498825699090955,6,,PRUNED,16.0,,19,6,1,0.16666666666666666,0.17242572596148809,0.17242572596148809
ple,19,1.0305515832588334,2026-08-02 02:36:00.513691,2026-08-02 02:40:44.729082,0 days 00:04:44.215391,2,96,0.3216074740553379,1.387149480399332,0.1055741383208582,0.4040228988387485,5.5554436721517975e-05,1,512,2,3,6.8255508162742276e-06,0.1030011286997857,0.1322638007812202,6.0,0.1316998556256294,0.5346834929512133,1.3164010673761368,,,,,,,14,1.0305515832588334,COMPLETE,16.0,,20,14,2,0.14285714285714285,1.2812113893951942,1.3701176243997732
ple,20,0.351755403332005,2026-08-02 02:40:44.840960,2026-08-02 02:45:55.343215,0 days 00:05:10.502255,2,96,0.2501546536424539,0.399866053738537,0.2845676330240991,0.286901543445106,0.0009874671138619,2,256,4,2,2.884704141156687e-07,0.1129733230530594,0.0754489140080598,13.0,0.0749634065238448,1.3729800638698395,1.3087242690691103,,,,,,,21,0.351755403332005,COMPLETE,8.0,,21,21,3,0.14285714285714285,0.014740708170990935,-0.006637483213525553
ple,21,0.8686539542159467,2026-08-02 02:45:55.456957,2026-08-02 02:48:17.087046,0 days 00:02:21.630089,4,64,0.377784154330381,1.626296612376719,0.4946921638050808,0.2045449672231613,0.0018951062119629,2,512,2,1,1.3144216092742204e-06,0.0895044574722608,0.0603885889344383,6.0,0.0424673577149709,1.2394343924206046,1.1079162908097109,,,,,,,14,0.8686539542159467,COMPLETE,32.0,,22,14,1,0.07142857142857142,0.6743172811432965,0.7386872726320114
ple,22,1.549650703170665,2026-08-02 02:48:17.198509,2026-08-02 02:50:38.841723,0 days 00:02:21.643214,4,64,0.3444168352239966,1.8180454278320397,0.3553861766058687,0.1311160144187815,0.0008010007041538,2,512,2,1,2.5608501323303197e-07,0.1086991667592277,0.1354628020897507,6.0,0.1385922629230966,0.3941545822728787,0.6890359810398271,,,,,,,14,1.549650703170665,COMPLETE,32.0,,23,14,6,0.42857142857142855,0.5679106342775326,0.4868737605120433
ple,23,2.074237434076946,2026-08-02 02:50:38.953390,2026-08-02 02:53:21.513768,0 days 00:02:42.560378,4,64,0.2933753534951087,2.688534666430237,0.4503304846057264,0.1056289686621351,0.0017619986331332,3,512,2,1,4.826277595948558e-06,0.105721380522785,0.1247000106843188,8.0,0.1382668666259026,1.4990072072380118,0.7720352053331833,,,,,,,16,2.074237434076946,COMPLETE,32.0,,24,16,8,0.5,0.27602228359097514,0.12084179431147363
ple,24,0.794105252439058,2026-08-02 02:53:21.625293,2026-08-02 02:55:39.137884,0 days 00:02:17.512591,4,64,0.0114054109376166,2.0983643397381506,0.329361506698019,0.1983070319759914,0.0003869180698477,2,512,2,1,9.258787300332512e-07,0.1070412892062449,0.136713718304721,6.0,0.1367322075704578,0.4332116553208806,1.0977113267794871,,,,,,,14,0.794105252439058,COMPLETE,16.0,,25,14,5,0.35714285714285715,1.0504559299557485,1.054652472186394
ple,25,1.6017085277155627,2026-08-02 02:55:39.249258,2026-08-02 02:59:33.456788,0 days 00:03:54.207530,4,64,0.3459329652786568,1.0342557458606516,0.3820156836533668,0.4978968044765303,0.0001600889226782,1,512,2,2,0.0002700725209424,0.132275803546266,0.1355201303532036,8.0,0.1285815020014221,0.4425061991907627,1.3911032006144524,,,,,,,16,1.6017085277155627,COMPLETE,32.0,,26,16,2,0.125,1.3020933987787142,1.4028700258663789
ple,26,0.1124081665844035,2026-08-02 02:59:33.568649,2026-08-02 03:00:44.389385,0 days 00:01:10.820736,4,64,0.1895643919636013,2.906442229364109,0.2683645401311054,0.2497599904176652,0.0007875822753102,2,128,1,2,2.147725220577019e-07,,,,,,,0.1120258688790878,0.1124081665844035,6.0,0.1061507660895586,0.875618351608633,1.374508410692215,6,,PRUNED,16.0,,27,6,1,0.16666666666666666,0.49889005908358197,0.49889005908358197
ple,27,2.30404644178826,2026-08-02 03:00:44.500538,2026-08-02 03:03:10.336948,0 days 00:02:25.836410,2,64,0.3819687135207517,1.664416621216079,0.3984496780136898,0.3352166084747982,0.0015690190796835,3,256,2,1,5.672175351566347e-07,0.1064545875259985,0.1275960197361807,7.0,0.1370897396312405,0.747098204709353,0.977276988637944,,,,,,,15,2.30404644178826,COMPLETE,8.0,,28,15,2,0.13333333333333333,0.5704952277827062,0.6453255753263231
ple,28,-0.0510913470604767,2026-08-02 03:03:10.448536,2026-08-02 03:04:33.725979,0 days 00:01:23.277443,2,128,0.392139655845751,2.297482373611945,0.3996460996435412,0.3272871986107285,0.0024887146319515,3,256,1,3,6.622177299213461e-07,,,,,,,0.0891697705374099,-0.0510913470604767,6.0,-0.065887683963759,1.9795792902272844,2.1125350813070933,6,,PRUNED,8.0,,29,6,1,0.16666666666666666,0.13295579107980893,0.13295579107980893
ple,29,1.6618963240068656,2026-08-02 03:04:33.837279,2026-08-02 03:18:24.557789,0 days 00:13:50.720510,2,96,0.0644469960349761,2.27697446552966,0.1605938567409741,0.393295413458006,0.000263869167745,3,256,4,3,1.7454026706208004e-05,0.1076835893948252,0.1380296737886965,21.0,0.1369468266920497,0.202148462833152,0.642404179709653,,,,,,,29,1.6618963240068656,COMPLETE,8.0,,30,29,21,0.7241379310344828,0.7811125238478694,0.6656085290020963
ple,30,0.0096758394657323,2026-08-02 03:18:24.671583,2026-08-02 03:19:36.318717,0 days 00:01:11.647134,2,96,0.0952272197105318,0.6201841805749535,0.4576578318773256,0.3498517528241345,0.0049592653637929,3,256,2,2,3.5853095816679707e-06,,,,,,,-0.0920631727824608,0.0096758394657323,6.0,0.0402824077755212,2.1440636075678325,3.4254060049851733,6,,PRUNED,8.0,,31,6,1,0.16666666666666666,1.2813423974173408,1.2813423974173408
ple,31,1.3100498611431974,2026-08-02 03:19:36.430288,2026-08-02 03:22:20.321655,0 days 00:02:43.891367,2,64,0.3647088455454842,1.4805024140274838,0.3510882013043224,0.184297164609713,0.0014533393382657,1,128,2,1,3.661697383365461e-07,0.1066772858379408,0.1125767038220753,9.0,0.1132796629642446,0.320511590617354,0.7022085956918697,,,,,,,17,1.3100498611431974,COMPLETE,8.0,,32,17,2,0.11764705882352941,0.8699709117437517,0.9178273845132878
ple,32,1.4134261360300522,2026-08-02 03:22:20.433582,2026-08-02 03:25:16.920849,0 days 00:02:56.487267,2,64,0.3320247854670354,1.9819139555024043,0.3804032418838046,0.3143462158665756,0.0010090597271708,2,256,2,1,1.1596628936971702e-06,0.0975981807297406,0.1274642993618423,10.0,0.1268986687917883,0.4214148529831113,1.219329971758028,,,,,,,18,1.4134261360300522,COMPLETE,16.0,,33,18,2,0.1111111111111111,1.3443458412773908,1.384460218745378
ple,33,1.522317250740162,2026-08-02 03:25:17.032514,2026-08-02 03:28:39.354295,0 days 00:03:22.321781,2,64,0.2980633490730826,1.1681998283701838,0.2035892946821081,0.2309727792980442,0.0015069589784949,3,256,2,1,1.8992332349848416e-07,0.1212878033596401,0.1361039230444779,12.0,0.12818374466151,0.6136679361123474,1.064638520218432,,,,,,,20,1.522317250740162,COMPLETE,32.0,,34,20,1,0.05,1.1462112199202816,0.9387876271900708
ple,34,1.650254443399204,2026-08-02 03:28:39.465841,2026-08-02 03:31:13.665802,0 days 00:02:34.199961,4,64,0.3580505871902445,1.6751166634664567,0.246589650069438,0.1628244362129212,0.0004517950490194,1,128,2,1,1.972327260509428e-05,0.1234652643790468,0.1496957007941091,8.0,0.1480049044359475,0.2503949886560717,0.9617458458834638,,,,,,,16,1.650254443399204,COMPLETE,8.0,,35,16,1,0.0625,0.8867185274684163,0.8849024816647185
ple,35,0.7018966145203692,2026-08-02 03:31:13.777843,2026-08-02 03:33:47.341697,0 days 00:02:33.563854,2,64,0.268434925653059,2.4338315233935437,0.4261445520252095,0.2773926394505812,0.0031510864136461,3,512,1,1,1.6199940081672867e-06,0.0893896436939636,0.1016243755603985,9.0,0.1002104331545221,1.708021347366628,0.9825896225248774,,,,,,,17,0.7018966145203692,COMPLETE,32.0,,36,17,9,0.5294117647058824,0.6680525230679897,0.37987345175388904
ple,36,0.8936216827352951,2026-08-02 03:33:47.453584,2026-08-02 03:37:02.982804,0 days 00:03:15.529220,4,128,0.3982542491467047,0.8574233325731269,0.4532549117989907,0.436980880888431,0.0025161248738347,2,128,1,1,2.7789693476486336e-06,0.0480513254966354,0.1214281635067891,9.0,0.1233593759747842,2.251517322594448,1.7836897527178128,,,,,,,17,0.8936216827352951,COMPLETE,16.0,,37,17,3,0.17647058823529413,0.4852546633871655,0.07815609626949671
ple,37,0.6864093146867809,2026-08-02 03:37:03.093479,2026-08-02 03:40:51.277495,0 days 00:03:48.184016,2,64,0.226985896511303,1.937472990599209,0.160488082536766,0.2995475561472188,0.0011362875896065,3,256,2,3,4.611317430770155e-07,0.113828270327455,0.1031796720451287,10.0,0.0528695226161895,1.3512227227763525,1.1199185291926066,,,,,,,18,0.6864093146867809,COMPLETE,8.0,,38,18,10,0.5555555555555556,-0.053852801651708804,-0.04620785810615097
ple,38,1.5137616968795258,2026-08-02 03:40:51.389713,2026-08-02 03:44:23.594401,0 days 00:03:32.204688,4,128,0.3184877548430656,2.823317447726411,0.2268597688531112,0.3693083766178843,0.0007923853049254,2,128,1,1,1.6101737478480826e-07,0.1188653423994158,0.1419128556852228,10.0,0.1393304675361529,0.5106229357059218,1.142669390514493,,,,,,,18,1.5137616968795258,COMPLETE,32.0,,39,18,3,0.16666666666666666,1.86520547501,1.5723147725746196
ple,39,2.151700217010231,2026-08-02 03:44:23.704838,2026-08-02 03:49:19.355559,0 days 00:04:55.650721,2,96,0.3670144608335197,3.383981709516593,0.1312026173171917,0.2628399277769206,9.709888171320964e-05,1,512,4,2,9.479207465870606e-06,0.1113533200298358,0.1344544637094562,6.0,0.1331482299875157,0.3964037777937298,0.8495525461932023,,,,,,,14,2.151700217010231,COMPLETE,16.0,,40,14,6,0.42857142857142855,1.548897290162535,1.1745825249739927
ple,40,2.3025270931017547,2026-08-02 03:49:19.465812,2026-08-02 03:56:29.330306,0 days 00:07:09.864494,2,96,0.3775216490825178,3.914497736373888,0.1448791698954733,0.253111251288085,8.375863283763538e-05,1,256,4,3,6.39299715942058e-05,0.0846535042704393,0.1365984220833828,7.0,0.1392041846411302,0.7418890966782494,0.7749177830914656,,,,,,,15,2.3025270931017547,COMPLETE,16.0,,41,15,7,0.4666666666666667,1.3680752505851348,1.0704060204500807
ple,41,1.8278050221351396,2026-08-02 03:56:29.441319,2026-08-02 04:05:04.779291,0 days 00:08:35.337972,2,96,0.380791023983196,3.9570565267281017,0.1381790202280353,0.2448309562227928,8.682462978045226e-05,1,256,4,3,7.30602913603642e-05,0.1006885229881542,0.1274760785182782,10.0,0.1283832710430336,0.2237749359466963,0.6018301700241864,,,,,,,18,1.8278050221351396,COMPLETE,16.0,,42,18,10,0.5555555555555556,0.8205460376244793,0.682998732254251
ple,42,1.2231998874129095,2026-08-02 04:05:04.889937,2026-08-02 04:22:14.582927,0 days 00:17:09.692990,2,96,0.3674132619267384,3.2831594919390974,0.1309701751285837,0.3144943111131864,6.962390945897531e-05,1,256,4,3,0.000767872295389,0.116065128853855,0.1353719421410157,28.0,0.1309148988026815,0.0663454143264855,0.5907538872833054,,,,,,,36,1.2231998874129095,COMPLETE,16.0,,43,36,28,0.7777777777777778,0.6160129369676322,0.5874590014418107
ple,43,2.006565834347181,2026-08-02 04:22:14.698526,2026-08-02 04:29:53.271146,0 days 00:07:38.572620,2,96,0.3385167123228139,4.33732188790404,0.1762325035462542,0.2717872153721121,0.0001426416174398,1,256,4,3,4.0165634281094565e-05,0.1237464373320108,0.1468975293333642,8.0,0.1421182160420964,0.5097617295141967,0.7244979334374269,,,,,,,16,2.006565834347181,COMPLETE,16.0,,44,16,8,0.5,1.5239040372153148,1.4538870029444326
ple,44,1.3926137839793755,2026-08-02 04:29:53.384792,2026-08-02 04:36:34.392376,0 days 00:06:41.007584,2,96,0.3991822834908496,3.5186398774685115,0.1015973613328788,0.2187001647490226,0.0001281866825459,1,256,4,3,0.000178585890451,0.1267045518422188,0.1409914385993033,6.0,0.139290212021054,0.5147581683057878,0.8501345147689183,,,,,,,14,1.3926137839793755,COMPLETE,16.0,,45,14,6,0.42857142857142855,1.1497508891871095,1.3538604041369924
ple,45,0.122280271211639,2026-08-02 04:36:34.506865,2026-08-02 04:38:41.250475,0 days 00:02:06.743610,2,96,0.2785984104029884,3.9732609453266385,0.1405794115826295,0.343392901369457,0.0002479457303318,1,256,4,2,0.0005482797482442,,,,,,,0.1084936286788433,0.122280271211639,6.0,0.1198419352411292,0.6394676291679461,1.323348655551672,6,,PRUNED,16.0,,46,6,3,0.5,0.6838810263837259,0.6838810263837259
ple,46,1.4968268554872417,2026-08-02 04:38:41.362187,2026-08-02 04:45:22.240314,0 days 00:06:40.878127,2,96,0.2389454871904175,3.3519192049483237,0.1892352112409525,0.2965430594895912,8.824352902972118e-05,1,128,4,3,3.6727191324145826e-05,0.0949539298424497,0.1246608106729885,6.0,0.1256811291134605,0.5357902187499262,0.6563514528175195,,,,,,,14,1.4968268554872417,COMPLETE,16.0,,47,14,6,0.42857142857142855,0.5678138075616315,0.525855576223817
ple,47,0.1043009452580008,2026-08-02 04:45:22.353028,2026-08-02 04:47:29.087199,0 days 00:02:06.734171,2,96,0.0409925886135116,4.610670941136444,0.1204962836507185,0.2636460634050437,0.0002131621683617,1,256,4,2,8.68266008933336e-06,,,,,,,0.1099754308311579,0.1043009452580008,6.0,0.0933856232732068,0.4945977324109879,1.0517499398440122,6,,PRUNED,16.0,,48,6,2,0.3333333333333333,0.5571522074330243,0.5571522074330243
ple,48,0.5957628884309499,2026-08-02 04:47:29.199197,2026-08-02 04:57:03.332853,0 days 00:09:34.133656,2,96,0.3078270706071062,3.7369343956942966,0.2091092285253512,0.3944258962467808,5.423983265125887e-05,1,512,4,3,8.47752888832009e-05,0.1262061017022157,0.1593167395845133,12.0,0.1544468811286302,0.2741533418570364,1.048660061135888,,,,,,,20,0.5957628884309499,COMPLETE,16.0,,49,20,12,0.6,1.0286254190218946,1.0393023090758398
ple,49,1.5435827270150049,2026-08-02 04:57:03.443393,2026-08-02 05:05:50.363574,0 days 00:08:46.920181,2,96,0.370704239558664,2.9971477184328874,0.1593531233620425,0.3684072625372068,0.0001746721077875,1,256,4,2,1.0090602313710265e-07,0.1183441389390888,0.1344190027254323,17.0,0.131097513033698,0.1843630335495127,0.550439408235252,,,,,,,25,1.5435827270150049,COMPLETE,16.0,,50,25,17,0.68,0.7961155945752075,0.7663748232074709
periodic,0,1.4316164260367756,2026-08-02 05:05:50.524316,2026-08-02 05:12:17.365181,0 days 00:06:26.840865,2,96,0.070837862931119,2.2165305913463675,0.1727299868828402,0.1733618039413735,0.0002029805805242,1,128,2,3,4.205156450913872e-05,0.1253669935356204,0.1140767473649854,10.0,0.1095251698978245,0.3797218605343784,0.7823782188196977,,,,,,,18,1.4316164260367756,COMPLETE,,32.0,1,18,10,0.5555555555555556,0.7578939114941196,0.7044319333448092
periodic,1,1.887148404121492,2026-08-02 05:12:17.483381,2026-08-02 05:17:01.935481,0 days 00:04:44.452100,2,128,0.2105514309813085,0.6979873507394163,0.2218455076693483,0.1390688456025535,0.001167981751313,2,256,1,1,1.5876781526924002e-05,0.1304030237544793,0.138970394978484,12.0,0.1357223555232243,0.3830762291761366,0.9912213794188574,,,,,,,20,1.887148404121492,COMPLETE,,64.0,2,20,12,0.6,6.918614474080304,4.62180116456671
periodic,2,0.5297920306587095,2026-08-02 05:17:02.051393,2026-08-02 05:21:45.760408,0 days 00:04:43.709015,4,96,0.0820932376549555,4.1608137948444535,0.1180909155642152,0.2301321323053057,0.0002994501836127,3,128,1,3,2.273762810253687e-06,0.1161537022291061,0.1382991207564676,7.0,0.1407880014196659,0.4486926308119788,0.983134585308532,,,,,,,15,0.5297920306587095,COMPLETE,,64.0,3,15,7,0.4666666666666667,1.3790540745692508,1.2317958695086264
periodic,3,1.069498329610138,2026-08-02 05:21:45.872852,2026-08-02 05:27:55.502788,0 days 00:06:09.629936,2,96,0.0874991157983272,1.623813376406745,0.4452413703502375,0.3493192507310232,0.0002294912090747,1,256,4,3,2.078699690689777e-07,0.1297145378252025,0.111119672562927,6.0,0.1100608482025563,0.6831433255306726,1.242486819376548,,,,,,,14,1.069498329610138,COMPLETE,,32.0,4,14,5,0.35714285714285715,0.15195076061146584,0.061761317937758076
periodic,4,-0.3147323684577034,2026-08-02 05:27:55.620736,2026-08-02 05:30:15.744569,0 days 00:02:20.123833,4,64,0.2288981070521035,2.110876322874586,0.2257423924305306,0.3034282764658811,0.0032666526101138,3,512,1,2,1.763847954354689e-06,0.1175169676074195,-0.0672378743377824,7.0,-0.0693567636796312,1.6270995693547383,2.3515070085724195,,,,,,,15,-0.3147323684577034,COMPLETE,,16.0,5,15,3,0.2,0.9748414455070382,0.9003065839764618
periodic,5,1.9110353868560463,2026-08-02 05:30:15.860497,2026-08-02 05:33:33.525504,0 days 00:03:17.665007,2,128,0.3498696301732099,0.1340654396028344,0.1911740650167767,0.2708431154505025,0.0021627162139822,3,128,1,1,0.0020121155449063,0.093428291324138,0.1472660457404951,8.0,0.148544266759806,1.3488613569902048,1.3981105143825212,,,,,,,16,1.9110353868560463,COMPLETE,,16.0,6,16,5,0.3125,9.370774611698405,7.673062323018473
periodic,6,1.3966353666666984,2026-08-02 05:33:33.643332,2026-08-02 05:38:59.556184,0 days 00:05:25.912852,4,128,0.2841773939691194,4.550502841236603,0.3438257335919588,0.3010716092915446,6.33763913490815e-05,2,128,1,3,2.4730467210999103e-06,0.1075578783095503,0.1424782392724106,8.0,0.1433645261994873,0.9998102334165384,1.4120792385190726,,,,,,,16,1.3966353666666984,COMPLETE,,64.0,7,16,3,0.1875,3.620878838202251,3.657085358161763
periodic,7,1.632421957569686,2026-08-02 05:38:59.671823,2026-08-02 05:42:25.570507,0 days 00:03:25.898684,2,64,0.2940043759586253,2.609255985666477,0.1163100566219055,0.3363571772752967,0.0011326578206974,2,128,1,2,1.2104285107995006e-07,0.1306336917681619,0.1023350595651815,8.0,0.0711239011434372,1.5537351944690778,0.7643794988592466,,,,,,,16,1.632421957569686,COMPLETE,,32.0,8,16,8,0.5,1.386763695749964,1.2461608041350876
periodic,8,1.294022307899987,2026-08-02 05:42:25.686426,2026-08-02 05:48:30.138688,0 days 00:06:04.452262,4,128,0.0542546732838297,1.7612459761386334,0.1372411071223597,0.4588863031813307,0.003160866245072,3,128,4,3,0.0001463886097662,-0.0977010472910478,0.0734673977344452,9.0,0.0808132040469596,1.6361572813420069,1.398127392306924,,,,,,,17,1.294022307899987,COMPLETE,,64.0,9,17,2,0.11764705882352941,2.9089586664286875,0.784480290707674
periodic,9,1.9091741326290708,2026-08-02 05:48:30.255387,2026-08-02 05:56:51.553059,0 days 00:08:21.297672,4,64,0.3604361335255609,1.6944585209804122,0.3607845038010402,0.1897077237842239,0.0013283987156443,2,512,2,1,1.5354845024150166e-06,0.1092265734216198,0.1452122660819441,33.0,0.145953514946935,0.1739938301838091,1.2250085934375723,,,,,,,41,1.9091741326290708,COMPLETE,,64.0,10,41,2,0.04878048780487805,1.1157373492707618,1.1503975764795584
periodic,10,0.4304300268130287,2026-08-02 05:56:51.669719,2026-08-02 06:04:19.226996,0 days 00:07:27.557277,2,128,0.3881194732072677,0.1610513229076044,0.4781168617112233,0.4787847505560598,5.291665012272583e-05,1,256,2,2,0.0087831352526835,0.1083332872428097,0.1489094025067364,17.0,0.1492789171685823,0.5288876622383084,1.6399281966189545,,,,,,,25,0.4304300268130287,COMPLETE,,16.0,11,25,3,0.12,1.4064532435809574,1.2986076883005875
periodic,11,0.4641829789290209,2026-08-02 06:04:19.343258,2026-08-02 06:08:17.117311,0 days 00:03:57.774053,4,64,0.3841457012962111,3.3483921431438706,0.3286208115818682,0.2287068710401059,0.0014602170263444,2,512,2,1,0.0025556392686588,0.1274363314267247,0.1517508247401565,15.0,0.1505533123621717,0.4529094466577387,1.3153639047096173,,,,,,,23,0.4641829789290209,COMPLETE,,16.0,12,23,1,0.043478260869565216,1.340953447348309,1.3404271784421407
periodic,12,0.1285587425072056,2026-08-02 06:08:17.233457,2026-08-02 06:09:19.517598,0 days 00:01:02.284141,2,64,0.3403284881215795,0.9076617755460452,0.3352911990509059,0.2244189010600693,0.0005253503022436,3,512,2,1,0.0004458349878424,,,,,,,0.1287555436603725,0.1285587425072056,6.0,0.1235116614358654,0.6925553477864476,1.1583760323623815,6,,PRUNED,,16.0,13,6,4,0.6666666666666666,0.46582068457593395,0.46582068457593395
periodic,13,0.1158202015561983,2026-08-02 06:09:19.633227,2026-08-02 06:10:33.310946,0 days 00:01:13.677719,4,64,0.3095704986863366,1.0202063369368293,0.4023981771113106,0.1023149965257754,0.0019441036465677,2,512,2,1,0.0008038836961747,,,,,,,0.1177665875914196,0.1158202015561983,6.0,0.1092311852766821,0.6516323579597243,1.4991455988958478,6,,PRUNED,,64.0,14,6,5,0.8333333333333334,0.8475132409361235,0.8475132409361235
periodic,14,0.0242473060808454,2026-08-02 06:10:33.426458,2026-08-02 06:15:16.575711,0 days 00:04:43.149253,4,128,0.2335723659361336,0.1300150795813185,0.2760654965238695,0.3937243027997998,0.0047053804665637,3,512,4,1,2.9171454596787676e-05,,,,,,,0.0854144461312292,0.0242473060808454,18.0,0.0212680662380686,,1.8783802390098572,18,,PRUNED,,16.0,15,18,3,0.16666666666666666,,
periodic,15,1.0514343212575197,2026-08-02 06:15:16.690543,2026-08-02 06:19:19.271307,0 days 00:04:02.580764,2,128,0.345482646817469,3.060376892555877,0.3967085894461768,0.1803145720376678,0.0006311155719242,2,128,1,2,6.117761508347021e-06,0.1250323741308724,0.1387493792921304,6.0,0.1359968535039418,1.0306108637106797,1.1020252097398042,,,,,,,14,1.0514343212575197,COMPLETE,,64.0,16,14,5,0.35714285714285715,1.127453458713486,1.0070011592750985
periodic,16,0.127374577835629,2026-08-02 06:19:19.386133,2026-08-02 06:20:21.874603,0 days 00:01:02.488470,4,64,0.1657249128443344,1.2035859039928174,0.2673853850596043,0.2785288033800145,0.0007301496150408,3,512,2,1,7.045432313669897e-07,,,,,,,0.1152879215151188,0.127374577835629,6.0,0.1251671017768482,0.5897138766863103,1.5109054458638032,6,,PRUNED,,16.0,17,6,1,0.16666666666666666,0.9211915691774929,0.9211915691774929
periodic,17,0.1262819956418146,2026-08-02 06:20:21.990142,2026-08-02 06:22:29.643486,0 days 00:02:07.653344,2,128,0.3459730165877975,3.707836131144181,0.1844809342808591,0.2526136433995551,0.0021323751381572,1,128,1,1,0.0001145914324684,,,,,,,0.1061248782794185,0.1262819956418146,9.0,0.1311133409748436,1.2370521307531153,1.0596304804086685,9,,PRUNED,,64.0,18,9,3,0.3333333333333333,-0.1774216503444468,0.17043191031885468
periodic,18,-0.0355603634738751,2026-08-02 06:22:29.756773,2026-08-02 06:23:42.923581,0 days 00:01:13.166808,4,64,0.2673932240530885,4.98760215955677,0.2826586070506964,0.1761798190942385,0.00251765628074,2,512,2,2,0.0026590444922832,,,,,,,0.1290858978871256,-0.0355603634738751,6.0,-0.0380495898546845,1.581444111253534,2.831832531094551,6,,PRUNED,,16.0,19,6,1,0.16666666666666666,1.250388419841017,1.250388419841017
periodic,19,1.623779866375964,2026-08-02 06:23:43.039320,2026-08-02 06:27:40.853535,0 days 00:03:57.814215,2,96,0.3983804063244024,0.495864945552851,0.381917517387443,0.4004353003929651,0.0004201995563692,3,256,4,1,3.991300929514357e-07,0.1218978763907216,0.1312146152414698,8.0,0.1287913615000434,0.7692172369284053,0.991477653135856,,,,,,,16,1.623779866375964,COMPLETE,,32.0,20,16,8,0.5,0.8403803874853082,0.7755124338028321
periodic,20,-0.0105812383757438,2026-08-02 06:27:40.969908,2026-08-02 06:29:40.495924,0 days 00:01:59.526016,4,128,0.1442495697281499,1.5342965621238336,0.4490546705861465,0.1346448654484345,0.0010018331574712,2,512,2,2,0.0099264817227489,,,,,,,0.1161605900987827,-0.0105812383757438,6.0,-0.0313468173408182,1.69073240559489,1.5754493359476327,6,,PRUNED,,64.0,21,6,4,0.6666666666666666,-0.11528306964725732,-0.11528306964725732
periodic,21,0.1177545389781395,2026-08-02 06:29:40.611476,2026-08-02 06:31:06.291786,0 days 00:01:25.680310,2,128,0.0101022237988379,0.6610376252618091,0.2166665700370985,0.1365150182806953,0.0014461195775255,2,256,1,1,1.4741024641545105e-05,,,,,,,0.1195097750402055,0.1177545389781395,6.0,0.1072542581396798,0.429321273917421,1.0148277033120394,6,,PRUNED,,64.0,22,6,1,0.16666666666666666,0.5855064293946184,0.5855064293946184
periodic,22,0.1256901417160406,2026-08-02 06:31:06.406131,2026-08-02 06:35:36.345906,0 days 00:04:29.939775,2,128,0.1856790046230769,0.5586592599294529,0.2265048400892831,0.1003641378447857,0.0009382558344463,2,256,1,1,9.778267406556608e-06,,,,,,,0.1285054177724911,0.1256901417160406,19.0,0.121898399060592,0.3150745477709394,0.9293775561576088,19,,PRUNED,,64.0,23,19,4,0.21052631578947367,0.6143030083866694,0.9383023358069109
periodic,23,0.126715004707997,2026-08-02 06:35:36.457801,2026-08-02 06:37:01.820688,0 days 00:01:25.362887,2,128,0.2390603960596947,1.151963095979481,0.1632163484098215,0.2008649966836359,0.0015809924656165,1,256,1,1,0.0001002780369886,,,,,,,0.1144809142608816,0.126715004707997,6.0,0.1239650778239593,0.5542237806385235,0.7585286006952325,6,,PRUNED,,64.0,24,6,5,0.8333333333333334,0.20430482005670902,0.20430482005670902
periodic,24,-0.0499335091561079,2026-08-02 06:37:01.932914,2026-08-02 06:38:27.600563,0 days 00:01:25.667649,2,128,0.3261931486555316,1.3786497516658829,0.302410775286676,0.14325289452715,0.0041999983409505,2,256,1,1,7.919815715847583e-07,,,,,,,0.0819913164557268,-0.0499335091561079,6.0,-0.0504366128472611,2.678859650852188,1.610396708548069,6,,PRUNED,,64.0,25,6,2,0.3333333333333333,-1.0684629423041188,-1.0684629423041188
periodic,25,2.1053953986123912,2026-08-02 06:38:27.711997,2026-08-02 06:40:37.291864,0 days 00:02:09.579867,2,64,0.1263156238521952,0.7338683331601716,0.1986231474562377,0.2587631745884616,0.0001095061973484,3,256,1,1,5.705376482199266e-06,0.103302287356928,0.1372685488002995,6.0,0.1374165649991482,1.031182086213477,1.0653350428988535,,,,,,,14,2.1053953986123912,COMPLETE,,16.0,26,14,4,0.2857142857142857,0.7071793442932032,0.6751499364025048
periodic,26,0.1343579302716534,2026-08-02 06:40:37.410046,2026-08-02 06:41:32.993957,0 days 00:00:55.583911,2,64,0.1222274353762563,2.179151888629474,0.2017838160217807,0.2699068073565677,0.0001224255920648,3,128,1,1,0.0004442184506038,,,,,,,0.0784767999624212,0.1343579302716534,6.0,0.1389192597940564,0.9596270258346248,1.2456668471296628,6,,PRUNED,,16.0,27,6,4,0.6666666666666666,0.286039821295038,0.286039821295038
periodic,27,2.215031455410553,2026-08-02 06:41:33.107438,2026-08-02 06:43:42.596768,0 days 00:02:09.489330,2,64,0.2667243626663658,0.3243561166976676,0.2511184546618623,0.3289567845945995,9.457245459307366e-05,3,256,1,1,4.760038651215826e-06,0.0940854386271288,0.1390762113936944,6.0,0.1388411936485984,0.8615527462864679,1.3118275426328183,,,,,,,14,2.215031455410553,COMPLETE,,16.0,28,14,4,0.2857142857142857,1.2888304421471226,1.2510108589554434
periodic,28,0.1395992133766412,2026-08-02 06:43:42.713889,2026-08-02 06:47:36.792684,0 days 00:03:54.078795,2,64,0.267645245493177,0.1071381546780065,0.2427678118604039,0.3447870696462862,9.688399314591216e-05,3,256,1,2,5.724832249050969e-06,,,,,,,0.1259438399029022,0.1395992133766412,19.0,0.1401224473826005,0.3998690100381195,1.6531801791240772,19,,PRUNED,,16.0,29,19,11,0.5789473684210527,1.2533111690859577,1.0883457904154925
periodic,29,0.1338655472369282,2026-08-02 06:47:36.906997,2026-08-02 06:48:42.230478,0 days 00:01:05.323481,2,96,0.1190741918899243,0.3201937486937511,0.16334164186705,0.3850793176396265,0.0001323568973167,3,256,1,1,4.1108100139979256e-05,,,,,,,0.0916024329878079,0.1338655472369282,6.0,0.1362551329257257,1.158323497962325,1.034646084283789,6,,PRUNED,,16.0,30,6,3,0.5,-0.12367741367853591,-0.12367741367853591
periodic,30,2.0520565902954715,2026-08-02 06:48:42.339613,2026-08-02 06:50:51.846783,0 days 00:02:09.507170,2,64,0.1867119514903017,0.8027305976499516,0.1883077314948114,0.302463471244859,7.730123623134839e-05,3,256,1,1,0.0018971317934475,0.0763965100243998,0.1411458544627142,6.0,0.141140078016906,0.8893881580008874,0.9807491265237333,,,,,,,14,2.0520565902954715,COMPLETE,,16.0,31,14,4,0.2857142857142857,0.3734726949343605,0.3544322763170516
periodic,31,2.1192672075948225,2026-08-02 06:50:51.961022,2026-08-02 06:53:10.731565,0 days 00:02:18.770543,2,64,0.1796571150294325,0.8275697755430257,0.1916911704718708,0.3036537468487671,8.348390306031176e-05,3,256,1,1,0.0010238485892554,0.0890277915168553,0.1390561176231131,7.0,0.1388727637764532,0.7284921126528865,0.9144065730273724,,,,,,,15,2.1192672075948225,COMPLETE,,16.0,32,15,4,0.26666666666666666,0.4140897380247238,0.383172947143712
periodic,32,0.137397622782737,2026-08-02 06:53:10.845815,2026-08-02 06:54:06.487507,0 days 00:00:55.641692,2,64,0.1938376638149536,0.9191578358243772,0.2542729587687869,0.3143462158665756,7.683366911346545e-05,3,256,1,1,0.0011340061334462,,,,,,,0.0972282189507192,0.137397622782737,6.0,0.136897146802706,0.961123354200806,1.003448723256588,6,,PRUNED,,16.0,33,6,4,0.6666666666666666,0.0423253690557821,0.0423253690557821
periodic,33,1.397534259707058,2026-08-02 06:54:06.601198,2026-08-02 06:56:25.277608,0 days 00:02:18.676410,2,64,0.1639397341982212,0.7915994069729972,0.1411903297338498,0.3739721999528019,0.0001591692176499,3,256,1,1,0.0002800129224825,0.1075539938164486,0.1337322454807387,7.0,0.1327060057238365,0.7753124038969713,0.9614314357439676,,,,,,,15,1.397534259707058,COMPLETE,,16.0,34,15,7,0.4666666666666667,0.7885494934357999,0.6995345476995071
periodic,34,0.1339736988501196,2026-08-02 06:56:25.391697,2026-08-02 06:59:11.412957,0 days 00:02:46.021260,2,64,0.116578253143421,0.4771990826987901,0.1012170612941032,0.4348926196850141,8.460879547543502e-05,3,256,1,1,6.271370440200083e-05,,,,,,,0.1119242200278677,0.1339736988501196,18.0,0.1327785302089372,0.7372794096424643,1.076710600654284,18,,PRUNED,,16.0,35,18,4,0.2222222222222222,0.3394311910118196,0.2967086956097138
periodic,35,0.132350544858491,2026-08-02 06:59:11.526928,2026-08-02 07:00:07.099702,0 days 00:00:55.572774,2,64,0.2078985064170519,1.2986861256532425,0.2029701564588159,0.3174237060793652,0.0002303005471281,3,256,1,1,0.0044070897383351,,,,,,,0.1087952193343881,0.132350544858491,6.0,0.1315519695015003,0.5871579762370813,1.0119356935222945,6,,PRUNED,,16.0,36,6,3,0.5,0.4247777172852132,0.4247777172852132
periodic,36,1.4731631558959344,2026-08-02 07:00:07.213096,2026-08-02 07:03:34.382000,0 days 00:03:27.168904,2,64,0.1467691378932477,1.896838778815343,0.2416066666411324,0.2918063623286265,0.0001774236774211,3,256,1,1,2.3058728249853808e-05,0.1191783122951164,0.146081948740175,13.0,0.1450360508480419,0.6248644033256578,0.9999510848584274,,,,,,,21,1.4731631558959344,COMPLETE,,32.0,37,21,3,0.14285714285714285,1.1566410802046043,1.2986706246031885
periodic,37,0.1106687044491991,2026-08-02 07:03:34.495987,2026-08-02 07:06:56.319171,0 days 00:03:21.823184,2,64,0.0757835596279851,0.7532984975352289,0.1739102698137108,0.2526520188480473,0.0001037497997513,3,256,4,1,0.0009873086303868,,,,,,,0.1086313670229477,0.1106687044491991,16.0,0.1009536732997124,0.2180738483799532,1.2377862988660733,16,,PRUNED,,16.0,38,16,4,0.25,1.0197124504861201,0.9531400396639671
periodic,38,0.1445776966943716,2026-08-02 07:06:56.433106,2026-08-02 07:11:20.897053,0 days 00:04:24.463947,2,96,0.1016185831383567,1.3960473572699337,0.2959409976859027,0.3621634037110876,6.089762309536713e-05,3,256,1,2,4.195439792371743e-06,,,,,,,0.1295278957462869,0.1445776966943716,19.0,0.1414007579286893,0.3949958753868168,1.9836064621806144,19,,PRUNED,,16.0,39,19,3,0.15789473684210525,1.5886105867937976,1.4099307593293597
periodic,39,0.1387226851463007,2026-08-02 07:11:21.008414,2026-08-02 07:13:57.958998,0 days 00:02:36.950584,2,64,0.1777734464996801,0.4276126093688405,0.1375703295344741,0.3222211949388672,0.0002796369686036,3,256,1,1,0.0002437956225916,,,,,,,0.1285247128224,0.1387226851463007,17.0,0.1344446789628515,0.3152158635313667,1.3074247827753425,17,,PRUNED,,16.0,40,17,2,0.11764705882352941,0.9922089192439758,0.9060921575765066
periodic,40,0.1376333007918826,2026-08-02 07:13:58.072348,2026-08-02 07:14:57.455723,0 days 00:00:59.383375,2,64,0.2113100254250735,1.1079448535065817,0.2166426221409085,0.4173105590112922,6.954156379457517e-05,3,256,1,1,2.195350608120412e-07,,,,,,,0.092055095375205,0.1376333007918826,6.0,0.1376449615851015,0.9886794847155376,1.17213895196716,6,,PRUNED,,32.0,41,6,4,0.6666666666666666,0.18345946725162232,0.18345946725162232
periodic,41,0.1386958629319754,2026-08-02 07:14:57.569468,2026-08-02 07:17:34.505134,0 days 00:02:36.935666,2,64,0.0506105409657375,0.3251521388398014,0.1915895171971814,0.255793182005555,0.0001445970228663,3,128,1,1,0.0021681052503795,,,,,,,0.1203094022336396,0.1386958629319754,17.0,0.1397733749744172,0.3946048663263874,1.6082694806158542,17,,PRUNED,,16.0,42,17,3,0.17647058823529413,1.2136646142894667,0.9515299543441322
periodic,42,0.1386718183736472,2026-08-02 07:17:34.620821,2026-08-02 07:18:30.280937,0 days 00:00:55.660116,2,64,0.2610621666095559,0.6944723265614894,0.1477278281007079,0.298123158622303,5.0812475058281295e-05,3,128,1,1,0.0049032191096143,,,,,,,0.0952282982761971,0.1386718183736472,6.0,0.138413742283592,0.8405001254840976,0.9344436086714268,6,,PRUNED,,16.0,43,6,6,1.0,0.09394348318732926,0.09394348318732926
periodic,43,2.0333688346973133,2026-08-02 07:18:30.396593,2026-08-02 07:21:02.491465,0 days 00:02:32.094872,2,96,0.2970994463267033,0.9110690781255284,0.1731512547855773,0.3323246209822512,0.0001064769409264,3,128,1,1,0.0016163214041881,0.0758470207763215,0.136852932954207,6.0,0.1373907756914074,1.0519148869706052,1.1222618064532677,,,,,,,14,2.0333688346973133,COMPLETE,,16.0,44,14,4,0.2857142857142857,0.8240501272817334,0.7129516879857946
periodic,44,1.8857708573417848,2026-08-02 07:21:02.603184,2026-08-02 07:23:45.472203,0 days 00:02:42.869019,2,96,0.2992549333729969,2.523813028429285,0.17600549848278,0.3514483646741619,0.000103586559547,3,256,1,1,0.001427389575794,0.0792359079079081,0.1401249596693863,7.0,0.1399375133992483,0.5608101160162025,0.8035740900784731,,,,,,,15,1.8857708573417848,COMPLETE,,16.0,45,15,7,0.4666666666666667,0.7424258929159905,0.7203454962581711
periodic,45,0.1355455568293109,2026-08-02 07:23:45.588770,2026-08-02 07:24:50.845831,0 days 00:01:05.257061,2,96,0.2501603809421328,0.887423460886472,0.1203570471676198,0.3335905077809865,8.574481886859516e-05,3,128,1,1,0.0005482797482442,,,,,,,0.0687157344073057,0.1355455568293109,6.0,0.1372679325169883,0.9885369861232384,1.0002462076644103,6,,PRUNED,,16.0,46,6,4,0.6666666666666666,0.011709221541171932,0.011709221541171932
periodic,46,0.9972306223148903,2026-08-02 07:24:50.962254,2026-08-02 07:28:10.742081,0 days 00:03:19.779827,2,96,0.1416727809355805,1.0558467585223203,0.234630998641013,0.2811482063528827,0.0002110533359052,3,256,4,1,0.0034838333246847,0.1081374945686548,0.1322113116815065,6.0,0.1309191011435662,0.7599108303076632,1.3316004405729474,,,,,,,14,0.9972306223148903,COMPLETE,,16.0,47,14,2,0.14285714285714285,1.0422601506446623,1.1364028935106016
periodic,47,0.1339418230306667,2026-08-02 07:28:10.858548,2026-08-02 07:29:53.060807,0 days 00:01:42.202259,2,96,0.2174727680928701,1.8374743629219576,0.2078434904694738,0.2053208280083481,0.0001102453035976,3,256,1,3,0.0061856528019488,,,,,,,0.0659055692376568,0.1339418230306667,6.0,0.1339324751868844,0.5055954843641274,1.0936779278020063,6,,PRUNED,,16.0,48,6,2,0.3333333333333333,0.588082443437879,0.588082443437879
periodic,48,1.8443001961446803,2026-08-02 07:29:53.177018,2026-08-02 07:32:02.899503,0 days 00:02:09.722485,2,64,0.3205674923191334,0.6302729011027886,0.1571069542489345,0.3081605072080199,0.0001783955216518,3,128,1,1,2.3348947519784175e-06,0.0972883538129584,0.1347479993555073,6.0,0.1344331825695311,0.7110854821604868,1.0452267835537592,,,,,,,14,1.8443001961446803,COMPLETE,,16.0,49,14,4,0.2857142857142857,0.8549336088654986,0.8840509528056756
periodic,49,2.3699154253835326,2026-08-02 07:32:03.015985,2026-08-02 07:34:21.629283,0 days 00:02:18.613298,2,64,0.2896025412631314,0.3194859334801888,0.1881123756664654,0.3308997135795652,7.766853511297493e-05,3,256,1,1,0.0002316583558905,0.097309369337745,0.1399470133784537,6.0,0.1397355736878429,0.9140781756372206,1.1928994923830032,,,,,,,14,2.3699154253835326,COMPLETE,,32.0,50,14,4,0.2857142857142857,1.2753510160379053,1.1794375712805916
fourier,0,1.0203667491364663,2026-08-02 07:34:21.798612,2026-08-02 07:41:49.757587,0 days 00:07:27.958975,2,96,0.070837862931119,2.2165305913463675,0.1727299868828402,0.1733618039413735,0.0002029805805242,1,128,2,3,4.205156450913872e-05,0.1307383267985035,0.1311800711633016,12.0,0.1271883282732839,0.3911123261565253,0.894289604574442,,,,,,,20,1.0203667491364663,COMPLETE,,32.0,1,20,4,0.2,0.9286857790454098,0.991042222649128
fourier,1,2.2735581065493733,2026-08-02 07:41:49.881205,2026-08-02 07:47:07.997169,0 days 00:05:18.115964,2,128,0.2105514309813085,0.6979873507394163,0.2218455076693483,0.1390688456025535,0.001167981751313,2,256,1,1,1.5876781526924002e-05,0.102422487110986,0.1334097727201879,12.0,0.1304110246322428,0.4658402495246957,0.7546689646939436,,,,,,,20,2.2735581065493733,COMPLETE,,64.0,2,20,3,0.15,1.213046069670282,1.086370727942438
fourier,2,1.4689647351052295,2026-08-02 07:47:08.117639,2026-08-02 07:53:41.580612,0 days 00:06:33.462973,4,96,0.0820932376549555,4.1608137948444535,0.1180909155642152,0.2301321323053057,0.0002994501836127,3,128,1,3,2.273762810253687e-06,0.1223332468614292,0.1330556365331479,11.0,0.1321201899244139,0.4091678794976028,0.6047355653097232,,,,,,,19,1.4689647351052295,COMPLETE,,64.0,3,19,11,0.5789473684210527,0.7978012384505646,0.6244156532981069
fourier,3,2.054443039496012,2026-08-02 07:53:41.699292,2026-08-02 08:05:02.100710,0 days 00:11:20.401418,2,96,0.0874991157983272,1.623813376406745,0.4452413703502375,0.3493192507310232,0.0002294912090747,1,256,4,3,2.078699690689777e-07,0.1306891836536427,0.1174048787584373,16.0,0.1086004508620438,1.1540264644334832,1.467799116546909,,,,,,,24,2.054443039496012,COMPLETE,,32.0,4,24,5,0.20833333333333334,0.5617856856021617,0.5769737960665707
fourier,4,0.0520366350085417,2026-08-02 08:05:02.221297,2026-08-02 08:07:34.915361,0 days 00:02:32.694064,4,64,0.2288981070521035,2.110876322874586,0.2257423924305306,0.3034282764658811,0.0032666526101138,3,512,1,2,1.763847954354689e-06,0.1131398175687839,-0.065205699641956,7.0,-0.0653178634451857,1.6564944820508123,2.052010977889101,,,,,,,15,0.0520366350085417,COMPLETE,,16.0,5,15,1,0.06666666666666667,1.0573136357087933,0.967244956409805
fourier,5,-0.038471315249161,2026-08-02 08:07:35.033704,2026-08-02 08:11:58.864820,0 days 00:04:23.831116,2,128,0.3498696301732099,0.1340654396028344,0.1911740650167767,0.2708431154505025,0.0021627162139822,3,128,1,1,0.0020121155449063,0.1247898443483184,0.1298947734447817,13.0,0.1183349491407474,1.5086437442731704,1.8219527556250492,,,,,,,21,-0.038471315249161,COMPLETE,,16.0,6,21,2,0.09523809523809523,6.554954317656331,6.554857724374203
fourier,6,1.273968374993504,2026-08-02 08:11:58.981072,2026-08-02 08:18:16.294041,0 days 00:06:17.312969,4,128,0.2841773939691194,4.550502841236603,0.3438257335919588,0.3010716092915446,6.33763913490815e-05,2,128,1,3,2.4730467210999103e-06,0.1209979964211622,0.1303378115097681,9.0,0.1302794016897678,0.6205812877132779,1.0304186282058556,,,,,,,17,1.273968374993504,COMPLETE,,64.0,7,17,3,0.17647058823529413,0.6294844067995509,0.6563903697692449
fourier,7,0.8441062857398061,2026-08-02 08:18:16.411308,2026-08-02 08:21:47.110293,0 days 00:03:30.698985,2,64,0.2940043759586253,2.609255985666477,0.1163100566219055,0.3363571772752967,0.0011326578206974,2,128,1,2,1.2104285107995006e-07,0.1111676401599349,0.0699775646227256,8.0,0.0691304435099785,0.7038655032048977,0.9145131533965468,,,,,,,16,0.8441062857398061,COMPLETE,,32.0,8,16,8,0.5,-0.20018873449178431,0.024308756549310473
fourier,8,0.8041918643627026,2026-08-02 08:21:47.229762,2026-08-02 08:27:19.451764,0 days 00:05:32.222002,4,128,0.0542546732838297,1.7612459761386334,0.1372411071223597,0.4588863031813307,0.003160866245072,3,128,4,3,0.0001463886097662,0.0929156553330055,0.0847442267617831,6.0,0.0393832182278856,1.6427960012640273,1.8416486126681169,,,,,,,14,0.8041918643627026,COMPLETE,,64.0,9,14,1,0.07142857142857142,0.5160132350370523,0.6869930066227439
fourier,9,1.3166039012046606,2026-08-02 08:27:19.571309,2026-08-02 08:33:30.611636,0 days 00:06:11.040327,4,64,0.3604361335255609,1.6944585209804122,0.3607845038010402,0.1897077237842239,0.0013283987156443,2,512,2,1,1.5354845024150166e-06,0.0728961094981059,0.13651196299276,18.0,0.1335461037776743,0.4580374512440776,0.9910682624826828,,,,,,,26,1.3166039012046606,COMPLETE,,64.0,10,26,18,0.6923076923076923,1.121462507354417,0.9268867129896498
fourier,10,0.8199573464130383,2026-08-02 08:33:30.730433,2026-08-02 08:39:53.046873,0 days 00:06:22.316440,2,128,0.1776911074168978,0.1627496128217358,0.2671494775935794,0.1200871672410381,0.0005651374857238,1,256,2,2,0.0081170693917637,0.1080923047227164,0.1113423294853419,10.0,0.110724126920104,0.5667017363582364,0.9329293503115574,,,,,,,18,0.8199573464130383,COMPLETE,,64.0,11,18,10,0.5555555555555556,0.2119574807447543,0.012474381106989701
fourier,11,1.489807481368029,2026-08-02 08:39:53.165782,2026-08-02 08:43:49.868679,0 days 00:03:56.702897,2,96,0.1581575112020892,0.8530430747216508,0.4667912896317219,0.4163343192885115,7.491055795872585e-05,1,256,4,1,3.79310234332356e-05,0.114377592143137,0.1404438773315632,7.0,0.1402679621086766,0.8339736126954593,1.525693658987681,,,,,,,15,1.489807481368029,COMPLETE,,32.0,12,15,4,0.26666666666666666,1.1158111851189345,1.1984539518389044
fourier,12,0.2247920889706217,2026-08-02 08:43:49.985207,2026-08-02 08:55:35.478696,0 days 00:11:45.493489,2,96,0.1597578578895617,1.146824659287697,0.4957700952463446,0.3752918047800798,0.00017549269919,2,256,4,2,1.1633263858100056e-07,0.1351453536500533,0.1361864371496873,22.0,0.1321235922786096,0.4435943751157047,1.5897823305179677,,,,,,,30,0.2247920889706217,COMPLETE,,32.0,13,30,2,0.06666666666666667,1.4160607915548127,1.3618892459844019
fourier,13,0.9280984529109932,2026-08-02 08:55:35.597572,2026-08-02 08:59:47.903249,0 days 00:04:12.305677,2,96,0.0241326983667599,3.1779259224812195,0.4036744146410684,0.1015656247161573,0.0005782734499125,1,256,4,1,0.0003803398923758,0.1264371028271853,0.1266197267997389,8.0,0.1159460248658433,0.7632805451492979,1.25017224624753,,,,,,,16,0.9280984529109932,COMPLETE,,32.0,14,16,2,0.125,1.1540109154039078,1.224839371285744
fourier,14,0.7842904759457736,2026-08-02 08:59:48.022426,2026-08-02 09:07:13.317987,0 days 00:07:25.295561,2,128,0.1068082635445929,0.963834969983306,0.2947385496829867,0.4934154844130737,0.0006149230900804,2,256,4,2,1.1692112611651618e-05,0.1267643074679654,0.1013761530436265,12.0,0.1001248690648935,0.7140203017431,1.7726667168239751,,,,,,,20,0.7842904759457736,COMPLETE,,16.0,15,20,2,0.1,0.9907949480509002,1.0660021946360616
fourier,15,2.138945360025212,2026-08-02 09:07:13.437199,2026-08-02 09:10:56.874844,0 days 00:03:43.437645,2,128,0.2203163837767064,3.060376892555877,0.4290051626781734,0.391614557003874,0.0001163002681218,1,256,1,1,4.295950389840683e-07,0.1167894622233385,0.1388927013380453,6.0,0.1386631352671732,0.8303840843931077,1.2841856345534324,,,,,,,14,2.138945360025212,COMPLETE,,64.0,16,14,4,0.2857142857142857,1.0308863933065107,0.9648545010099138
fourier,16,1.8647916300929492,2026-08-02 09:10:56.992090,2026-08-02 09:14:40.958418,0 days 00:03:43.966328,2,128,0.2315115324143735,3.6751741816173578,0.2976893537669394,0.4144410380977529,0.0001117687941603,2,256,1,1,5.979161411901557e-07,0.1136930101783946,0.1436924317715844,6.0,0.1436956395899566,0.687162675140869,1.041973384966453,,,,,,,14,1.8647916300929492,COMPLETE,,64.0,17,14,4,0.2857142857142857,1.0321686862391375,1.0349128684901172
fourier,17,0.62938731179386,2026-08-02 09:14:41.075515,2026-08-02 09:20:47.211901,0 days 00:06:06.136386,2,128,0.2214068059445912,2.9631580839249487,0.3866876305603673,0.2344984789779685,0.0011700191952905,1,256,1,1,8.794089123682586e-06,0.094247383546705,0.1457183629274368,15.0,0.146580655861059,0.3567938036511704,1.1343402061611414,,,,,,,23,0.62938731179386,COMPLETE,,64.0,18,23,1,0.043478260869565216,0.9324625933492955,1.1177602163058915
fourier,18,2.0904301457605468,2026-08-02 09:20:47.329179,2026-08-02 09:26:07.240696,0 days 00:05:19.911517,2,128,0.2741452751070084,4.98760215955677,0.2398453489741607,0.1592035204916748,0.000396290048338,2,512,1,1,5.360142330744072e-07,0.110422491976836,0.1281760767936551,12.0,0.1225615424969267,0.270035492803251,0.7905281690414995,,,,,,,20,2.0904301457605468,COMPLETE,,64.0,19,20,12,0.6,0.636893919658559,0.7047481557038348
fourier,19,2.0691790427601284,2026-08-02 09:26:07.357531,2026-08-02 09:29:50.811899,0 days 00:03:43.454368,2,128,0.1336173532135172,3.571745293976871,0.3222309817705412,0.2104125701418763,0.0001170864593466,1,256,1,1,1.1747110175983782e-05,0.1088452641153708,0.1440779704639377,6.0,0.1441440877213608,0.6351225300440713,0.926080133765936,,,,,,,14,2.0691790427601284,COMPLETE,,64.0,20,14,4,0.2857142857142857,0.9702497263039862,1.3254352403853935
fourier,20,1.4637974634067707,2026-08-02 09:29:50.929168,2026-08-02 09:33:52.672893,0 days 00:04:01.743725,2,128,0.1993895666646547,0.5445860293375562,0.4407493278560611,0.2621116191750338,0.0017578753128919,2,256,1,2,0.0002579844107041,0.1416750784390994,0.1422525410744128,6.0,0.1069195707789428,2.1634017576182645,1.651031200836102,,,,,,,14,1.4637974634067707,COMPLETE,,64.0,21,14,2,0.14285714285714285,0.5592335141995657,0.44614974021364656
fourier,21,2.1362380768597964,2026-08-02 09:33:52.789981,2026-08-02 09:41:42.497418,0 days 00:07:49.707437,2,128,0.2837452676866226,4.458639394604528,0.2232386566653502,0.1503496658063555,0.0004230009526246,2,512,1,1,4.372639844611171e-07,0.0936215892744561,0.1142116484232246,21.0,0.1095901789798517,0.2239320127199688,0.7260998668769996,,,,,,,29,2.1362380768597964,COMPLETE,,64.0,22,29,21,0.7241379310344828,0.6770347423211668,0.6768607944560482
fourier,22,2.43804116493844,2026-08-02 09:41:42.614029,2026-08-02 09:48:28.021102,0 days 00:06:45.407073,2,128,0.3168005551909162,4.017472879636347,0.1956834798310511,0.1404872030483843,0.0007889494053959,2,512,1,1,5.237576048325939e-07,0.075926957213475,0.1212048316357443,17.0,0.1202931314318751,0.2266037756418218,0.655700477026403,,,,,,,25,2.43804116493844,COMPLETE,,64.0,23,25,17,0.68,0.6151385123150365,0.703916196612393
fourier,23,1.833171363030708,2026-08-02 09:48:28.140244,2026-08-02 09:54:26.347640,0 days 00:05:58.207396,2,128,0.334415112742499,3.817162320903544,0.1715490596318728,0.1420215676370846,0.00100974918374,3,512,1,1,4.125337919211521e-06,0.098201874581476,0.1327371878083795,14.0,0.1335885375427703,0.3768249531498268,0.6492127330973745,,,,,,,22,1.833171363030708,COMPLETE,,64.0,24,22,14,0.6363636363636364,0.5882409923393022,0.6618542028560548
fourier,24,0.8789806976923649,2026-08-02 09:54:26.464015,2026-08-02 10:00:55.853417,0 days 00:06:29.389402,2,128,0.2573260927994715,3.2358145523869175,0.2630729968080696,0.1247308875003394,0.0008544281215951,2,512,1,1,7.557001150572303e-07,0.1160636200142713,0.1403775533886801,16.0,0.1347669605650784,0.3727524708628484,0.7159887554744879,,,,,,,24,0.8789806976923649,COMPLETE,,64.0,25,24,2,0.08333333333333333,0.6868506479903035,0.6939782205236265
fourier,25,0.8621395881880823,2026-08-02 10:00:55.970186,2026-08-02 10:04:06.553080,0 days 00:03:10.582894,2,64,0.3213908762399077,4.998309843002088,0.2006155026177589,0.1876417350588805,0.0048726848587481,1,512,2,1,2.9416524792081794e-07,0.1038252868806011,-0.0521658763134231,9.0,-0.052524090760077,1.6021782094390975,1.022932332754135,,,,,,,17,0.8621395881880823,COMPLETE,,16.0,26,17,1,0.058823529411764705,,
fourier,26,1.2952076926849052,2026-08-02 10:04:06.670704,2026-08-02 10:08:10.909841,0 days 00:04:04.239137,4,128,0.3095722053694237,2.6748984436823755,0.1373326538278906,0.4109055855966609,0.0019772957542008,2,256,1,1,3.798917570788177e-05,0.0922504045534879,0.0774551006713106,7.0,0.0685979139370222,1.2178865801653869,1.175071391214927,,,,,,,15,1.2952076926849052,COMPLETE,,64.0,27,15,1,0.06666666666666667,2.6305265642369964,1.5170585343153487
fourier,27,1.9391179694146343,2026-08-02 10:08:11.027619,2026-08-02 10:11:59.097475,0 days 00:03:48.069856,2,128,0.1999122150993813,3.996793068348761,0.4063358459185738,0.1010671845109125,0.0001030295456935,3,512,1,1,7.157823701323399e-06,0.1076225374670078,0.1452781590245043,6.0,0.145291431248188,0.6740098963417704,0.9807223302622636,,,,,,,14,1.9391179694146343,COMPLETE,,64.0,28,14,4,0.2857142857142857,1.104179890844084,1.0503268896725284
fourier,28,1.4316855019251562,2026-08-02 10:11:59.215325,2026-08-02 10:17:12.381204,0 days 00:05:13.165879,2,128,0.392139655845751,4.294402804829817,0.2763320204977777,0.4994563730237145,0.0007710214728878,1,256,1,2,1.1085222633238336e-06,0.0921424140843252,0.1347593426306654,9.0,0.1342040865332819,1.2881454785265738,1.291961416353782,,,,,,,17,1.4316855019251562,COMPLETE,,64.0,29,17,2,0.11764705882352941,0.11808945407115257,0.24549509309147233
fourier,29,1.601992636482509,2026-08-02 10:17:12.500261,2026-08-02 10:21:20.201688,0 days 00:04:07.701427,2,64,0.251155658540103,2.199355816213896,0.1759293161928085,0.1886691243047038,5.143351906404946e-05,2,512,2,1,9.869041247504469e-05,0.087930588866584,0.1470820395314755,14.0,0.1470746377929269,0.3658405191132,0.6282242630918821,,,,,,,22,1.601992636482509,COMPLETE,,16.0,30,22,14,0.6363636363636364,0.3511645908748346,0.3385328514152576
fourier,30,1.8804808726915017,2026-08-02 10:21:20.321015,2026-08-02 10:25:06.758742,0 days 00:03:46.437727,2,128,0.3843140795880034,3.232845688334812,0.1555875097416057,0.4522975838355016,0.0001679058329664,1,256,1,1,0.00100049017999,0.1098783817253812,0.1461216339531044,6.0,0.1461547691918288,0.5219519857376341,0.8867613130559524,,,,,,,14,1.8804808726915017,COMPLETE,,64.0,31,14,4,0.2857142857142857,0.8404134582905542,0.7189776226819035
fourier,31,1.27451167834015,2026-08-02 10:25:06.875780,2026-08-02 10:28:54.210303,0 days 00:03:47.334523,2,128,0.2544425228912129,4.604982041024827,0.2147902498102446,0.1516007056086022,0.000411388780377,2,512,1,1,3.4617746273753064e-07,0.1150489440032591,0.1466547020943835,6.0,0.1467736171325668,0.466042350859396,0.7280699181059996,,,,,,,14,1.27451167834015,COMPLETE,,64.0,32,14,6,0.42857142857142855,0.5308361395240009,0.5446105699898138
fourier,32,1.4013835978643845,2026-08-02 10:28:54.326837,2026-08-02 10:32:57.823885,0 days 00:04:03.497048,2,128,0.2994192377775769,4.441465450088494,0.2554996611532191,0.1651268724332068,0.0003590603990716,2,512,1,1,4.280245558579451e-06,0.1137278407773313,0.1606773218217616,7.0,0.1610887764409805,0.4754689484243355,0.8762178008755048,,,,,,,15,1.4013835978643845,COMPLETE,,64.0,33,15,2,0.13333333333333333,2.4526114420115297,1.3939167318092018
fourier,33,2.13275063716452,2026-08-02 10:32:57.942186,2026-08-02 10:37:17.765424,0 days 00:04:19.823238,2,128,0.1939197690559616,4.051040038556973,0.2140127931170888,0.2248945579067026,0.0002425475184041,2,512,1,1,2.1803715884064317e-07,0.112521354528144,0.1342349380642796,8.0,0.1341830493319624,0.3472623836308244,0.8035333070904016,,,,,,,16,2.13275063716452,COMPLETE,,64.0,34,16,5,0.3125,0.8534299040344425,0.7894026271593739
fourier,34,1.3990598419969378,2026-08-02 10:37:17.882993,2026-08-02 10:43:31.945364,0 days 00:06:14.062371,4,128,0.2687329159895762,4.708576073733048,0.101323744146903,0.1324493361761489,0.00028548888764,2,512,1,1,2.3616209128811e-05,0.1151249920794119,0.129555760078559,15.0,0.129406973857355,0.1721387557567112,0.7974408524110913,,,,,,,23,1.3990598419969378,COMPLETE,,64.0,35,23,2,0.08695652173913043,0.7316374923479522,0.7328499092420356
fourier,35,1.3066320850738065,2026-08-02 10:43:32.063695,2026-08-02 10:48:59.595530,0 days 00:05:27.531835,2,96,0.2311561726980424,1.4174538895245454,0.2274925728402718,0.2541784630028696,0.0004847984976673,3,512,1,1,2.6767206417118528e-06,0.1139680193737149,0.1343839167850092,14.0,0.1280293050416124,0.2769491375010047,0.6767819660405318,,,,,,,22,1.3066320850738065,COMPLETE,,64.0,36,22,14,0.6363636363636364,1.0670206108777267,0.9627440621762812
fourier,36,0.1116621917656933,2026-08-02 10:48:59.714776,2026-08-02 10:50:37.370237,0 days 00:01:37.655461,2,128,0.3447356755101714,3.4208938090086796,0.1869920908336616,0.2974251183637835,0.0014417608805832,2,128,1,1,8.999853985233944e-07,,,,,,,0.0864926802110858,0.1116621917656933,6.0,0.110030041122809,0.4252175726957383,1.2636070703156292,6,,PRUNED,,64.0,37,6,1,0.16666666666666666,0.8383894976198909,0.8383894976198909
fourier,37,0.1062588041427564,2026-08-02 10:50:37.487815,2026-08-02 10:52:02.111675,0 days 00:01:24.623860,4,128,0.2154682333017724,2.567773453011944,0.3181958192526387,0.3442177599121798,0.0008083850862848,3,256,2,1,3.7998533146105073e-07,,,,,,,0.1482731818803586,0.1062588041427564,6.0,0.0939476849336642,0.8880213747200157,1.618812734882037,6,,PRUNED,,16.0,38,6,2,0.3333333333333333,0.7307913601620212,0.7307913601620212
fourier,38,1.2721549416108422,2026-08-02 10:52:02.229635,2026-08-02 10:55:25.543013,0 days 00:03:23.313378,2,64,0.2885508701336853,4.224774104642801,0.2010471700628053,0.206894753575852,0.0024635245808823,1,128,1,2,1.0948869530145769e-07,0.091264673989887,0.0249375270032032,10.0,0.0244656538032965,1.3172096301106706,0.989273126143962,,,,,,,18,1.2721549416108422,COMPLETE,,32.0,39,18,10,0.5555555555555556,1.8783617518250906,1.6969130764301452
fourier,39,0.1251845032597581,2026-08-02 10:55:25.661243,2026-08-02 10:57:03.360700,0 days 00:01:37.699457,2,128,0.3204360070525445,3.9177190911133097,0.2370555475563623,0.1719926190631409,0.0001345531296172,2,512,1,1,1.410112951356642e-06,,,,,,,0.1024622007894019,0.1251845032597581,6.0,0.1250877377732346,0.5385701261342518,0.9595685236155986,6,,PRUNED,,64.0,40,6,3,0.5,0.4209983974813468,0.4209983974813468
fourier,40,1.9934372726718437,2026-08-02 10:57:03.477374,2026-08-02 11:02:16.118962,0 days 00:05:12.641588,4,96,0.1716956405897079,2.857717355004767,0.1507760783974723,0.3226657726491859,8.055514223836673e-05,3,128,1,1,1.8625606458651586e-07,0.1237581907150646,0.1390460339995722,13.0,0.1381320892522732,0.398172619589974,0.5848252975692352,,,,,,,21,1.9934372726718437,COMPLETE,,64.0,41,21,13,0.6190476190476191,0.694031296181123,0.6023959982019688
fourier,41,1.4361847840551296,2026-08-02 11:02:16.236622,2026-08-02 11:06:36.242808,0 days 00:04:20.006186,2,128,0.1942236263241097,1.9763563554198371,0.2148236228641471,0.2212449383983997,0.0002453984716372,2,512,1,1,2.216045932258493e-07,0.1229197807842865,0.1280169641599059,8.0,0.1196446535487969,0.3797555958467816,0.9439039874821902,,,,,,,16,1.4361847840551296,COMPLETE,,64.0,42,16,2,0.125,1.2207831109134808,1.0088558747215541
fourier,42,1.6615525171528125,2026-08-02 11:06:36.362139,2026-08-02 11:10:56.331910,0 days 00:04:19.969771,2,128,0.2464976118540598,4.168712301447116,0.239133822174248,0.3700374671538488,0.0003010864223058,2,512,1,1,1.9018091276761778e-07,0.116010010386041,0.1345605986076407,8.0,0.1331930642811736,0.4037149372614092,1.0979332633316516,,,,,,,16,1.6615525171528125,COMPLETE,,64.0,43,16,2,0.125,1.0062520805687185,1.0842915754498257
fourier,43,1.5323325955657487,2026-08-02 11:10:56.450094,2026-08-02 11:19:19.520728,0 days 00:08:23.070634,2,128,0.1378991514067404,4.7679840579906045,0.1659222606560677,0.118534642270447,0.0002037092544717,2,512,1,1,4.887205923348926e-07,0.1247247998913129,0.1303876273450441,23.0,0.1255969171683925,0.1710326578736024,0.6576699214677016,,,,,,,31,1.5323325955657487,COMPLETE,,64.0,44,31,23,0.7419354838709677,0.5710212147264327,0.59567151691161
fourier,44,0.8851550315373484,2026-08-02 11:19:19.638096,2026-08-02 11:24:28.324228,0 days 00:05:08.686132,2,128,0.3669008710777118,4.019216362119145,0.2134514323654664,0.2392850649418418,0.0007191708958653,2,512,1,1,2.749593992360019e-06,0.086623908059361,0.1438897875525678,11.0,0.1425149560343319,0.355860332693232,1.072574015893042,,,,,,,19,0.8851550315373484,COMPLETE,,64.0,45,19,1,0.05263157894736842,1.510014712130503,1.3452499985193076
fourier,45,0.8042113545969142,2026-08-02 11:24:28.440911,2026-08-02 11:30:25.462119,0 days 00:05:57.021208,2,128,0.1827828635388989,4.428030370420531,0.359894617086907,0.2764677384239036,0.0001531688470187,2,512,4,2,9.9723558981399e-07,0.1016906617194763,0.1452655100884537,6.0,0.1454160472843796,0.6503951514051074,1.1878775830070178,,,,,,,14,0.8042113545969142,COMPLETE,,32.0,46,14,4,0.2857142857142857,2.2865665863330906,3.2626243083132924
fourier,46,0.1317129227061135,2026-08-02 11:30:25.582359,2026-08-02 11:31:52.643041,0 days 00:01:27.060682,2,64,0.1401477972736245,2.430784554109591,0.2863638427764442,0.1820966236402315,0.0004916843810886,1,256,2,1,1.819896359340206e-06,,,,,,,0.1144893604059082,0.1317129227061135,6.0,0.1276453164716561,0.4201095864428059,2.65728449554493,6,,PRUNED,,64.0,47,6,2,0.3333333333333333,2.2371749091021242,2.2371749091021242
fourier,47,1.577169098047619,2026-08-02 11:31:52.766636,2026-08-02 11:40:49.035860,0 days 00:08:56.269224,2,128,0.2093082575910267,3.603174568054418,0.2538151373667133,0.1371471535014882,0.0002487247786389,2,256,1,3,1.6348594935979004e-07,0.1276662686645674,0.1112035626390328,20.0,0.0984979382871339,0.2544173332917991,0.9483569926271836,,,,,,,28,1.577169098047619,COMPLETE,,16.0,48,28,3,0.10714285714285714,0.9612029566084003,0.881641498915104
fourier,48,0.3216781413573433,2026-08-02 11:40:49.155162,2026-08-02 11:56:09.954851,0 days 00:15:20.799689,4,96,0.1139403169704294,0.3127945035543821,0.123920832885161,0.1492870430826382,0.0009880199165233,2,512,4,1,0.0062266952740764,0.0989751053974032,0.1192839345273872,49.0,0.1177847577258944,0.1056321728058734,0.723168607459714,,,,,,,50,0.3216781413573433,COMPLETE,,64.0,49,50,49,0.98,0.7029810340830914,0.6568650006281759
fourier,49,1.2766889620881692,2026-08-02 11:56:10.073805,2026-08-02 11:59:52.285349,0 days 00:03:42.211544,2,128,0.2356336501241206,3.8114745280854767,0.441855618330614,0.2049308701856522,0.0015342138171821,2,128,1,1,1.0072845691674782e-07,0.1232374953455291,0.120012570063894,8.0,0.1192175374055902,0.9058446422633196,0.9334030487885078,,,,,,,16,1.2766889620881692,COMPLETE,,32.0,50,16,8,0.5,0.533797326647041,0.6325214780137194
