variant,seed,epoch,train_loss,train_main,train_aux,val_loss,val_corr_6m,val_base_corr_6m,val_path2_corr_6m,best_epoch,stopped_epoch,gap_loss
fourier,0,1,1.0630348578450226,0.763156081764722,0.9979800927260566,0.7247833100457987,0.12843073199813565,0.0767904308081294,0.12843558793344226,10,25,-0.33825154779922395
fourier,0,2,0.7770490966264217,0.5155708759670349,0.9955735797919925,0.976974788804849,0.14742436222732067,0.09163108488622432,0.14743055975995958,10,25,0.19992569217842726
fourier,0,3,0.6424528871263776,0.3964717083573406,0.9980395388981652,0.8726776794840893,0.14222851991653443,0.1056314525543712,0.14224866931326688,10,25,0.23022479235771165
fourier,0,4,0.7323687663745313,0.47890250057951433,0.9898202998770608,0.7823919845124085,0.13217594843978683,0.11510254728297392,0.13215902470207463,10,25,0.050023218137877246
fourier,0,5,0.5931326219486812,0.3504272609197592,0.9838209667849163,4.13809566013515,0.12401069752086187,0.11406227755845369,0.12344675250351429,10,25,3.5449630381864687
fourier,0,6,0.8021059123473981,0.560423326479236,0.8310683560428314,0.911883482336998,0.11903474108936886,0.1004207362420857,0.11634499198407866,10,25,0.10977756998959987
fourier,0,7,0.5781768700847078,0.3845457084510541,0.6874336078938555,0.7170816296090682,0.10326017723030721,0.07863610369167873,0.09787518216216995,10,25,0.13890475952436043
fourier,0,8,0.5901429605733101,0.42931920197639467,0.6057652117042813,0.9739977932224672,0.10846353531451314,0.08854957387084142,0.10472576825413853,10,25,0.3838548326491571
fourier,0,9,0.548379057236681,0.3718008793705863,0.62619962317296,0.7586963519454002,0.12308138937223703,0.07672444646401952,0.12218330314790364,10,25,0.21031729470871918
fourier,0,10,0.6082414698875731,0.43507731769037555,0.5964014790942966,0.6261648730685313,0.12052636191559335,0.0820489071464787,0.11863630060106516,10,25,0.017923403180958197
fourier,0,11,0.49267889440820983,0.354800714886919,0.5312868274508334,0.6849538533948362,0.12252779623522655,0.07846827998291701,0.11973649466138643,10,25,0.19227495898662633
fourier,0,12,0.5958673240693604,0.43439390670925154,0.558766015296698,0.7809554105624557,0.11073478791828771,0.07584211427783885,0.10728178409238656,10,25,0.18508808649309527
fourier,0,13,0.48428920772488393,0.3409591581812348,0.5210668199878138,0.6261724905421336,0.11173849218175747,0.07591956384324779,0.10644401017343626,10,25,0.1418832828172497
fourier,0,14,0.3943569528517343,0.24711768437687387,0.5767361990077743,0.7784295679380496,0.11512270886451006,0.07572241301337877,0.11234130455801884,10,25,0.38407261508631535
fourier,0,15,0.6246721022189521,0.49002160561110714,0.45232817611164167,1.1083442497377594,0.11534253804711625,0.06534047207484643,0.11142160639865324,10,25,0.48367214751880727
fourier,0,16,0.34971791598576285,0.22217700528330894,0.48260482504531227,1.2128970983748635,0.10965058701597931,0.07300900317689714,0.10523004984715953,10,25,0.8631791823891006
fourier,0,17,0.31227896160017404,0.18900513767733665,0.5050153486534487,0.9638671265294154,0.10846422193571925,0.07008989777532407,0.1033412561577279,10,25,0.6515881649292414
fourier,0,18,0.2616384310651541,0.15337313986177983,0.4434206869956388,1.2492805250609915,0.12026751943243047,0.07207751869379232,0.11489025618260106,10,25,0.9876420939958375
fourier,0,19,0.34694367420253536,0.20099904596179838,0.6365584605571438,0.8417137285073598,0.11633753837862362,0.08873804010023983,0.10892056510783732,10,25,0.49477005430482446
fourier,0,20,0.29441042781423127,0.17965071649306288,0.4643473193176009,0.6514690319697062,0.11887889388793459,0.08033084165072069,0.1134037524772187,10,25,0.3570586041554749
fourier,0,21,0.2864146799529119,0.17194046631892065,0.45617200196276525,0.7260841322441896,0.10354653979302383,0.08122785346252688,0.09590777559108878,10,25,0.43966945229127763
fourier,0,22,0.4244933863187076,0.2980129630162313,0.4147663883019006,0.8695738775034746,0.11349953689690058,0.08482793792985224,0.10578140245440106,10,25,0.445080491184767
fourier,0,23,0.23055501059824896,0.12387152086135858,0.4391915573500777,0.9203672627452761,0.1171101615143319,0.08270706397597678,0.11066594000537104,10,25,0.6898122521470271
fourier,0,24,0.19967083116098944,0.10888851848006709,0.3896950604186988,0.9070521375785271,0.11329891355708241,0.08356400170402291,0.10644033881835639,10,25,0.7073813064175376
fourier,0,25,0.16551314777785187,0.07122962821414436,0.41696086561228546,0.9980712112660209,0.11326095373369753,0.08405309575221812,0.1059629480044047,10,25,0.8325580634881691
fourier,1,1,1.0642331370285578,0.7643301012419489,1.0007456046721293,0.7096474369366964,0.12650334916543216,0.09285019524007415,0.1264861498416091,12,27,-0.3545857000918614
fourier,1,2,0.6733702947459523,0.419934189379097,0.9957594509635653,0.8518165957182646,0.13178402567282319,0.08685476755381387,0.13181306729093195,12,27,0.1784463009723123
fourier,1,3,0.593946911985912,0.3504737243711427,0.9995296781971341,0.7647894440839688,0.12180868095407883,0.09801826725403467,0.12181839123368263,12,27,0.17084253209805678
fourier,1,4,0.5194601631826825,0.2792571702091933,0.993545159934059,0.8137378402054309,0.13069215654095387,0.1098313861216108,0.13070259544523044,12,27,0.29427767702274843
fourier,1,5,0.4628765658726768,0.2414720864281303,0.9699135013515987,0.8935185154279073,0.1257060424890369,0.09941810220868016,0.12573971153857808,12,27,0.4306419495552305
fourier,1,6,0.4250895037123608,0.23895156564490946,0.8037009526132828,1.0444513053943714,0.11958087667201957,0.09285360316280275,0.11925097362448772,12,27,0.6193618016820106
fourier,1,7,0.46762034121072954,0.29162169718640707,0.7473437123905265,1.0156721236805122,0.11652346363989637,0.0882165223127231,0.11638239651413945,12,27,0.5480517824697826
fourier,1,8,0.3723987166415013,0.22501011551417788,0.6189024082743412,1.1861757686676961,0.10954031705429466,0.08826814175893863,0.10754284005452064,12,27,0.8137770520261949
fourier,1,9,0.3699777696093652,0.23365690033636252,0.5684203959491343,1.3097143673337996,0.1229047748784069,0.08965690278758605,0.12087879376485944,12,27,0.9397365977244345
fourier,1,10,0.4390903584019739,0.3044491315422059,0.49911166789957856,1.1817775001749395,0.13735853150331725,0.09685316804486016,0.13593387343765548,12,27,0.7426871417729657
fourier,1,11,0.3285334174233001,0.19580269939015196,0.5363906024805536,1.3502130935589471,0.12450910158416567,0.09215489833150059,0.12063747477950529,12,27,1.021679676135647
fourier,1,12,0.4679621671075149,0.34329392328982067,0.49038419642324915,0.8519120721922566,0.12310320993419736,0.08452980984002352,0.12022557494201465,12,27,0.3839499050847417
fourier,1,13,0.30066987922016,0.1676935349323615,0.5007141271285253,1.0942593549067776,0.1210970473708585,0.07477529529520931,0.1208605525738676,12,27,0.7935894756866176
fourier,1,14,0.39287786277764963,0.26892193539769166,0.49222877534935383,1.2132751950062812,0.11552132768799007,0.08189692226345263,0.11206574224246045,12,27,0.8203973322286315
fourier,1,15,0.29775737436665667,0.166633129945992,0.5388051150129041,1.2419063861171404,0.12702965096880992,0.08028995672163243,0.12448968439130112,12,27,0.9441490117504838
fourier,1,16,0.4130777508493454,0.2896033370782001,0.49082120577166655,1.369533599819988,0.13272098584566266,0.08475624450171987,0.13255348674332101,12,27,0.9564558489706426
fourier,1,17,0.3535195374307001,0.22178198464801982,0.5237519160823828,1.0340815163527926,0.12899531900960332,0.07248940786036352,0.13692686289626485,12,27,0.6805619789220925
fourier,1,18,0.31833820087125614,0.20091518502360328,0.4938495344073088,1.9015287335962057,0.13234273268220326,0.08129011611648214,0.13343051551880006,12,27,1.5831905327249496
fourier,1,19,0.2648857222178892,0.15481360129829336,0.45208018735386796,1.2075228418534,0.13381995474143574,0.08003317953262012,0.1334469097123171,12,27,0.9426371196355109
fourier,1,20,0.25703121996891226,0.14569165914637927,0.4793609519586584,1.2631101417122408,0.1221327900326287,0.08182552393797475,0.12099638106301427,12,27,1.0060789217433286
fourier,1,21,0.2436776840200071,0.13750362991277865,0.4342839221786735,1.3763045447568099,0.12713703485399794,0.08424463859737444,0.12559558335439458,12,27,1.1326268607368029
fourier,1,22,0.2433145893035486,0.12738274508566996,0.48351664532016175,1.2028016872704028,0.1245258989976719,0.08461432391001532,0.12439069561951328,12,27,0.9594870979668542
fourier,1,23,0.22680142855328056,0.11772172041271006,0.4830368324299285,1.483392733799216,0.12578122652727566,0.0910115850972943,0.12637889493877688,12,27,1.2565913052459354
fourier,1,24,0.22141624917045222,0.10943187418710537,0.47191086286733885,1.3363883136305958,0.12555329721265782,0.08997297574921201,0.12680913292764065,12,27,1.1149720644601437
fourier,1,25,0.17167278011662088,0.07563723992926419,0.4253441060222002,1.3926527743887467,0.12966372258767175,0.08784367914001147,0.1290811504314964,12,27,1.2209799942721258
fourier,1,26,0.18814020244301194,0.08597541006549132,0.45060373305432944,1.275622474324579,0.13032701786141843,0.09082270702953489,0.12965077625509971,12,27,1.087482271881567
fourier,1,27,0.16488371042226116,0.06517803302757887,0.44980815945873187,1.1938494898068408,0.12836157635319978,0.09101599082350731,0.12652225707036754,12,27,1.0289657793845797
fourier,2,1,1.1167124686023546,0.8099361184156604,0.9955866258768808,0.7652124658226966,0.13030255770039123,0.08186951639169517,0.13030689586885275,20,35,-0.351500002779658
fourier,2,2,0.7098052038678101,0.4543859365156335,0.9938353434914634,0.7904859445989132,0.12962658061878757,0.10100355089331667,0.12962956390498828,20,35,0.0806807407311031
fourier,2,3,0.5046088184629168,0.274269705718131,0.9964120153869901,0.8150156469394764,0.13515573660066973,0.10808289459188623,0.1351688677095808,20,35,0.31040682847655954
fourier,2,4,0.48107002776057,0.25481411052761893,0.9912102026125741,1.1796333212405443,0.11473425106766323,0.11043477791051069,0.11466714716516435,20,35,0.6985632934799744
fourier,2,5,0.5395658797333165,0.30777960820894523,0.9791568768402886,1.0209448834260304,0.12357574217021465,0.10426674066256965,0.12362315824721008,20,35,0.4813790036927139
fourier,2,6,0.4804116338787098,0.28076880393707365,0.8412189754834842,0.892003592227896,0.13950981541226307,0.09357650795330603,0.14187423256225884,20,35,0.41159195834918627
fourier,2,7,0.4074253041060671,0.23678480026399232,0.7458306982917415,1.0150048533454537,0.13237014158706492,0.09398426121721665,0.1356612222113957,20,35,0.6075795492393865
fourier,2,8,0.3188533006117694,0.15881988759194124,0.7077477813496472,0.847530465417852,0.12770106981818874,0.10050585595308803,0.1282228343654424,20,35,0.5286771648060826
fourier,2,9,0.3815543580980635,0.22470845582675453,0.6617072825277189,0.935583820194006,0.13825332690030337,0.10148806267728408,0.13764368017048886,20,35,0.5540294620959425
fourier,2,10,0.35796231251313454,0.21888914932064438,0.5795879915901408,0.77213136938711,0.128390741860494,0.10108938176029672,0.12640048755565658,20,35,0.4141690568739755
fourier,2,11,0.5292565576355195,0.3059987257179345,1.023815724373038,0.8253781100114187,0.14789130560529884,0.09794853429193609,0.14652865955528493,20,35,0.2961215523758992
fourier,2,12,0.3423559995509485,0.2032596450960718,0.5999059644051042,0.6554627990971009,0.1289638397167437,0.0911917955459406,0.127544978451139,20,35,0.31310679954615245
fourier,2,13,0.27713878362971756,0.1460099003383715,0.5705598519937142,0.6868776763478915,0.12165835557195047,0.08969933798653074,0.12149349368022135,20,35,0.409738892718174
fourier,2,14,0.37227583292221267,0.2524556686260896,0.5183695796663487,0.6928195333108306,0.13242754668851073,0.09566922930340903,0.13312615125905722,20,35,0.3205437003886179
fourier,2,15,0.28808870070636095,0.16995569173844066,0.4947614069946761,0.6722423175660273,0.13072047265401732,0.09432627326981068,0.1313362082815729,20,35,0.3841536168596663
fourier,2,16,0.24899746521213462,0.13278998645520407,0.5163517627639496,0.7224483288824558,0.124601035254697,0.09400159960302214,0.12220840593023846,20,35,0.4734508636703212
fourier,2,17,0.2716118713308658,0.16681215341375155,0.44394961613071493,0.842196913001438,0.13949329915922135,0.09856280582995774,0.13758631500337895,20,35,0.5705850416705722
fourier,2,18,0.24180316354244177,0.12635339166593887,0.49614203174098204,0.6537291994318366,0.13528639985015617,0.09988272878302572,0.13408290241689733,20,35,0.4119260358893948
fourier,2,19,0.2144490251158704,0.09483686181979853,0.5347166086406805,0.6282646813740332,0.13099765040290853,0.10230338957432347,0.12789267279198005,20,35,0.41381565625816286
fourier,2,20,0.19568241949656068,0.09119378421110645,0.4685329558882268,0.582165023436149,0.13045220044829572,0.10427696721744724,0.13005133490272178,20,35,0.3864826039395883
fourier,2,21,0.24033964718211562,0.12277931924774156,0.5212979674988818,0.6181211167946458,0.1308373394422233,0.0981396313989535,0.13225600061111134,20,35,0.3777814696125301
fourier,2,22,0.18304773491007156,0.0830046123705545,0.4537896811237257,0.6999968957776824,0.13355144259985535,0.09956348205450923,0.13365499808181389,20,35,0.5169491608676109
fourier,2,23,0.17487714850964645,0.07243915932130156,0.4581987475099913,0.7600254906962315,0.11798582034340749,0.09590150670555886,0.11689125098782824,20,35,0.5851483421865851
fourier,2,24,0.19436571922426718,0.09465077621367646,0.4490636154574127,0.8021312037482857,0.12538285911626493,0.09561201732140034,0.12474985788576305,20,35,0.6077654845240186
fourier,2,25,0.2055989990300972,0.08167891769476733,0.5718471110213786,0.7057757277662555,0.11758473520167172,0.0888003301845553,0.11695797987825547,20,35,0.5001767287361583
fourier,2,26,0.17741758775498187,0.08186278311288547,0.41168935038949134,0.6575387908766667,0.12048132395527016,0.08811654386809095,0.12021716985230645,20,35,0.4801212031216848
fourier,2,27,0.17409481176929104,0.0796785169567902,0.41691972788294696,0.7205355611629785,0.11564588548111109,0.08127393918002782,0.11489379485089254,20,35,0.5464407493936874
fourier,2,28,0.20077773664074594,0.1145900032167906,0.36691999687612886,0.6809015403191249,0.1193962886944064,0.08643785273501028,0.11855497072877673,20,35,0.4801238036783789
fourier,2,29,0.20229486214913547,0.11571947564355123,0.37456391763845726,0.583767099181811,0.11738933965486163,0.08289739437556515,0.12303406878684958,20,35,0.3814722370326755
fourier,2,30,0.21629656962209587,0.12932890966356314,0.37984606458603737,0.6913699219895837,0.1325991186623772,0.08128640985426804,0.13551988841500134,20,35,0.4750733523674878
fourier,2,31,0.14744132921369452,0.07113465557435597,0.3362959569077926,0.6712882841937244,0.12161505374436578,0.08227033706692358,0.12221285365327882,20,35,0.52384695498003
fourier,2,32,0.19822851763502325,0.10939291079852057,0.382844838861368,0.7003218603630861,0.11772017426555977,0.08150079959790067,0.11711412758255998,20,35,0.5020933427280628
fourier,2,33,0.14924094817667669,0.07424574608744448,0.32516969186990535,0.6294209919326629,0.11910283101412157,0.08336801916981737,0.11992912179557606,20,35,0.4801800437559862
fourier,2,34,0.13716666028642702,0.062310725082953794,0.3404467008626672,0.6369084424339235,0.12196606788784266,0.08198325893996904,0.12471918017884794,20,35,0.49974178214749654
fourier,2,35,0.11315433788741569,0.041010279276941994,0.32799120972589346,0.6651525675008695,0.11563170594163238,0.08210385733982548,0.1165129890354971,20,35,0.5519982296134538
fourier,3,1,1.0821114856572378,0.7800452044355639,0.9972986574210818,0.8027762147287528,0.12601328865081693,0.10014960252059003,0.1260118748061359,18,33,-0.279335270928485
fourier,3,2,0.742256323437369,0.48180860345601084,0.9973746131336878,1.0699203506112098,0.12312000712651448,0.10967793732415884,0.12305671544357513,18,33,0.3276640271738408
fourier,3,3,0.6629157472579252,0.4176303389313445,0.9988051872877848,1.1103231720626354,0.13769725556485354,0.11731801870046184,0.1376570333726704,18,33,0.4474074248047102
fourier,3,4,0.4720630512705871,0.24202533444798655,0.997942903448665,1.186873238782088,0.13449101314569514,0.12021322537524005,0.1343650430906564,18,33,0.7148101875115008
fourier,3,5,0.37604384609158076,0.16188520920315563,0.9810822674679378,1.2223404434820015,0.1312693878232191,0.11011141180836906,0.13062063822095904,18,33,0.8462965973904208
fourier,3,6,0.5371000386538014,0.3362459378852873,0.8044685712232004,1.816611409932375,0.1326400867352883,0.09542342577915405,0.12840198726044036,18,33,1.2795113712785735
fourier,3,7,0.3433239889397685,0.188204251844798,0.6988357729906778,1.1230462739864986,0.12374084119995435,0.09545139796973671,0.11886580575373955,18,33,0.77972228504673
fourier,3,8,0.32562060969778234,0.1761973288038108,0.6528326628936661,1.166921538549165,0.12646656615349153,0.09745996671845206,0.12287558881022657,18,33,0.8413009288513826
fourier,3,9,0.3110204181885199,0.1737024242041167,0.604652409241074,2.2777626369148494,0.13079758402891456,0.09731512887131734,0.12468585091022154,18,33,1.9667422187263295
fourier,3,10,0.3101968781519977,0.173392435712974,0.5935208934079417,1.2472383838767807,0.12845813025099537,0.10416468094238857,0.12095465489934819,18,33,0.937041505724783
fourier,3,11,0.2732624820995307,0.14215345970301818,0.5773510424486893,1.2881399728357792,0.11653727299999446,0.10472583362522224,0.11041598192726572,18,33,1.0148774907362486
fourier,3,12,0.25666917714711635,0.12690113501259448,0.5774938028582024,1.0592048137138288,0.12190216737799346,0.11243425488937646,0.11822658842429519,18,33,0.8025356365667125
fourier,3,13,0.268453436508213,0.14162798818299502,0.5675169769508231,1.3486860076586404,0.10332948220893741,0.09897140278092896,0.0979828182743707,18,33,1.0802325711504275
fourier,3,14,0.2559970303213165,0.1336723223057164,0.51865953701989,1.7303346748153368,0.10196284945510949,0.10766687646391801,0.09327763287292327,18,33,1.4743376444940202
fourier,3,15,0.28875826984008274,0.16327076979590827,0.5162110090432143,1.4101030106035373,0.10751063106581568,0.10767994693790874,0.09697274384864916,18,33,1.1213447407634545
fourier,3,16,0.29598396680768696,0.18708671695529103,0.4575709932043018,1.886194892693311,0.13210945846512914,0.10655565612250939,0.12335959505289792,18,33,1.590210925885624
fourier,3,17,0.22220089998177533,0.10297153753327938,0.5479420754714983,1.7753616742168863,0.12473293282091617,0.1068721073505003,0.11673017878395815,18,33,1.553160774235111
fourier,3,18,0.20420113015672312,0.09219249450465185,0.5036635733888235,0.9341282020012538,0.1062523902238657,0.10093716733778517,0.09763055179889003,18,33,0.7299270718445307
fourier,3,19,0.2257560125953104,0.09341853736810445,0.6069302409708303,1.9785914016111443,0.1106552220803375,0.0953685625931636,0.10589902560847501,18,33,1.752835389015834
fourier,3,20,0.2503711223548707,0.14810697490777908,0.4547537195543959,1.9587102593233188,0.11525236276599268,0.09794364375411532,0.10452582351863385,18,33,1.7083391369684482
fourier,3,21,0.20712312665377144,0.10876067103818005,0.4427642738488152,1.8629686381667852,0.11596703626370679,0.10571748050958073,0.10781351314411343,18,33,1.6558455115130137
fourier,3,22,0.19478260887978924,0.10227084650606476,0.4049892692483716,1.6079189439614614,0.11171137354540406,0.1093758993180624,0.10277568714033501,18,33,1.4131363350816721
fourier,3,23,0.19989845111997548,0.09992707426650553,0.45092916256285187,1.4527374496062597,0.1087306933007009,0.107919263325554,0.09592758902193357,18,33,1.2528389984862842
fourier,3,24,0.22722251989716102,0.13093886351591058,0.42165746350148103,1.3699174827585618,0.11969047876912858,0.10593557671527379,0.11410239371277081,18,33,1.142694962861401
fourier,3,25,0.22593809009338164,0.11643864414152302,0.448134943408135,2.07609230602781,0.12592965317307972,0.10497905373631511,0.11153691138606518,18,33,1.8501542159344282
fourier,3,26,0.20087767344491098,0.10826883893197364,0.4160790923430204,1.3955623142421245,0.12632907348840186,0.10463118146678123,0.11888962807909896,18,33,1.1946846407972136
fourier,3,27,0.2014413629205794,0.10057771371859596,0.43840393543553635,1.0564648644067347,0.12326316113273303,0.10650704829798391,0.11722470206441357,18,33,0.8550235014861554
fourier,3,28,0.16701447911835868,0.07736420992286985,0.4015439061477659,2.0575879302496713,0.12836740306423355,0.11002686819410883,0.11991996700526215,18,33,1.8905734511313126
fourier,3,29,0.166980932960065,0.07958355708885718,0.3907723379034862,2.32695479542017,0.1228603660982723,0.1108555541994671,0.11581412035350998,18,33,2.159973862460105
fourier,3,30,0.1443980272659766,0.06439321130675227,0.36021675578883733,2.4162280831485985,0.12470277224298722,0.1152569470058855,0.11462898537671815,18,33,2.271830055882622
fourier,3,31,0.13407577590606662,0.054523358627566014,0.36392386855210396,2.1263181368509927,0.12242159870220348,0.10502045279523979,0.11438286507036537,18,33,1.992242360944926
fourier,3,32,0.13279548579353898,0.057938025532606956,0.34230517427045376,2.267327316602071,0.12212045424967073,0.10186937017521511,0.11638912806550555,18,33,2.134531830808532
fourier,3,33,0.13116426430716518,0.05473355716312906,0.348934536897293,2.1280162510772547,0.12401742550234,0.10391066199614822,0.11641810454893857,18,33,1.9968519867700896
fourier,4,1,1.0862604560005287,0.7845845667050324,0.9998764116612692,0.8036445299784343,0.12825180855579674,0.08312164222588762,0.1282587195125719,16,31,-0.2826159260220944
fourier,4,2,0.8299301272583386,0.5565449439127983,1.003576024657204,0.7905110652248065,0.12352459477260709,0.10555512097974619,0.12347050346434116,16,31,-0.03941906203353207
fourier,4,3,0.5778286519741255,0.3334840051011543,1.0007612584602266,0.924655120074749,0.12189418574950348,0.1124470211158041,0.12184738752742609,16,31,0.34682646810062356
fourier,4,4,0.5352179846238523,0.29873466281987066,0.9986922714918379,0.9329709060490131,0.1218296369848152,0.11335849304062624,0.12177547032867247,16,31,0.39775292142516083
fourier,4,5,0.46947574035988915,0.24040564548631002,0.9925641599628661,1.0388590782880782,0.129438383015804,0.10853374667543297,0.1293631608520324,16,31,0.5693833379281891
fourier,4,6,0.3912103396529953,0.18262818706677847,0.8970299089948336,1.1136321475108464,0.12850332339294254,0.08541284687040994,0.1276153090992011,16,31,0.722421807857851
fourier,4,7,0.3200745752805637,0.15661617584308013,0.7317345126047878,1.4300878696143626,0.13679703346764047,0.08873285018683721,0.13549594706079612,16,31,1.110013294333799
fourier,4,8,0.37550807884702136,0.21911791799314304,0.6413016041966214,1.0474640702207882,0.1279589999408927,0.08929221641543943,0.12498666134488304,16,31,0.6719559913737669
fourier,4,9,0.3306350929640411,0.1914404958109889,0.577524646527193,0.9951153501868248,0.12913839496904983,0.09782647311997911,0.12301437716232613,16,31,0.6644802572227837
fourier,4,10,0.2955776484210103,0.16582545147946168,0.5423867392061751,1.1526735061158737,0.129421351927643,0.0948184496567895,0.12260908519771571,16,31,0.8570958576948634
fourier,4,11,0.2869703027351375,0.16538852810660162,0.4919515542158565,1.1618671408543984,0.13170801878441124,0.09806392535877724,0.1250861068382316,16,31,0.8748968381192608
fourier,4,12,0.268095230970103,0.15116350557066235,0.48885199048250105,1.186785866211479,0.11991141613883277,0.09687038780345271,0.1095909203994476,16,31,0.918690635241376
fourier,4,13,0.2603371567240665,0.1408807250267948,0.5000188210113496,1.3095320495466392,0.12101568082192292,0.09721446056306983,0.11640232222077126,16,31,1.0491948928225727
fourier,4,14,0.22822395181246397,0.1213884287815272,0.4585387580963658,1.2307411484109858,0.12370392866044616,0.09892718084156513,0.11609752769970025,16,31,1.0025171965985218
fourier,4,15,0.2358951189057229,0.10761985889832042,0.5774658942931897,1.245169958472252,0.1171412056311965,0.09680883300025016,0.11013133563877393,16,31,1.0092748395665292
fourier,4,16,0.23098557495275543,0.11655213635657086,0.5049935168043169,0.9576378660276532,0.12956775443162769,0.10510384538210929,0.12249819880040984,16,31,0.7266522910748978
fourier,4,17,0.20866413504838766,0.11041553526356149,0.41621790059270863,2.734190828477343,0.12838536005777618,0.09936217951277891,0.12242614497275402,16,31,2.5255266934289553
fourier,4,18,0.23511964926220816,0.119230879465397,0.49433583995180164,1.6054443904043485,0.12191784045038125,0.09415882603110125,0.1166919803324466,16,31,1.3703247411421404
fourier,4,19,0.2858292875725532,0.10638135803921094,0.8448867445237868,1.1404075854768356,0.12412349906517192,0.09234245403980215,0.11867477057191232,16,31,0.8545782979042824
fourier,4,20,0.2047558821260094,0.1036123958013211,0.43445867202661875,1.5703048057233293,0.10745818342159813,0.09316310620245834,0.10098527807276696,16,31,1.36554892359732
fourier,4,21,0.20928168097914693,0.10745377685380873,0.4451540755897671,1.2622763782429198,0.12325067913237338,0.09684943666992088,0.11510495072387433,16,31,1.052994697263773
fourier,4,22,0.25145755369319683,0.13834344021379294,0.46574051301279956,1.2826477486640215,0.12485923659987748,0.09513549851253629,0.11930438955314457,16,31,1.0311901949708246
fourier,4,23,0.23745282795021516,0.1181457660005834,0.5070366235944791,2.112537180321912,0.12705251920657853,0.09285539331225058,0.12117322625902792,16,31,1.875084352371697
fourier,4,24,0.1974002008588748,0.10916941624279682,0.3766249242807611,1.2112862286468347,0.12381112168853482,0.10132745141939571,0.11665526633150876,16,31,1.0138860277879598
fourier,4,25,0.167735875102817,0.0835967198720755,0.36412576817383524,1.2498777699967225,0.11946587888717962,0.09515764761405686,0.11276848430667694,16,31,1.0821418948939054
fourier,4,26,0.19320447515005187,0.10284784718353922,0.3967579030241679,1.057881274136404,0.11631350273576875,0.08939488221270343,0.11160174253576163,16,31,0.8646767989863522
fourier,4,27,0.1748678364295749,0.0854577925380804,0.3898638199847734,3.0619699778035283,0.12191875890518228,0.10359832569180677,0.11741953402136764,16,31,2.8871021413739535
fourier,4,28,0.15354373321835219,0.07168068121339162,0.36571132894533503,2.773580048419535,0.11877548144354175,0.10009196961376195,0.1134170601493679,16,31,2.6200363152011827
fourier,4,29,0.179223424511119,0.09683308022136115,0.3761084780951009,1.7570006772875786,0.11794277682589988,0.09905863946769386,0.11272494168176005,16,31,1.5777772527764595
fourier,4,30,0.14821986151796337,0.05925489267127569,0.4143668139147358,2.2339830112953982,0.11886368463747203,0.09937359503625581,0.11106900657954005,16,31,2.085763149777435
fourier,4,31,0.14370311210892858,0.062011005008897994,0.37910217738496543,3.96599058729286,0.11304980271185437,0.09379056077062463,0.1079414079276224,16,31,3.822287475183931
linear,0,1,1.214191627230436,0.7379321513497936,0.7452259498619703,0.9701877444982528,0.1351772002953415,0.13117054102476686,0.13008136587838331,10,25,-0.2440038827321832
linear,0,2,1.0941138730813114,0.7878787296534002,0.5515881469035531,0.8532505702227354,0.1300251600254948,0.13636159506083156,0.12315959688567091,10,25,-0.24086330285857593
linear,0,3,0.8537481464371677,0.6116814293743682,0.4770286045037512,1.2734897565096617,0.13444551046898898,0.1228576598194195,0.13040482958313077,10,25,0.419741610072494
linear,0,4,1.4313551945508354,1.0696057455601446,0.48475360291695324,1.3503928485016028,0.1363287119815747,0.11812456880385677,0.1350084265694022,10,25,-0.08096234604923258
linear,0,5,0.6582363390895937,0.4384627173352754,0.4343065291401535,1.0340244281416138,0.14433563000735983,0.12404156227518494,0.14319129526847973,10,25,0.3757880890520201
linear,0,6,0.9062180485768568,0.6238674222397479,0.6642330513288095,1.2821224042835335,0.14635858754821432,0.11671434233358013,0.14557455265069924,10,25,0.3759043557066767
linear,0,7,1.4041367644510632,1.0915843280230166,0.4808314591558132,2.088456834293902,0.12569253286346793,0.12393848303278597,0.11961506990871082,10,25,0.6843200698428387
linear,0,8,0.8218511847708936,0.6046601014100601,0.4024454306426638,2.699232714623213,0.14385178912780247,0.10424866630152489,0.1450450110094001,10,25,1.8773815298523193
linear,0,9,0.5578830951043139,0.3525658889844919,0.447590200770286,1.549980701195697,0.13311203299866367,0.11198701513931156,0.13267190533224493,10,25,0.9920976060913831
linear,0,10,0.49779106866677353,0.30807887466000505,0.3776224543932715,0.9654100742035856,0.15073633710077652,0.12069490854628384,0.15202813904810075,10,25,0.46761900553681207
linear,0,11,0.5572483404253107,0.3627152958239412,0.4463644549958709,1.7924799298867584,0.1407960086517657,0.11951592550612986,0.1401568021751397,10,25,1.2352315894614478
linear,0,12,0.7039856425567811,0.4392347258213446,0.7309206129833882,1.7815355185419322,0.13367976043373347,0.09794525553976806,0.13319296711900583,10,25,1.077549875985151
linear,0,13,0.5583406276908511,0.375799911406163,0.4575702291643658,2.348086631235977,0.13162136000270644,0.12098803983147567,0.12933172987153133,10,25,1.789746003545126
linear,0,14,0.4152107494045927,0.26829008252346126,0.3384352736703903,3.456889738080402,0.13734451903728767,0.09956234553440785,0.1350682596443221,10,25,3.0416789886758093
linear,0,15,0.43048268070514684,0.24786629992041662,0.48145073427713214,1.7743702032603323,0.13274649280744294,0.0925028305190305,0.1269133433699608,10,25,1.3438875225551854
linear,0,16,0.4238234625520399,0.2716387631155775,0.37207505816006026,2.720250031289955,0.13129882654951264,0.10251368417521008,0.13051490776706487,10,25,2.2964265687379153
linear,0,17,0.45418716971124967,0.3144030030004801,0.2916581659665063,2.4580406679771842,0.12152109134282606,0.1055057997815311,0.11814904233130316,10,25,2.0038534982659346
linear,0,18,0.6185483340052,0.4394129473709938,0.380683525138184,1.7907988981654246,0.12509763966081663,0.109531165791365,0.12174236957992737,10,25,1.1722505641602246
linear,0,19,0.31125454523966517,0.17821003654705647,0.2813892285407286,2.5448792326419305,0.12071683371905237,0.0965522572475796,0.11730134334065952,10,25,2.233624687402265
linear,0,20,0.30128898127568104,0.17718900571823282,0.274401067842439,6.449221608725687,0.1261262057630423,0.12161204409785568,0.12179352012462914,10,25,6.147932627450007
linear,0,21,0.3306577426228037,0.16934100976747563,0.4527377427701443,6.978926842908065,0.11295327004045248,0.09863848307480415,0.11221017009035374,10,25,6.648269100285261
linear,0,22,0.3340945613685079,0.19262041339576055,0.3281491529026151,4.582278138228381,0.12217897867473464,0.11349565115136405,0.1216138031109343,10,25,4.248183576859874
linear,0,23,0.23241976236241743,0.12374883489785914,0.2617188818019294,4.371909398616602,0.11828784126943598,0.09845156703086104,0.11815234540069165,10,25,4.139489636254185
linear,0,24,0.3426315090425002,0.24507749485368596,0.20983529206514576,6.642515044938773,0.1174703019632337,0.11219719580840319,0.11542864551302046,10,25,6.299883535896273
linear,0,25,0.2731083232026163,0.17464191252966949,0.21009658035740764,4.76354384199949,0.12202739529311657,0.11408465169370174,0.12122153514064848,10,25,4.490435518796874
linear,1,1,1.2010036110286675,0.7216546073721273,0.7396020329897366,1.032102671265602,0.1315922441271444,0.12279760848420361,0.1318876269661511,6,21,-0.16890093976306542
linear,1,2,0.8541536119190001,0.5492868708626588,0.5230059060961052,3.7361112967133523,0.1368046695890371,0.11577004824988156,0.13966875520224373,6,21,2.881957684794352
linear,1,3,1.1761220380301691,0.9126117637170316,0.5151792999656348,1.3650897063314915,0.13307738395718235,0.12221988192371404,0.131319293876489,6,21,0.1889676683013224
linear,1,4,1.23595761850528,0.848106504249506,0.43998733899214254,3.9556720048189162,0.13578572788586218,0.13083165479135156,0.1276991898349176,6,21,2.719714386313636
linear,1,5,0.9056868666694278,0.6587723859273331,0.5433923610215292,0.9997381730626027,0.13506453981002173,0.1231262131089655,0.13269635254206757,6,21,0.09405130639317494
linear,1,6,0.6989229289363952,0.45863834356935385,0.49716334438226256,0.8197228646526734,0.11996259475126862,0.12691822423657867,0.1138553335952262,6,21,0.12079993571627823
linear,1,7,0.6698530572263287,0.45327687979517167,0.4967885810226526,1.3190935553361973,0.13587715410006543,0.12109744041226804,0.13396760920683543,6,21,0.6492404981098686
linear,1,8,0.5571428844659028,0.33436747268892114,0.4377191176667894,4.594327528929958,0.13261233772306394,0.11611418595615154,0.131440014205873,6,21,4.037184644464055
linear,1,9,0.706088398735682,0.4836190204626134,0.42650429076022034,4.473848301793138,0.13542861763077477,0.11904858383738125,0.1338360724815478,6,21,3.7677599030574562
linear,1,10,0.7008157105883583,0.4451701293574168,0.6018004431151687,3.5783411633223294,0.1464511995164988,0.12654372799831132,0.14442966061954696,6,21,2.877525452733971
linear,1,11,0.5223394215055224,0.31031576767909863,0.3940809008275495,5.172028377527992,0.13514347472907198,0.12481060838933142,0.1299165591287116,6,21,4.6496889560224695
linear,1,12,0.678347293148926,0.4304882205894132,0.6692587218201073,1.4452226898943386,0.13058930668242585,0.1224575626780279,0.1272309948282782,6,21,0.7668753967454126
linear,1,13,0.5255098253089402,0.3278667247122651,0.42234843820300383,3.8667607988463715,0.14174733966744194,0.1359230749231453,0.13497042340459303,6,21,3.341250973537431
linear,1,14,0.560305569443338,0.40044251659735763,0.4075126723087773,2.795875662006438,0.14302408994796376,0.1225923332075278,0.14226118714432232,6,21,2.2355700925631
linear,1,15,0.5661218645418846,0.38149253128496197,0.43168172584869136,2.17896619355306,0.1330875469003028,0.11547389853900919,0.13228158177844307,6,21,1.6128443290111756
linear,1,16,0.5375980263176773,0.35584668986962603,0.3364702154142342,6.534324944888552,0.1357943872222677,0.12654286465452363,0.13401680958243864,6,21,5.996726918570875
linear,1,17,0.3512078013071524,0.20870758552447505,0.2825728305238838,5.192983926770588,0.13249714126965653,0.11258847625770917,0.13180192715177932,6,21,4.8417761254634355
linear,1,18,0.3156592325928311,0.17641034497511496,0.2987269822440538,3.0738540027445804,0.1341945187576736,0.11452786491330093,0.13339087654215595,6,21,2.7581947701517495
linear,1,19,0.304368131330222,0.1796279789525842,0.2823206496464499,4.328192053921521,0.1297815161701389,0.11830438560185333,0.12846539928965892,6,21,4.0238239225912995
linear,1,20,0.33846870221526526,0.21107996739868082,0.22580553214773103,1.9330686338245868,0.13508253515077134,0.11014610004688924,0.13457490977210304,6,21,1.5945999316093216
linear,1,21,0.2140933255656227,0.11616895219133637,0.2169476034884668,1.515592226292938,0.13355869442069282,0.11528124231845141,0.13244823237182574,6,21,1.3014989007273152
linear,2,1,1.2194250355814658,0.7447025407801404,0.7532897301402594,1.3724452612300715,0.13442355829756708,0.11759923811769113,0.13527884606737645,6,21,0.15302022564860573
linear,2,2,1.2057056980621483,0.8642316962888423,0.6851192621065171,1.859825092057387,0.14004517213907092,0.1277588806192701,0.14221180376286308,6,21,0.6541193939952388
linear,2,3,0.9272903492415531,0.6365856786311533,0.4601216823804342,2.9937922534843286,0.14263275316140303,0.12983770824503155,0.14325796704894553,6,21,2.0665019042427755
linear,2,4,0.7977136166041924,0.5427717906575813,0.5146917346218187,2.4373679098983607,0.1315645366247433,0.12360206716887963,0.11995402833757302,6,21,1.6396542932941682
linear,2,5,0.5828195668180429,0.31345400156336456,0.5633740964341476,2.2921845856433114,0.12579000902672607,0.11325256891238193,0.12459832224218796,6,21,1.7093650188252685
linear,2,6,0.7810213046115158,0.49051231903793935,0.503929561298921,1.9057366638444364,0.13308097857467752,0.1279003938466,0.13062298321553195,6,21,1.1247153592329207
linear,2,7,0.979401232713061,0.6199306530784928,0.590362064340532,10.227383828659852,0.12727076039106275,0.1266033460095059,0.12136611618722479,6,21,9.247982595946791
linear,2,8,1.2067479542495834,0.8941752727275365,0.6081980306961585,3.0542180004219213,0.12652785941027106,0.12196586806870376,0.12078689339881142,6,21,1.847470046172338
linear,2,9,0.578666067489336,0.3834600810251751,0.40185657924821355,3.0460737153887747,0.11332785282284022,0.10470871380530297,0.11089179639141851,6,21,2.4674076478994387
linear,2,10,0.524767165813255,0.3461865390896828,0.3596780421095575,13.832783058906594,0.10597339418988365,0.11830806836175421,0.10357233597508943,6,21,13.308015893093339
linear,2,11,0.4801994995066216,0.2738977650238858,0.4166258984850858,3.6959042927250265,0.11714479885219285,0.10901393472837904,0.11152141329851778,6,21,3.215704793218405
linear,2,12,0.5518177931810478,0.39964425615074733,0.3005110629040233,4.985783583546678,0.11452530500634263,0.11123302273917943,0.10930542976711877,6,21,4.43396579036563
linear,2,13,0.37587926539755057,0.2359363661114435,0.28352521902739963,9.96733539380754,0.11138431092064517,0.12227806515681247,0.10831488639426728,6,21,9.59145612840999
linear,2,14,0.3918729067169359,0.2518389219921507,0.32939780989798034,10.512419898745915,0.11508625606851032,0.1202846557678034,0.11162429718145479,6,21,10.120546992028979
linear,2,15,0.441373116750684,0.23262279375181255,0.5902903406088167,2.8672542706131936,0.1256426317927738,0.12427449453389272,0.11452948200737106,6,21,2.42588115386251
linear,2,16,0.3383529854897735,0.2065157515183414,0.33757740998974456,3.739952933819344,0.11803971694971552,0.12139974613673984,0.11442741273494902,6,21,3.4015999483295705
linear,2,17,0.3965979620282139,0.27579399596795645,0.23263076685502854,5.281425306736492,0.1123750021312541,0.10862241036569079,0.11024824844207615,6,21,4.8848273447082775
linear,2,18,0.2726027662172869,0.14116196720738208,0.3359945539417938,4.746254795324058,0.11248395837998638,0.11507147786517938,0.10881405596640738,6,21,4.473652029106771
linear,2,19,0.215372599973177,0.10996110900768169,0.26624305704797463,4.248782684452211,0.11760401136206913,0.11127110440284013,0.11465744935897722,6,21,4.0334100844790335
linear,2,20,0.2733305828070216,0.16596693292699646,0.2382481185643692,4.007020330553254,0.11849878629824767,0.11483095219979683,0.1147591248465081,6,21,3.733689747746232
linear,2,21,0.1909321809206241,0.10092527097276074,0.22013386512572736,4.053453378860528,0.11243509190777938,0.11826102808117867,0.10846291896984137,6,21,3.862521197939904
linear,3,1,1.2399514008254287,0.7565507502482173,0.7948407699291166,0.9713498465716839,0.12975461144621173,0.11581146197083096,0.13010317881125957,15,30,-0.26860155425374477
linear,3,2,1.3016623801566543,0.9923309492039282,0.5687810935794713,2.061835372323791,0.1389109237740437,0.13011826568060011,0.13305414887145162,15,30,0.760172992167137
linear,3,3,1.2742232622935377,1.0263672294596031,0.5216648780707536,1.7590069527427354,0.1358008187574645,0.12650900232838466,0.13285489746679863,15,30,0.4847836904491978
linear,3,4,0.9134047666882416,0.6440528444001814,0.48679328854470644,2.254738843875627,0.13650069980261226,0.12570251585760464,0.1310013491815577,15,30,1.3413340771873852
linear,3,5,0.9790262013197034,0.6539996864160011,0.4487258539422873,4.590349727698292,0.13821155480109154,0.12507796467252774,0.13583799052673082,15,30,3.6113235263785883
linear,3,6,0.7638774584564898,0.5065390435093333,0.3947660534400993,5.0207486967439765,0.1364179162706326,0.12124919265819092,0.134287010263688,15,30,4.256871238287487
linear,3,7,0.6271194243500571,0.4357008366518516,0.37428541732210835,4.019409709672133,0.13707070003147237,0.12236712515975039,0.13513760131318123,15,30,3.392290285322076
linear,3,8,0.45807920883794034,0.29109839754421174,0.34474366199417733,6.432896642449001,0.12856642188271508,0.12624448780552483,0.12153023362546568,15,30,5.974817433611061
linear,3,9,0.3430752853908214,0.1796790452901607,0.3350297039201645,4.504178611127039,0.1297356836885835,0.11965610211870323,0.12859210678531477,15,30,4.161103325736218
linear,3,10,0.41219416055768276,0.25130096141625863,0.35949639497154734,10.966787819331511,0.1375045374656717,0.13087472413026263,0.12877064103571076,15,30,10.554593658773829
linear,3,11,0.41711704627775203,0.24354246218578493,0.4560634025095815,6.107270079044004,0.12008146124426275,0.10345782159517208,0.11811770251952111,15,30,5.690153032766252
linear,3,12,0.3364713690038087,0.1840996778696718,0.397084692444424,3.193114024819806,0.12245289150159806,0.11231615159971019,0.12100021754352687,15,30,2.8566426558159974
linear,3,13,0.3189485017062416,0.1902378357364096,0.2408992924967258,5.018871072291707,0.13091500167550596,0.11846709082019516,0.12819763245206559,15,30,4.699922570585465
linear,3,14,0.29568221316800364,0.17775316120858034,0.26211855336286105,4.8549277448095385,0.12839777805784253,0.12409166521392763,0.12602714204307025,15,30,4.559245531641535
linear,3,15,0.3125523604814791,0.19554250502683534,0.2864551199948307,1.6597708683771393,0.12651711775106378,0.12474852361095448,0.12400694640236906,15,30,1.3472185078956602
linear,3,16,0.33070656883073896,0.21573436089377065,0.29920434403386875,3.1988447486500564,0.12393195957993157,0.10651194153664013,0.1230279034934938,15,30,2.8681381798193173
linear,3,17,0.5601969997108441,0.47506734358292246,0.19394135632569126,2.1813673712313175,0.12724729541223495,0.11188499938386182,0.12560783546650783,15,30,1.6211703715204733
linear,3,18,0.48067436566703864,0.33443969448387045,0.3471068218112534,5.663062719938655,0.12740443076812275,0.1331250234739855,0.12095785028844451,15,30,5.182388354271617
linear,3,19,0.4405264840560781,0.3313540879695709,0.2241453797389676,2.934411073476076,0.12144228961939613,0.12032700344376887,0.12035519116713354,15,30,2.493884589419998
linear,3,20,0.20825896429781254,0.12086936447492859,0.21990508794017063,3.09609418772161,0.12415691312247266,0.09848703580598037,0.12327889637090265,15,30,2.8878352234237976
linear,3,21,0.2948586182670653,0.18691447849244106,0.24809472188207876,2.1796080173614123,0.13074462535587372,0.10530037962986777,0.1304230519065944,15,30,1.8847493990943471
linear,3,22,0.25098427371417603,0.15184721351990793,0.2762961671879658,2.756651393401747,0.12832544555033867,0.12852624881779776,0.12621005870169028,15,30,2.505667119687571
linear,3,23,0.26841174956736347,0.17282183654456204,0.23828402361423576,2.3011204238670566,0.13840844824250478,0.1395400946882243,0.12588262535864486,15,30,2.032708674299693
linear,3,24,0.1974856095263339,0.1101286236729423,0.23276973863275746,2.9837396506220104,0.1279182861035224,0.13568786984930437,0.12256792329523401,15,30,2.7862540410956766
linear,3,25,0.22660320083516472,0.12542543432452172,0.2814003928313627,4.338672719088693,0.14013425277080388,0.12332965988122548,0.13842605404594602,15,30,4.112069518253529
linear,3,26,0.251001723443291,0.13038023087791423,0.2615770101207408,3.4488218433689326,0.1313783652886438,0.11333497284601132,0.13024751263437792,15,30,3.1978201199256415
linear,3,27,0.16856836082851737,0.0867562070454156,0.18942894998925777,4.331163944055636,0.12636515370783552,0.11946469200775027,0.12450374583713711,15,30,4.162595583227119
linear,3,28,0.1509808938767131,0.07560584832793825,0.21744404875327644,3.281374404517313,0.12905297448742203,0.12398223890922963,0.12671650527821232,15,30,3.1303935106406
linear,3,29,0.12661806634989464,0.06441269892323205,0.1723972551288979,3.56274118241854,0.13083692050810594,0.12130117729927102,0.12955100213099893,15,30,3.4361231160686456
linear,3,30,0.13907573365842893,0.06852367744083936,0.19420319593247393,4.1602006929305695,0.1294103787377632,0.1325997607355627,0.1266945668743574,15,30,4.02112495927214
linear,4,1,1.2274809465521859,0.7409216591992253,0.7460820024116113,1.360162659486135,0.12267094019237751,0.11460774833879744,0.1251919945430321,13,28,0.13268171293394904
linear,4,2,1.5800169629325707,1.2191033168507002,0.5366857181853404,2.0605290624002617,0.11560542808535199,0.117269006872084,0.10838050222955645,13,28,0.480512099467691
linear,4,3,1.28157208531001,0.900420183477756,0.5496474926409959,1.1181368940820298,0.11458238015135673,0.126599342469126,0.10838379338383675,13,28,-0.16343519122798034
linear,4,4,0.9500548233701256,0.6012588979696526,0.4719599981605522,1.2663969172164797,0.11928635189154496,0.12171694349478154,0.11033210211123029,13,28,0.31634209384635414
linear,4,5,1.3605546930154402,1.0611875819938885,0.6219309131849824,1.0112773146480323,0.13022688692290102,0.12176863228281339,0.12468151808716357,13,28,-0.3492773783674079
linear,4,6,0.6794271632541149,0.42107629931827734,0.6076342277601039,3.8788796763246256,0.13127871910110117,0.11508268782466378,0.12846814711811022,13,28,3.1994525130705105
linear,4,7,0.7995515686186355,0.5354638653163188,0.516768194171883,1.5127357807941735,0.13052661074325442,0.12502393016281227,0.12597105659078806,13,28,0.713184212175538
linear,4,8,0.6505001347534181,0.40429262334198157,0.5027703251497524,1.2605989115933578,0.12431010697619058,0.10923159225300576,0.1245391876194238,13,28,0.6100987768399397
linear,4,9,0.4820280557864213,0.25767048322580066,0.4555685728135734,1.797642671999832,0.1344616826546068,0.12118753651739098,0.12954213311119625,13,28,1.3156146162134106
linear,4,10,0.41095150052962476,0.21676447310166427,0.3924845807558461,5.36889306815962,0.13742519915686746,0.1199994339995707,0.13675906989568223,13,28,4.957941567629995
linear,4,11,0.3608107979941581,0.2051525446697688,0.29569346955587306,1.470017653144896,0.13296154391330978,0.11095498730088972,0.13098591320837538,13,28,1.109206855150738
linear,4,12,0.3508698295641114,0.19316709338653573,0.3462311857185543,1.4933573033039769,0.13149058341126268,0.11645598961040378,0.12886862710292918,13,28,1.1424874737398656
linear,4,13,0.3813750677860327,0.20861547695620622,0.3875705806115129,1.0462487808118264,0.11943804395074646,0.09466918514420589,0.11785687408021962,13,28,0.6648737130257937
linear,4,14,0.43641257919149384,0.2507750417888851,0.32965652633929005,8.323547308566049,0.1306673648204499,0.11139910804728667,0.12814538125724842,13,28,7.887134729374555
linear,4,15,0.3515578627356306,0.21550957501162518,0.2367775480951685,2.4600637507004044,0.13176662908129705,0.10077488589643811,0.13161917555723146,13,28,2.108505887964774
linear,4,16,0.3523840525026788,0.2018606958185791,0.3465347744667254,5.229686853413781,0.13874226674282303,0.10679398203889529,0.13808087438034514,13,28,4.877302800911102
linear,4,17,0.2724606293698935,0.1513611896881836,0.24576668980160407,5.01805068605269,0.13504007079948982,0.12106418617865226,0.13287294861875126,13,28,4.745590056682796
linear,4,18,0.27732396565030315,0.12710657359219177,0.3533240725988897,2.5680654218420385,0.1372326602305596,0.1202166471494517,0.1375162810048399,13,28,2.290741456191735
linear,4,19,0.4401023129028054,0.3019849606223662,0.33023554146435147,2.3591591863582533,0.12664762703546634,0.10214680065400898,0.12641314720579733,13,28,1.9190568734554478
linear,4,20,0.32538231211023344,0.1952811833658776,0.3195032575308123,3.609614184871316,0.13438535774863947,0.12389953631985312,0.12844941150009012,13,28,3.2842318727610826
linear,4,21,0.3153937167362384,0.18508720533642942,0.3027091493317823,6.391222077980638,0.1231441292911768,0.11969856906216592,0.12056969399175917,13,28,6.075828361244399
linear,4,22,0.34385195238347577,0.22022841096691895,0.29454258356648977,11.329770385287702,0.12108704412045578,0.12153113620976606,0.11687807151659703,13,28,10.985918432904226
linear,4,23,0.5858068910043036,0.4309875911093905,0.2882383817053316,5.745848602654102,0.11841779636063923,0.12050546884226303,0.11373320552714479,13,28,5.160041711649798
linear,4,24,0.37668271823961746,0.21275924811392893,0.46022922029284913,2.064048561671128,0.118652298169521,0.10921367400636275,0.11763035490488012,13,28,1.6873658434315104
linear,4,25,0.2548129910844312,0.13586918480149188,0.29743720700546167,3.437814912083559,0.12749069704441354,0.12876657848634446,0.12355875037659038,13,28,3.1830019209991276
linear,4,26,0.22886267546629016,0.11068645870222503,0.310272306150274,3.5832124715360503,0.12463206720227997,0.1191009256678323,0.12259193511248062,13,28,3.35434979606976
linear,4,27,0.23874889774500238,0.09811515614583619,0.4125034342151496,3.443384106263208,0.12607735394849443,0.13095585684204708,0.12042955363479753,13,28,3.2046352085182055
linear,4,28,0.21338951643482443,0.11706281925885667,0.23598996029931374,2.6982449875834087,0.12495315171933423,0.12415591094565268,0.12157588416400054,13,28,2.484855471148584
per_feature,0,1,1.5419789093827445,0.9862123394296283,0.9778507195767903,1.446410886446635,0.043625331877653176,0.037428997895525146,0.036746369199439265,6,21,-0.09556802293610955
per_feature,0,2,1.3623169551766108,0.8674663644697931,0.8885405882010384,1.3507493962844213,0.09244658579288322,0.07595495574933012,0.1299050440546125,6,21,-0.011567558892189522
per_feature,0,3,1.2050964549656897,0.7466168517158145,0.8267075515219143,1.185596016049385,0.1192091429916521,0.08713218631067624,0.13084387268463615,6,21,-0.019500438916304708
per_feature,0,4,1.2289173187954086,0.8186459732482151,0.7655163299872555,0.8780727302034695,0.12700143844510117,0.08292474192179118,0.13060335534003872,6,21,-0.350844588591939
per_feature,0,5,1.4262293678309237,1.048404414465502,0.7122399427351498,0.8217388038833936,0.12393446163041517,0.08563902605286179,0.1251953831660406,6,21,-0.6044905639475301
per_feature,0,6,1.1379590505578865,0.8083291339491493,0.6374947767277869,0.8058737834294637,0.12863522527428964,0.09255705590573295,0.1292552150572495,6,21,-0.3320852671284228
per_feature,0,7,1.059213643376198,0.7640732244020123,0.5671211921918069,0.8936485327780247,0.1279948371515881,0.09195272671058774,0.12807675888761877,6,21,-0.16556511059817336
per_feature,0,8,0.9940453317008972,0.7239122422737969,0.5214239184560794,0.8848456690708796,0.1286633369755388,0.0921136917633703,0.12917044010246173,6,21,-0.10919966263001757
per_feature,0,9,0.9271842156063824,0.6583719098931786,0.5157400864289172,1.1124873558680217,0.1304300442498061,0.09600200113297129,0.1304225491747881,6,21,0.1853031402616393
per_feature,0,10,0.9278688653268747,0.6631792559391114,0.5132653754833174,1.030016914010048,0.1332129353385729,0.10402381647533426,0.13284948830890547,6,21,0.10214804868317318
per_feature,0,11,0.9035639786900628,0.6559649958042929,0.47882809878790306,1.1095716454088689,0.13538264447512727,0.10480677178129554,0.1348029540546122,6,21,0.2060076667188061
per_feature,0,12,0.8635044503099625,0.6147262994574244,0.48787756745145133,1.0523348331451416,0.13547910763106,0.10957461545864741,0.133848605149736,6,21,0.18883038283517917
per_feature,0,13,0.5710970612745436,0.3314277317534608,0.46661681536742045,1.2321600273251534,0.13585431450046598,0.1099650016364952,0.1337841761104452,6,21,0.6610629660506098
per_feature,0,14,0.6340298261493444,0.38157926656743707,0.497432586100237,1.358330410346389,0.13793909867332937,0.11204629785691698,0.13571608505832652,6,21,0.7243005841970445
per_feature,0,15,0.7431182942781893,0.49270232626920035,0.4906503971641151,1.977242624418189,0.13557186571803564,0.11641165328522524,0.13227733422827442,6,21,1.2341243301399998
per_feature,0,16,0.7965254766703953,0.5523726182899906,0.4785766810711057,1.1031299848109484,0.13557612862259702,0.11653716789248089,0.13241949411891862,6,21,0.30660450814055307
per_feature,0,17,0.7539561780960491,0.49348990558108213,0.5140697803855976,1.5391039316852888,0.13621545856197675,0.11681231739930809,0.13273275591200218,6,21,0.7851477535892397
per_feature,0,18,0.6713021617486246,0.41230039913403427,0.513055448123504,1.5972519667198262,0.13674830505381882,0.12140647983518041,0.13296329310784738,6,21,0.9259498049712016
per_feature,0,19,0.7055325569669967,0.4830501332332247,0.43394593351201854,1.5772919972737631,0.1364552543479173,0.12094518216132807,0.13240708572363172,6,21,0.8717594403067664
per_feature,0,20,0.6628233663310917,0.4404383521954184,0.4363269319311805,1.5556212426473697,0.13705433708770823,0.12277824424284821,0.1329647512466181,6,21,0.8927978763162779
per_feature,0,21,0.6976459908986553,0.4688451731897601,0.4481253818153579,1.752000809709231,0.13730637012243582,0.1255275749746943,0.13274119630611192,6,21,1.0543548188105758
per_feature,1,1,1.4824645195215467,0.9488550399740537,0.9557929409165231,1.3975737541913986,0.05228697621011331,0.04353780690580607,0.07067395537160337,7,22,-0.08489076533014805
per_feature,1,2,1.3364106414337007,0.8502030175120111,0.8721389474849852,1.3350215802590053,0.09512111705553253,0.08108356435162326,0.12399011213274207,7,22,-0.001389061174695394
per_feature,1,3,1.1633956940874222,0.710366845498645,0.8187234687899786,1.0972829307119052,0.12016930513006324,0.08767973586800508,0.12937407298013567,7,22,-0.06611276337551697
per_feature,1,4,1.2760403820032638,0.8797423829426622,0.740394149655624,0.9321399134894212,0.12258023912339316,0.08074155966363226,0.12830464264843613,7,22,-0.3439004685138426
per_feature,1,5,1.1560557738596957,0.796228038082561,0.6858333995314463,0.9008409611880779,0.12775693349540235,0.08245588870486245,0.13109602429127942,7,22,-0.25521481267161783
per_feature,1,6,1.1921242653200077,0.8637690317210356,0.6270001744725007,0.7921685397624969,0.12472102435616156,0.08799813407871018,0.12631205087673153,7,22,-0.3999557255575108
per_feature,1,7,0.9947694269644599,0.7040423288297117,0.5566031390048992,0.7832545325160026,0.12723153471403445,0.08804374439447808,0.12906792174714307,7,22,-0.21151489444845728
per_feature,1,8,0.9383093822444419,0.6673236647345842,0.5267188487123965,0.8243761012951533,0.12785225070547312,0.08920417728368193,0.12902627272997053,7,22,-0.11393328094928867
per_feature,1,9,0.8504587333900706,0.5922961020477833,0.5064518881875316,0.8501713365316391,0.1268169827206293,0.0946687440678943,0.12771972888925423,7,22,-0.0002873968584314879
per_feature,1,10,0.9478835855104354,0.6565056160845782,0.5786416720612436,0.9118731002012889,0.12926227877784793,0.1021305394358933,0.12968140438121434,7,22,-0.03601048530914652
per_feature,1,11,0.9000328081763453,0.6459833692852947,0.5025869963385214,0.9081435160090526,0.1309671422544246,0.10505239532406753,0.13066466643940658,7,22,0.008110707832707287
per_feature,1,12,0.7861206123387323,0.545801299313828,0.4708326212851153,0.8258367225527763,0.1298899453075137,0.10404151376181593,0.12894011225240926,7,22,0.039716110214043976
per_feature,1,13,0.7160032290876621,0.4707529826303511,0.4863251158657901,0.8605139284084241,0.1314578010419306,0.1076757318340242,0.12960500262367228,7,22,0.144510699320762
per_feature,1,14,0.7579048502144389,0.4988811828676498,0.5137773555409565,0.8555743920306365,0.13117026188992895,0.11289045918577661,0.12829749425776146,7,22,0.09766954181619758
per_feature,1,15,0.5816091927681266,0.35676004206031314,0.4419072837152213,0.9178993696967761,0.13072501355588126,0.11438062908127904,0.12757150034885853,7,22,0.3362901769286495
per_feature,1,16,0.6351986874279747,0.39739206930327026,0.46284150958985126,0.8703389048576355,0.13045146980245287,0.11520288125805868,0.12735995584225748,7,22,0.23514021742966085
per_feature,1,17,0.6161053647723286,0.41560318061869966,0.39348271063583584,1.0427203113834063,0.13007836625911295,0.11550718774087727,0.12642460870556532,7,22,0.4266149466110777
per_feature,1,18,0.4175119155459845,0.19723088721947704,0.4338869349688117,0.9219611002753179,0.13085049466462806,0.11649943234321351,0.12646833126588414,7,22,0.5044491847293333
per_feature,1,19,0.6545214053115896,0.42184565041523253,0.46747171362946954,0.9565828128407399,0.1317247933591716,0.1194179073208943,0.12688455709527868,7,22,0.3020614075291502
per_feature,1,20,0.5136548606438621,0.261336703947299,0.5101169017428306,0.8692844410737356,0.12968239849045252,0.11714596525610735,0.12408910803496838,7,22,0.35562958042987347
per_feature,1,21,0.5794295432593023,0.35114835919264603,0.45569218968185377,0.9162074905509751,0.13053902897518127,0.11844883624774714,0.12498156302220499,7,22,0.33677794729167276
per_feature,1,22,0.5869118314539452,0.35415166479313465,0.4647763509820646,0.8888528154542049,0.13152517473402744,0.12012117382449408,0.12571099329118926,7,22,0.3019409840002597
per_feature,2,1,1.4508356179982898,0.9276340446538396,0.9354034921243077,1.3884838064511618,0.05987683263374492,0.045563083813370514,0.1061024429431806,15,30,-0.06235181154712799
per_feature,2,2,1.327896171145969,0.8449546596597112,0.8685678979234089,1.3305707375208538,0.09549782498409816,0.07878983430564404,0.1337681215489283,15,30,0.0026745663748848347
per_feature,2,3,1.1483952591107005,0.6970687868269456,0.8162850051645248,1.069548137485981,0.11845876830630005,0.08105699496809393,0.1297681839050104,15,30,-0.07884712162471952
per_feature,2,4,1.3288435321005563,0.9303610808461916,0.7429113938872304,0.9120925739407539,0.12870874525979162,0.08195430437820808,0.13361057095074405,15,30,-0.41675095815980234
per_feature,2,5,1.2154987204583392,0.8533386448821936,0.6727139648375293,0.8803933235506217,0.12478270501208802,0.07943185385859881,0.12765035089881469,15,30,-0.33510539690771746
per_feature,2,6,1.2012626585062771,0.8746532139710773,0.63505400134115,0.8099181942641736,0.12527915032793924,0.08890676087078948,0.12587195869224768,15,30,-0.39134446424210356
per_feature,2,7,1.0147787411623295,0.720616072365613,0.5649802409946764,0.8560448423027992,0.12840012338080367,0.09131130497989944,0.1292095250876931,15,30,-0.15873389885953026
per_feature,2,8,1.0227938597164457,0.7351142362715393,0.5630627829049777,0.8444538945953052,0.13063699464934567,0.09281095307281552,0.13115367330998803,15,30,-0.17833996512114048
per_feature,2,9,0.8943126433721137,0.6255392381868337,0.5238814534301156,0.8678442239761353,0.13155574944563947,0.09656103853291521,0.13235007412731647,15,30,-0.026468419395978438
per_feature,2,10,0.8226323790205199,0.5481102271053019,0.5363602510058425,0.8722678932050864,0.12947406719710366,0.09650795100800072,0.13039696951940036,15,30,0.049635514184566465
per_feature,2,11,0.7248720711555391,0.46174123014341584,0.5180423382035221,0.943969426304102,0.13154277935391293,0.10324090976112833,0.1308847616969918,15,30,0.21909735514856288
per_feature,2,12,0.8279256401911548,0.5646510554921338,0.5182026081504499,0.9152149066329003,0.13164588041836395,0.1031845995457843,0.13075975943356752,15,30,0.0872892664417455
per_feature,2,13,0.766412707130676,0.4970388676257304,0.5360221043494733,0.8503546231736739,0.1320850924695454,0.10789988354275314,0.13046381543390453,15,30,0.08394191604299794
per_feature,2,14,0.7574052229950515,0.48438682861776383,0.5453232779847808,0.8408340454722444,0.13210486895792808,0.10689704902470112,0.13031272415925438,15,30,0.08342882247719285
per_feature,2,15,0.5987760836502448,0.35421718446644856,0.4787210198987778,0.8075178665419419,0.13345980556138481,0.11117528978114327,0.1306670459608237,15,30,0.2087417828916971
per_feature,2,16,0.7401677028069066,0.4616951507365637,0.5569082412435992,0.8953023626158635,0.13376288080471568,0.11868895967490971,0.13016069765823582,15,30,0.1551346598089569
per_feature,2,17,0.6146156156457783,0.3613463207626296,0.5048281281999065,0.9163976768963039,0.1339011438501378,0.1171683570680519,0.13038497279242922,15,30,0.30178206125052565
per_feature,2,18,0.6151954027424965,0.3834138140932466,0.4613768257017801,0.8836450749387343,0.13406076189906646,0.12056213081814349,0.1296865520377954,15,30,0.26844967219623783
per_feature,2,19,0.5596557084530119,0.2871767537198809,0.5483391803008133,0.893785223737359,0.13427539326172944,0.11967775497275095,0.13010385776869954,15,30,0.3341295152843471
per_feature,2,20,0.4693017765798325,0.19690814927432188,0.5492638103244262,0.9059279588361581,0.13395323007086216,0.11791343401030947,0.12975000236183404,15,30,0.43662618225632555
per_feature,2,21,0.4547554580273018,0.19353550225498242,0.5284494746253147,1.0231599681079389,0.1357248212841417,0.12080767545849085,0.1314324078251957,15,30,0.5684045100806371
per_feature,2,22,0.40898245985117104,0.13159298345518286,0.5585761683692648,0.9534994867319863,0.1329956292019536,0.12119857044890522,0.1265595340266979,15,30,0.5445170268808153
per_feature,2,23,0.3727696867334464,0.12488542025680531,0.5000913218147096,0.9170975372195244,0.13668077901529613,0.12594994603156617,0.1309770382969873,15,30,0.544327850486078
per_feature,2,24,0.3326261955413169,0.09898071571240075,0.4692567406880627,1.1352376400803526,0.13644585469155573,0.13207439150040348,0.129598194345211,15,30,0.8026114445390357
per_feature,2,25,0.7045740967099962,0.4102596691725358,0.6051687981577476,0.9975324075048169,0.1363134301132959,0.1287915668915957,0.12962707334178655,15,30,0.2929583107948207
per_feature,2,26,0.3291005291310804,0.10462677076808874,0.44960134378443256,1.0023546416312457,0.13454659522588674,0.12998070131676892,0.12674051928721988,15,30,0.6732541125001652
per_feature,2,27,0.27409496503357317,0.07892274082315412,0.3875140351156078,1.0143490901216865,0.13663379643888524,0.12858211672864855,0.129422210312138,15,30,0.7402541250881134
per_feature,2,28,0.3186858238962789,0.08362939493637908,0.4752002230005994,1.0226958103477954,0.13680811521286765,0.13295474814707026,0.12944949051598087,15,30,0.7040099864515166
per_feature,2,29,0.4237674238494716,0.1767878402205044,0.5010489924347894,1.0545860500385364,0.13707464825711213,0.1325249089781816,0.1294714975791673,15,30,0.6308186261890649
per_feature,2,30,0.37282651438680847,0.14095031787853485,0.468787931128046,1.0198504907389483,0.13615159262747814,0.12994168860216934,0.1287889045042296,15,30,0.6470239763521398
per_feature,3,1,1.5086962086340738,0.9665728918616734,0.9722200800029058,1.3673178186019261,0.07289318141217033,0.05548546771363665,0.10755347039278908,6,21,-0.1413783900321477
per_feature,3,2,1.3361916369388973,0.849979555086484,0.875409015587398,1.3264078756173452,0.099569630617043,0.08235010721643145,0.13544981880113482,6,21,-0.00978376132155212
per_feature,3,3,1.1998850399303058,0.7444207273009751,0.8216008847904583,1.1849375089009604,0.12523605092816675,0.09047240254003555,0.1362475599104073,6,21,-0.014947531029345429
per_feature,3,4,1.1475578054549203,0.7343241950178535,0.7749947140377665,0.9384579251209895,0.12696938890730963,0.0844875958498354,0.1316875349713276,6,21,-0.2090998803339308
per_feature,3,5,1.2903585451995097,0.906491688051296,0.7143770281728061,0.8482368806997935,0.12430587717875217,0.08279615981155075,0.12745317431011546,6,21,-0.4421216644997161
per_feature,3,6,1.1624012968488155,0.8274412019998848,0.6417206905168732,0.8704435169696808,0.1299459603188249,0.09202623365369315,0.1318455580311517,6,21,-0.29195777987913474
per_feature,3,7,1.095045005392638,0.7948413570401831,0.5711312936217015,0.8892346084117889,0.12775870745923992,0.09117096341991177,0.1289063252680838,6,21,-0.20581039698084902
per_feature,3,8,1.0275754889414188,0.749182002139192,0.5324912469091249,0.8794075580934684,0.12880502319700707,0.09651574217326318,0.12910769522810975,6,21,-0.14816793084795044
per_feature,3,9,1.0024295414110558,0.7303330064368988,0.5160492079809684,0.9048595175147056,0.12816067914845916,0.09983802714850754,0.12766969566388678,6,21,-0.09757002389635017
per_feature,3,10,0.9607729114992137,0.6984641586188106,0.4891758512718904,1.0148434492448966,0.12728374343714677,0.1027716137856866,0.12597258626871433,6,21,0.05407053774568282
per_feature,3,11,0.922775472693574,0.6612713476930716,0.5062240814906891,1.2460558184732993,0.130303238487492,0.1099827945571936,0.12847051077211896,6,21,0.3232803457797253
per_feature,3,12,0.8351485780421792,0.585383147508479,0.48564409165382605,1.6786739967763424,0.12905424880833985,0.10939592553768307,0.12637211944287022,6,21,0.8435254187341632
per_feature,3,13,0.8081726696192553,0.5698052938685593,0.45847901769802196,1.4006015161673229,0.13136447934278597,0.11055917800307119,0.1289067147454868,6,21,0.5924288465480676
per_feature,3,14,0.8871014331918328,0.6580424838681095,0.44739716797123635,1.3911253581444423,0.13026050030409048,0.11143541633791756,0.1275136720277563,6,21,0.5040239249526095
per_feature,3,15,0.6954472124463849,0.46914905985512895,0.440613468565489,1.333302737524112,0.132314268212455,0.1140357491443865,0.12910346860298888,6,21,0.6378555250777271
per_feature,3,16,0.7646691186523568,0.5281510384374531,0.4524161900286951,1.26990424481531,0.13225094268176082,0.11711014098254964,0.12864062709268181,6,21,0.5052351261629532
per_feature,3,17,0.7086181649919747,0.4879043077748147,0.4293121915996178,1.2817930679768323,0.131070673741245,0.11834716230320434,0.12668872903256367,6,21,0.5731749029848576
per_feature,3,18,0.6803755957798641,0.43517117014099205,0.4876035744964487,1.0522325492153566,0.1315848595967206,0.11799194265040569,0.12711590014999577,6,21,0.3718569534354925
per_feature,3,19,0.6359592634502665,0.43398357955943034,0.3983597830788529,0.9695250261574984,0.13207601856362697,0.12031511939130723,0.12731398055329918,6,21,0.3335657627072318
per_feature,3,20,0.7516806970280225,0.5034602576088857,0.49982496707796975,1.1542575916896263,0.13168579478709339,0.12075661720397572,0.12693723489064723,6,21,0.40257689466160373
per_feature,3,21,0.6899868641251935,0.4731869834757538,0.43243298920485057,1.179313344011704,0.1315944094343043,0.11887497373390943,0.12653100466898953,6,21,0.48932647988651057
per_feature,4,1,1.4724062972125553,0.9412127063860969,0.9423088298903571,1.3916277706623077,0.07365633339310686,0.06815448356792331,0.07072618526484196,7,22,-0.08077852655024764
per_feature,4,2,1.3384129421578512,0.8516042496240328,0.8720679097468891,1.3375124911467233,0.09639661723437408,0.08431873994413763,0.12451935892459005,7,22,-0.0009004510111279007
per_feature,4,3,1.1971450312033531,0.7404606728227846,0.8229639228610766,1.15968606621027,0.11583396365555625,0.08594922343375705,0.12779450866316136,7,22,-0.03745896499308321
per_feature,4,4,1.132867838270844,0.7273526717332541,0.7591482299779143,0.8785241444905599,0.12049982133321464,0.08486955819341044,0.12458434989287828,7,22,-0.254343693780284
per_feature,4,5,1.2828319074053849,0.9171254740826619,0.6838075891137123,0.8097473318378131,0.1242553859599866,0.08815279379608304,0.12540279516445782,7,22,-0.4730845755675718
per_feature,4,6,1.2858735002902528,0.9315758153242754,0.673474577699034,0.8198430630067984,0.12273996594982843,0.09111387183656916,0.1221684754321662,7,22,-0.4660304372834544
per_feature,4,7,0.9985811221302443,0.698283279498274,0.5625679380156927,0.8188620845476786,0.12524397835756343,0.09558716750858973,0.12379968392973145,7,22,-0.1797190375825657
per_feature,4,8,1.1472559638084874,0.8183495488620289,0.6144947596311189,0.8244868354250987,0.12725540610651176,0.09759607403054057,0.12596500888685114,7,22,-0.32276912838338867
per_feature,4,9,0.8180688050139459,0.5456259638838851,0.5196109246289996,0.8555772642294566,0.13025038346725826,0.1012298255537947,0.12820344566098357,7,22,0.037508459215510714
per_feature,4,10,0.908531083159947,0.6381489289047769,0.5286449086508207,0.8757539062450329,0.13215239000467893,0.10749427848010479,0.1297167032957077,7,22,-0.03277717691491411
per_feature,4,11,0.7946878651522898,0.5459604918551013,0.4808971178116201,0.8951298087835312,0.13150635923957452,0.10624559026903929,0.12878510318696498,7,22,0.10044194363124137
per_feature,4,12,0.8877362453023947,0.621617610012784,0.5238894938418757,0.9552980640282234,0.1315004931646399,0.10843166148115416,0.12836326436760526,7,22,0.06756181872582867
per_feature,4,13,0.6133068779793879,0.3607281697837633,0.49499889439568273,1.0014961185554663,0.13228756338745976,0.11201705445594902,0.12724721048337717,7,22,0.3881892405760784
per_feature,4,14,0.5892960553183146,0.35478833008188343,0.45930298155203925,1.1261284084369738,0.1328279513749294,0.11723977980824808,0.12777632888561735,7,22,0.5368323531186592
per_feature,4,15,0.557986338824285,0.3410610068022616,0.4197298203950292,1.0502023392667372,0.13079841554087276,0.11646733632466445,0.1243756819050759,7,22,0.4922160004424522
per_feature,4,16,0.739582399349837,0.5007902098765084,0.4717042638241678,1.0678768801192442,0.133842768589966,0.11820629238306234,0.12700572768226265,7,22,0.32829448076940715
per_feature,4,17,0.6328529934731445,0.3865426196113897,0.4862439462811386,1.2011319824804862,0.1336927726166323,0.11962684436390797,0.12743241187999957,7,22,0.5682789890073418
per_feature,4,18,0.47729580299115726,0.23791161499995425,0.4756523198487493,1.164929773285985,0.13434621278817455,0.12285827942202256,0.12705424985227484,7,22,0.6876339702948276
per_feature,4,19,0.3440601838686104,0.13920464743611255,0.4020868930541881,1.4000111238410076,0.1348373268226472,0.1261073947530046,0.12766599187161773,7,22,1.0559509399723972
per_feature,4,20,0.545706394575684,0.33186708451050456,0.423628677369639,1.5525597404067715,0.13399235633745168,0.12519109423252908,0.12623890545219182,7,22,1.0068533458310873
per_feature,4,21,0.5369302575228854,0.31091763404103606,0.4506896199171751,1.4664927204449971,0.134094469427752,0.1276405770254011,0.12660105559819687,7,22,0.9295624629221118
per_feature,4,22,0.45325117087775163,0.22615569366365662,0.45349053243360626,1.5979197997910282,0.13433693515059228,0.12615668759293233,0.12636798322200776,7,22,1.1446686289132766
periodic,0,1,1.4841890860171545,0.9860005700399005,1.0013373721213568,1.3927442669868468,0.11942878221355689,0.07867910942683617,0.11727930813406905,14,29,-0.09144481903030766
periodic,0,2,1.3741922324138975,0.900552128988599,0.9917520800280193,1.3368864188591638,0.13923648876904432,0.09478038482678433,0.1387793075060472,14,29,-0.037305813554733724
periodic,0,3,1.2519289841727606,0.8044673574585763,0.969030415964505,1.231229415535927,0.1391811951432222,0.09668641189152065,0.13886194935281918,14,29,-0.020699568636833643
periodic,0,4,0.975142868560931,0.600574494091046,0.941417719873171,1.0098181799054147,0.1407720957036266,0.09890344234881923,0.14052212515089196,14,29,0.03467531134448365
periodic,0,5,0.8860870107180543,0.5412666634526931,0.9227495602672062,1.070754346748193,0.14141604704006264,0.10093911118456163,0.14111705008447947,14,29,0.18466733603013874
periodic,0,6,0.7623102644547111,0.4549063944911275,0.9014777739842733,1.1151474023858705,0.13817524760088418,0.0999247753371795,0.13766087107748415,14,29,0.35283713793115945
periodic,0,7,0.6711847604740233,0.3893263613801175,0.8839795435704882,1.15233651176095,0.1358499508894359,0.10034311721101404,0.1351819979356757,14,29,0.4811517512869268
periodic,0,8,0.643584508626234,0.37794687343535516,0.8606323776027512,1.2094938265780608,0.1351567186958467,0.09843860233280187,0.13465323963124926,14,29,0.5659093179518269
periodic,0,9,0.7545924309108939,0.5018721468726653,0.8285077809104844,1.1049433805048465,0.13371888404556861,0.10028999090039482,0.1331337389225761,14,29,0.35035094959395263
periodic,0,10,0.7764529828277845,0.5320997267627783,0.7961248800395027,1.0883354467650255,0.1338667896343395,0.10254426226795961,0.13290551487492241,14,29,0.31188246393724095
periodic,0,11,0.929444212229952,0.700892524671713,0.7220662764258801,1.0646520449469488,0.13235695673696077,0.10502927290896574,0.13119861776552474,14,29,0.13520783271699677
periodic,0,12,0.9544910871634438,0.7272386762344255,0.6663714061437603,1.0293824477121234,0.1329010802951719,0.10880224945334097,0.13151005868761179,14,29,0.07489136054867962
periodic,0,13,0.941981045440549,0.7503005504375302,0.5979681732724347,1.0409106817406912,0.13289518571497563,0.11183295119165754,0.13115004128776492,14,29,0.09892963630014229
periodic,0,14,0.9178022877978427,0.7310744109009695,0.5704525017760701,0.9555813162898024,0.1323152497818228,0.11556638432642406,0.1301418475030611,14,29,0.03777902849195969
periodic,0,15,0.9199703204268146,0.7346483937363522,0.5594712737937308,0.96256226215822,0.13246039911173285,0.11715506524778903,0.13012595576389382,14,29,0.04259194173140546
periodic,0,16,1.0944848019733198,0.9204367361799148,0.5444999390504974,1.1159884418050448,0.13283025065805606,0.11662571816317116,0.13038004061284786,14,29,0.021503639831724985
periodic,0,17,0.7915332296101879,0.6244236804791967,0.5247903088835763,1.1355375872304043,0.1326669674027168,0.11715879266460737,0.129781839515393,14,29,0.3440043576202164
periodic,0,18,1.2297853285387632,1.0530884483361331,0.5782465720002519,1.045131730598708,0.13163152866763994,0.11868264309014194,0.12846842433015507,14,29,-0.1846535979400552
periodic,0,19,0.8283664279308777,0.6589989733370708,0.5122689513839196,1.0962447355811795,0.13104914107825608,0.11843248655398687,0.12728511412472773,14,29,0.26787830765030185
periodic,0,20,0.8368622154544388,0.6777246283211816,0.5110120536683098,1.1627616458262007,0.1307498935192901,0.11991225379169919,0.1265027613999943,14,29,0.32589943037176183
periodic,0,21,0.7261550708577805,0.5745778620891816,0.5151043201317479,1.1773826752478878,0.13084240512944234,0.11939955467823893,0.1263877669504533,14,29,0.45122760439010723
periodic,0,22,0.9214312443546655,0.7214927474376834,0.7319659586062425,1.24321709976842,0.13117837033156926,0.11932764914818109,0.1265381473504628,14,29,0.3217858554137545
periodic,0,23,0.7779225662853273,0.615569935505873,0.550377271234336,1.2730196490262946,0.13076376131890963,0.12057980293563257,0.12598401211434976,14,29,0.4950970827409673
periodic,0,24,0.7893036640374386,0.6370435150890258,0.5282988504862131,1.2755535259842872,0.1310720665108723,0.12121479293952385,0.12598131220632544,14,29,0.4862498619468486
periodic,0,25,0.7248777737064908,0.5776518154523544,0.5235031216585152,1.1981513644258182,0.13003375737850245,0.12116845124401152,0.12485387794052562,14,29,0.4732735907193274
periodic,0,26,0.8164582609306164,0.6207368811319994,0.7748851180854812,1.3147193359831968,0.1303991939483846,0.12175629654666409,0.12510477429605088,14,29,0.49826107505258044
periodic,0,27,0.6963842571121714,0.564691804311359,0.46552540616588856,1.2659168916443984,0.1298399068803216,0.12223545734692985,0.12433371920487843,14,29,0.5695326345322269
periodic,0,28,0.729997704815769,0.5788773337707397,0.5534581094229546,1.2550997726619244,0.13010996316443196,0.1224992661930931,0.12460882627856336,14,29,0.5251020678461554
periodic,0,29,0.7828882258913908,0.6566807594083927,0.43855216108906664,1.2774575722714265,0.12992504490345405,0.12237728273418422,0.12419654418481514,14,29,0.4945693463800357
periodic,1,1,1.5041447778542836,0.9937042286471715,1.00041468985497,1.3989603956540426,0.10288437557949995,0.028620839347907653,0.10192810558558753,28,43,-0.10518438220024096
periodic,1,2,1.3901448313679015,0.9126360300514433,0.9887623723064151,1.330722948908806,0.13657403013882383,0.05073253434578267,0.13778509364346975,28,43,-0.05942188245909552
periodic,1,3,1.2573889373313814,0.8093051910400391,0.9620601421310788,1.2355764160553615,0.14001982812769712,0.06022029197774827,0.1403438895397509,28,43,-0.021812521276019847
periodic,1,4,0.96522842944851,0.5940590303234496,0.9298560451420527,0.9684663221240044,0.14051586157196047,0.07014851549950739,0.14062230552735855,28,43,0.003237892675494458
periodic,1,5,0.8922577992909484,0.5495220271188574,0.9109209790116265,1.1221416274706522,0.1428910180577077,0.0755761561760058,0.14293547313815605,28,43,0.22988382817970376
periodic,1,6,0.8312589122603337,0.5085858138203357,0.8962367994208185,1.1902231807510057,0.14256922191319366,0.08110852479003369,0.14250580828665987,28,43,0.3589642684906721
periodic,1,7,0.7577749070016637,0.4559982141419107,0.8790018185973167,1.265699647118648,0.14044015308318195,0.08349696694640443,0.1404546596769554,28,43,0.5079247401169842
periodic,1,8,0.6838716641955432,0.40763849402399427,0.8534563985608873,1.3939808439463377,0.13888282977083388,0.08775871325439463,0.13869734914818158,28,43,0.7101091797507945
periodic,1,9,0.7649869156617021,0.5077259496069211,0.827833301136418,1.4471794269979,0.13612023016127447,0.08938673835385393,0.13586377279813558,28,43,0.6821925113361978
periodic,1,10,0.7767350721867785,0.5346995252205985,0.7939878106117249,1.462621549765269,0.1358202611639475,0.09499106378837799,0.13532345181835506,28,43,0.6858864775784905
periodic,1,11,0.5887207573664094,0.35833748133622195,0.7604349139072593,1.4212153927733502,0.13551713369185261,0.09967264886945486,0.13526374195159102,28,43,0.8324946354069408
periodic,1,12,0.7726814214228874,0.5575677873090737,0.7055641702923273,1.3740136253337065,0.13616829527600202,0.10666969791054726,0.13512909666945536,28,43,0.6013322039108191
periodic,1,13,0.8486877427129667,0.6459238345193625,0.6322237614852687,1.368541674191753,0.13778223770787007,0.11444516289047897,0.1363293062003019,28,43,0.5198539314787864
periodic,1,14,0.8774017879318091,0.6841337998125412,0.5787850507666239,1.3211395170539617,0.13842566895279257,0.11945419330343915,0.1367815100743125,28,43,0.4437377291221526
periodic,1,15,0.7198899034669416,0.5487114175757453,0.5305099004703268,1.304428382559369,0.13899560730642407,0.12181599587687136,0.1369545864018922,28,43,0.5845384790924274
periodic,1,16,0.6153347107788755,0.4462142179559565,0.520432977292258,1.4307208087450514,0.13904142873749759,0.12197843275110548,0.13681780071152996,28,43,0.8153860979661759
periodic,1,17,0.8566619528952749,0.6914721201088642,0.4960363060455411,1.306245607882738,0.13893099361254524,0.1203537862515077,0.13666922792957242,28,43,0.4495836549874631
periodic,1,18,0.7609374683395598,0.613721965719904,0.46619239232227083,1.24717446838816,0.13894559129936776,0.12007308810716495,0.1364166259241756,28,43,0.48623700004860027
periodic,1,19,0.7592538091028849,0.6029427033726165,0.5510687905524907,1.1801924963792165,0.13908653424781126,0.12073690020479262,0.13629880221754623,28,43,0.42093868727633166
periodic,1,20,0.7524784806032946,0.6122914825854141,0.4679370929422479,1.1949343264723817,0.1393545840905669,0.12137230254738825,0.1366060515283607,28,43,0.44245584586908715
periodic,1,21,0.7688763822476926,0.6085276571589525,0.5435769096375369,1.193375468440354,0.13943079704331468,0.12167798589216546,0.13676310366524072,28,43,0.4244990861926613
periodic,1,22,0.7295321200102095,0.5882719819142905,0.5103372385260844,1.1804291617746154,0.13948061499977485,0.12219202204917869,0.13676398690634717,28,43,0.4508970417644059
periodic,1,23,0.7893654517820179,0.6575716941248501,0.4468790786776777,1.1944620720731716,0.13971676382546624,0.12252622961920376,0.13695665023333276,28,43,0.4050966202911537
periodic,1,24,0.6938759239107769,0.5567511252791508,0.4916987224718873,1.2226567917192976,0.14021287830158446,0.12205434029892785,0.13750148203301554,28,43,0.5287808678085207
periodic,1,25,0.7217362959765725,0.5866011969671694,0.486537184053252,1.2302848540867368,0.14039039192721248,0.12217331225911039,0.1376661776099354,28,43,0.5085485581101643
periodic,1,26,0.7321185674675416,0.5965320578733884,0.4875833081319113,1.2124516181026896,0.14031348668892557,0.12286265353516986,0.13752898251793036,28,43,0.4803330506351481
periodic,1,27,0.7639601353568852,0.6344287109089048,0.46975755687860027,1.1944446125378212,0.14024746738529453,0.12316084962803871,0.13724406314237664,28,43,0.43048447718093596
periodic,1,28,0.7381693966583245,0.6171507576716928,0.4279116619987953,1.1632251974816123,0.14008048437632775,0.12246477922890335,0.13723886956019365,28,43,0.42505580082328787
periodic,1,29,0.7614254121398849,0.6278290762194589,0.4870213775420347,1.1926375200040638,0.1402547565259738,0.1225664115161635,0.1374974966000688,28,43,0.43121210786417885
periodic,1,30,0.7072895730657148,0.580842924978502,0.46782466105284426,1.2388557837034264,0.1403047685957669,0.12171635434109097,0.13748434542600688,28,43,0.5315662106377116
periodic,1,31,0.6819552821772439,0.5523713690628544,0.48416550449622714,1.2251437451690435,0.14056596201844512,0.12227541599034643,0.13772106489438254,28,43,0.5431884629917996
periodic,1,32,0.6622257064870883,0.5409576998924229,0.42480699706726543,1.2246656838183603,0.14053080588152322,0.12182156767230481,0.1379346176458057,28,43,0.5624399773312719
periodic,1,33,0.6720742111035164,0.5511924540165405,0.4561014770778933,1.175178701741,0.14035524981251607,0.12136421895896395,0.13747476514739296,28,43,0.5031044906374836
periodic,1,34,0.7416557261742474,0.6209835641353545,0.43185913898537004,1.2695709950756282,0.1405792160696971,0.1213617975784776,0.1375648675893899,28,43,0.5279152689013809
periodic,1,35,0.708697338732669,0.5798453157752655,0.48187781079572495,1.1859953016663591,0.1407178864775536,0.12111179270626356,0.137750927003799,28,43,0.4772979629336901
periodic,1,36,0.7889249540767485,0.6632243585274327,0.44458011120474994,1.2226863897095124,0.14043613912460085,0.12160145534435288,0.1374423973689166,28,43,0.4337614356327639
periodic,1,37,0.6519459506528201,0.5375501181839343,0.40546285444687996,1.2533020672698816,0.13999374333167605,0.12123044502610962,0.1367997973652867,28,43,0.6013561166170615
periodic,1,38,0.6703559190020083,0.5343930984435491,0.514425786804211,1.2360753565405806,0.14001149641893182,0.12154337674146518,0.13694102596879626,28,43,0.5657194375385723
periodic,1,39,0.720476668566421,0.5959496852969561,0.4579528037851233,1.2781586349010468,0.14011980529855161,0.12200341192850223,0.13688270298880525,28,43,0.5576819663346257
periodic,1,40,0.6800871651041291,0.5529437027749152,0.47111426751367647,1.2760849616179863,0.14024258691739913,0.12220266407821327,0.1372236835207635,28,43,0.5959977965138572
periodic,1,41,0.6074459850672626,0.48376141513840737,0.4627551510320267,1.2589011904473106,0.1403265653939646,0.12194569973119845,0.13725719223378594,28,43,0.6514552053800481
periodic,1,42,0.6310555967202018,0.5205162082593034,0.40827637352053864,1.2749222287287314,0.14018733276752754,0.12186790715592603,0.13694361053640022,28,43,0.6438666320085296
periodic,1,43,0.6227179775559639,0.5093683911935393,0.4242711405583847,1.2466053827355306,0.14019512927916367,0.12153337233078977,0.13703968024201457,28,43,0.6238874051795666
periodic,2,1,1.4742940616986109,0.9778019464205182,0.994914271055706,1.3970742543538412,0.094995921679462,0.09207793760191028,0.0902897773271737,6,21,-0.07721980734476963
periodic,2,2,1.376690921565843,0.9022869971536455,0.9883776273992326,1.3328101913134256,0.13521682067463794,0.09891446305943342,0.13504921326724192,6,21,-0.043880730252417344
periodic,2,3,1.244774713639229,0.7992193452895634,0.9634284436229675,1.2329135636488597,0.1401247185577328,0.09911531708979358,0.13978322745145608,6,21,-0.011861149990369357
periodic,2,4,0.9692002418968413,0.5954640300848358,0.9399671384266445,0.9883622412880262,0.1398038406080256,0.09934043797353903,0.13956942257937044,6,21,0.019161999391184903
periodic,2,5,0.8574165483670575,0.5175814556076956,0.9270594030145615,1.0874657166500887,0.13990505040807572,0.0993571509529526,0.13954307756139314,6,21,0.23004916828303124
periodic,2,6,0.8365159277168531,0.5079097986019897,0.9086020030672588,1.1387906695405643,0.1391127623913538,0.0973136843337367,0.13859758483983267,6,21,0.30227474182371117
periodic,2,7,0.7448872700924911,0.44909756843211496,0.8888728987602961,1.2458019107580185,0.1380564209141691,0.09744853673813243,0.137392331531737,6,21,0.5009146406655274
periodic,2,8,0.780830118952999,0.51109161884134,0.8644487623657499,1.3425215259194374,0.13576634960093845,0.09724423727020622,0.13492603548414384,6,21,0.5616914069664384
periodic,2,9,0.9292641426954005,0.6652950008770635,0.8325591602968792,1.2964703229566414,0.13462399491108953,0.09929093095900801,0.13371428322000914,6,21,0.36720618026124097
periodic,2,10,0.8685829667522321,0.628292839514022,0.7830912423512292,1.337438811113437,0.13383284415661667,0.10172728903125972,0.13320964805989205,6,21,0.46885584436120487
periodic,2,11,0.8283225055192671,0.6150203534459947,0.7262087638179461,1.3324500389397145,0.1327321528592923,0.10405780518970763,0.13181829973424708,6,21,0.5041275334204474
periodic,2,12,0.9651649935644061,0.7516127498186244,0.6474494643089346,1.2411666768292586,0.1323107982617027,0.10747156964304547,0.13127133640033814,6,21,0.2760016832648525
periodic,2,13,0.9337158323346918,0.7432673278607083,0.6101247494039449,1.2976908353467782,0.13250161411706357,0.11045277584344149,0.13084524000102343,6,21,0.3639750030120864
periodic,2,14,0.9022630530202554,0.7063960652550512,0.5849574081487119,1.3537362876037757,0.13247996856225655,0.11339978520603229,0.13044908209946396,6,21,0.4514732345835203
periodic,2,15,0.897931546431094,0.7228797889529919,0.573369486900721,1.4070533230900764,0.1307416195476738,0.1133531631649627,0.12838449620176107,6,21,0.5091217766589824
periodic,2,16,0.8990551775639196,0.7057440798387568,0.5845536911640212,1.4416491599132617,0.1319752261042595,0.11415515460539609,0.12964883274398745,6,21,0.5425939823493421
periodic,2,17,0.9204913678335115,0.7380123292884775,0.6122368716727261,1.5358656762788694,0.1320620336259405,0.11580631315991922,0.12961241453886033,6,21,0.6153743084453579
periodic,2,18,0.8749767711519131,0.6906238452214792,0.611744038073546,1.59068468734622,0.13245872429882485,0.1156024174221481,0.13000433072059725,6,21,0.7157079161943068
periodic,2,19,0.9012267847604577,0.7154992674544666,0.6240018335641917,1.6169178381562233,0.13235170728100154,0.11592829718598902,0.12975958202732726,6,21,0.7156910533957656
periodic,2,20,0.8645593828543843,0.694096965777807,0.5614890693146403,1.6317959763109684,0.13184516277785102,0.115814413271922,0.1290880593873832,6,21,0.7672365934565841
periodic,2,21,0.8431373095058555,0.6805095242023638,0.5216692970314485,1.6617003295570612,0.13192214881079659,0.11570180856409328,0.12927385434353103,6,21,0.8185630200512056
periodic,3,1,1.4826138918361966,0.9806933911546828,1.0016726624398005,1.4055772682030996,0.12115143885033225,0.029004743450301854,0.12223539113717076,6,21,-0.07703662363309705
periodic,3,2,1.3610509217731537,0.888556697065868,0.9918608147473562,1.3329030315081278,0.13979532388038934,0.06197144289811452,0.14006309223283703,6,21,-0.028147890265025843
periodic,3,3,1.24143224505205,0.7954316140403823,0.9729480329487059,1.2345851490894952,0.13986418625572697,0.07734748266326884,0.13982381458439097,6,21,-0.006847095962554839
periodic,3,4,0.9544661093562369,0.5827147885713548,0.9515308312007359,0.9508304784695307,0.1406400579753002,0.08703834664387007,0.1405648411552344,6,21,-0.0036356308867061538
periodic,3,5,0.8744894395626727,0.5249875510579974,0.9439229319492976,1.005963562677304,0.14032229628064669,0.09071907691347102,0.1402462422566411,6,21,0.13147412311463136
periodic,3,6,0.7877465714774434,0.46573991588791214,0.9233532659118138,1.0393834767242274,0.1397588596197238,0.09395905156852677,0.13963752141765629,6,21,0.25163690524678395
periodic,3,7,0.6963778115099385,0.40018638682984903,0.9037531150711907,1.0789861393471558,0.13755603307799902,0.09563971834916932,0.1373453744269985,6,21,0.3826083278372173
periodic,3,8,0.6226316255532087,0.34801777696140423,0.8915973977437095,1.198970008889834,0.13522739370237105,0.09712897641390252,0.1349320918964319,6,21,0.5763383833366253
periodic,3,9,0.5992646156440652,0.3383748564782175,0.8630642268865828,1.2546405074497065,0.13439967342225526,0.09987674451355512,0.13398791160240459,6,21,0.6553758918056413
periodic,3,10,0.60284485892644,0.3564131614731838,0.8389569247762362,1.2967251593867937,0.13262604200281203,0.10216987198606754,0.1321324778536412,6,21,0.6938803004603536
periodic,3,11,0.7358378141763664,0.4966484598600351,0.7997966990584419,1.3058690642317137,0.13127393128622014,0.10411646634068651,0.1307231974749205,6,21,0.5700312500553473
periodic,3,12,0.6790235100520982,0.45508694821155,0.7624684210334506,1.338277637710174,0.1316056434487109,0.10757652951482062,0.13065294911696887,6,21,0.6592541276580758
periodic,3,13,0.8572286525889049,0.6483929479158386,0.6972771122061189,1.3040519206474224,0.13175276015729953,0.11047853135478362,0.13020744549382168,6,21,0.44682326805851746
periodic,3,14,0.8352007912397976,0.642986247942591,0.6367916164733561,1.2788841240728894,0.13192649218757044,0.11305548770663638,0.12954185981070623,6,21,0.4436833328330918
periodic,3,15,0.8633737714465944,0.685157700876901,0.5858535643312193,1.3145558626390994,0.13280438602669165,0.11691557592033254,0.13016999357302364,6,21,0.45118209119250496
periodic,3,16,0.7827148241700516,0.6131903867496155,0.5485669778362434,1.3051207858137786,0.13332689644303172,0.1185596598428674,0.13018847336061298,6,21,0.522405961643727
periodic,3,17,0.7305884462234283,0.5745872849302482,0.5148960850940693,1.2723894483720264,0.1322178373656546,0.12043425641410674,0.12803496782726143,6,21,0.541801002148598
periodic,3,18,0.7753947331729005,0.6197572335288415,0.5193647511520924,1.2957481847920767,0.1319605216073493,0.12074820898706093,0.12780118059987824,6,21,0.5203534516191761
periodic,3,19,0.698068287175533,0.5342684072808044,0.5416769906445956,1.279919770344471,0.13131909018848092,0.12150622641590113,0.12690204118844123,6,21,0.5818514831689379
periodic,3,20,0.7604203819785089,0.5790962444951812,0.6573194551289946,1.2765703258182233,0.13141761836595833,0.12191194936943552,0.12679942215327172,6,21,0.5161499438397144
periodic,3,21,0.7474019338824003,0.5869705286111938,0.5815761419067885,1.2375502998319765,0.13135181609541177,0.122379581106361,0.12657404474933476,6,21,0.4901483659495762
periodic,4,1,1.4614246847137573,0.9688630333495518,0.9964265411808377,1.379465784629186,0.1139107862021774,0.08004870348765204,0.11161558688618242,17,32,-0.0819589000845713
periodic,4,2,1.3608895421974243,0.8875797228917243,0.9886195222063671,1.3319344997406006,0.1378637886994208,0.08856462265054385,0.13792747719817272,17,32,-0.028955042456823676
periodic,4,3,1.2500802550524,0.8040045831529867,0.9628175104421283,1.2407732874155044,0.13955179579303756,0.09071447237705191,0.1394307970981269,17,32,-0.009306967636895536
periodic,4,4,0.991126159176467,0.6150175669614645,0.9325775747734403,0.9722514559825262,0.14179765977120648,0.09350306293927133,0.14168985880945303,17,32,-0.0188747031939408
periodic,4,5,0.8848543653175944,0.5465807030675893,0.9153685543745284,1.076125269383192,0.1418760541593656,0.09396659718283142,0.14180934470981205,17,32,0.19127090406559755
periodic,4,6,1.0214218230592826,0.7020656921592475,0.8883506559899875,1.1308369800448417,0.1396905742934905,0.09145406807462374,0.13983221682137809,17,32,0.10941515698555904
periodic,4,7,0.9042465393505399,0.6109280343862915,0.8642085719676245,1.2217285225788752,0.13702307402466735,0.0925251132013121,0.13719215382200975,17,32,0.3174819832283353
periodic,4,8,1.0305514918078507,0.763770533344707,0.8250405508137885,1.1969720675299564,0.13523063872319957,0.09556540221286317,0.13553225637879224,17,32,0.16642057572210578
periodic,4,9,0.9634753665517247,0.7109333715002376,0.7993914376766909,1.1076343706498544,0.13515208197835213,0.10044597007023791,0.1354347581587111,17,32,0.14415900409812965
periodic,4,10,1.0546185113489628,0.820042566542999,0.7398972242538419,1.0442561462521553,0.1360648304214313,0.1022738622870141,0.1362670589820482,17,32,-0.010362365096807435
periodic,4,11,1.0290989192749656,0.803449085338316,0.6859598154985597,0.9227147094905377,0.13595295711517488,0.10376242632725431,0.135968536658523,17,32,-0.10638420978442786
periodic,4,12,1.0911035465579184,0.8709046131041803,0.6859767747200316,0.9317749639352163,0.1365658218729853,0.1086642384606724,0.13638810570361481,17,32,-0.1593285826227021
periodic,4,13,1.014318829649941,0.8001353624735187,0.6362953292931245,0.9397516804436843,0.1368498651466022,0.11181289876500765,0.13659559019724837,17,32,-0.07456714920625673
periodic,4,14,0.9955321392857485,0.7861687019042399,0.5904269916913896,0.9907353864361842,0.13652816692677636,0.11499724372794541,0.13579732776270248,17,32,-0.0047967528495642675
periodic,4,15,0.9403538132887445,0.7280912237210655,0.5945000193572029,0.8866406155129274,0.13757826066575946,0.11657216440653428,0.13715945215080866,17,32,-0.05371319777581707
periodic,4,16,0.8852090306472891,0.6759442436819234,0.5940438992842578,0.8799370896071196,0.1365469717265417,0.11667405145708472,0.1356509513958978,17,32,-0.005271941040169481
periodic,4,17,0.9473689193301464,0.7609670405574113,0.5413580418595534,0.8416752580553293,0.1369027639234749,0.11778584722972786,0.1359649941441603,17,32,-0.10569366127481716
periodic,4,18,0.9539374243985448,0.7554979737974479,0.5201679465246726,0.9190080928305785,0.13648859983465325,0.1177020684350282,0.1352708691524943,17,32,-0.03492933156796629
periodic,4,19,0.8122082752552593,0.6331122700502465,0.5301291427185788,0.856461924687028,0.13661381421843544,0.11816248084263255,0.1352471900046415,17,32,0.04425364943176868
periodic,4,20,0.7803884761311882,0.6038123031327195,0.5124516773223785,0.9159042783081531,0.13675675681248928,0.11854685117335369,0.13515480549928421,17,32,0.1355158021769649
periodic,4,21,0.9759509552950187,0.79347378713424,0.5391321604625297,0.9107741800447305,0.1376744198962115,0.1187930777668953,0.13628428478065568,17,32,-0.0651767752502882
periodic,4,22,0.8178059857538236,0.6346701479414467,0.5373264559657472,0.924809267371893,0.13723994478981089,0.12006483707033719,0.1356631460172745,17,32,0.10700328161806938
periodic,4,23,0.8353244794397763,0.6518959457455114,0.47974625158935347,0.95312524959445,0.1374226107960567,0.12089653281339754,0.1357069094550146,17,32,0.11780077015467372
periodic,4,24,0.7465636703215303,0.5679620632073119,0.5556139797976473,0.9691420887907346,0.1374288069588753,0.1215207391146881,0.13577337487658953,17,32,0.22257841846920434
periodic,4,25,0.7855786238094822,0.6240687645934625,0.5675967029597121,1.0259281540910403,0.13679346128677328,0.12118555690976791,0.1351009183737915,17,32,0.24034953028155814
periodic,4,26,0.6854390576315511,0.5318478017279117,0.5222069220763735,1.0835270861784616,0.13760247813382495,0.12155715202582845,0.13601055079489016,17,32,0.3980880285469105
periodic,4,27,0.749037237967261,0.5972739944651149,0.5448404686615365,0.9864179834723472,0.13681382574917128,0.12277681183380386,0.13490593167177092,17,32,0.23738074550508625
periodic,4,28,0.6809380943009201,0.5215029611687629,0.6029577870369451,1.1809856165200472,0.13644299195342077,0.12312827327211077,0.1343218020592758,17,32,0.5000475222191271
periodic,4,29,0.7536134360420946,0.6198152382549503,0.4982582134392624,1.1153996862471103,0.13671848869416864,0.12463520554980884,0.13466278344252108,17,32,0.36178625020501565
periodic,4,30,0.5634211071504517,0.43817596773983625,0.45104553359941213,1.0846746063480774,0.13579671916086228,0.12476621605455876,0.13345664893082965,17,32,0.5212534991976258
periodic,4,31,0.6220259940369971,0.4786142121376925,0.5458124216986598,1.0830937934418519,0.1362170228967443,0.12426248068610828,0.13402140894904732,17,32,0.46106779940485476
periodic,4,32,0.5370780530492849,0.39189451505719697,0.564991168796236,1.0839491731176774,0.13595281175803392,0.12421868497816226,0.13361166813362313,17,32,0.5468711200683924
ple,0,1,1.0432426072065792,0.7080745843744274,0.7245228617999052,0.9429309699684382,0.13764358705375343,0.11893639988896515,0.13486716067418456,13,28,-0.10031163723814107
ple,0,2,0.8728481861614873,0.5940969320364087,0.6415138443809689,1.0026172689472637,0.12282813615165651,0.10125670206616633,0.12229651492089033,13,28,0.12976908278577637
ple,0,3,0.6181040029632785,0.4206050691166923,0.5464707145777842,0.7959213287880024,0.12233230346658577,0.09309983357476691,0.12223473406047561,13,28,0.17781732582472387
ple,0,4,1.0707055021240006,0.8215869005735652,0.5804963623025013,0.7670035995543003,0.11534183519349123,0.11265150230222692,0.11209925944761684,13,28,-0.3037019025697003
ple,0,5,0.5564718048664785,0.3737304524988027,0.5619654019870138,1.4130674034357071,0.1377767005780091,0.11277863622720664,0.137059287057491,13,28,0.8565955985692286
ple,0,6,0.49073644704185426,0.32284620327294217,0.46536975027487143,1.6474601997683445,0.06729561975225806,0.09810243260192995,0.05026540701898436,13,28,1.1567237527264902
ple,0,7,0.9731106910751097,0.6705454499593473,0.4552806807352883,7.771217480177681,0.07661891296350708,0.10599074857309461,0.0692319137432302,13,28,6.798106789102571
ple,0,8,0.9597469610753395,0.6289536063173612,0.4252985424651371,1.5626236860019465,0.10073978538663747,0.09727093746575216,0.09511312076356263,13,28,0.6028767249266069
ple,0,9,1.600424680328514,1.143354393873468,0.48138825899740556,1.5093544667586685,0.08975938962539658,0.10953487574879546,0.07725962075043451,13,28,-0.09107021356984557
ple,0,10,1.0831258040409357,0.7885514052218313,0.41376002468210765,1.0025099807418882,0.11570818331092596,0.10970917551312595,0.10767576957393127,13,28,-0.08061582329904748
ple,0,11,0.9232818822649914,0.6659526534290023,0.32259003166335437,1.5594151092072328,0.1095844969774286,0.10328040703510245,0.08792200266228369,13,28,0.6361332269422414
ple,0,12,0.742330917367889,0.5048340885186405,0.5149414666334595,1.0232526496052743,0.1137523347089882,0.10650650337338448,0.09225838596466929,13,28,0.28092173223738526
ple,0,13,0.7488456875573666,0.4834683767691259,0.3661172317076022,0.7024903154621521,0.13046530244561533,0.1172940356656909,0.11575496078003197,13,28,-0.04635537209521445
ple,0,14,0.6212321779771989,0.3881859785209435,0.41619081043665623,0.9722137564172347,0.1235818982803418,0.09988453443511389,0.1153543113769653,13,28,0.35098157844003586
ple,0,15,0.9512483430342631,0.6750912549821025,0.3744737129413013,1.4744217566524942,0.1260409271470659,0.11450914190888094,0.10543496983591467,13,28,0.5231734136182311
ple,0,16,0.7255081992322904,0.48057312083394194,0.5025913339078316,1.3192016799002886,0.12680352991834903,0.08895804294540237,0.11773552385663304,13,28,0.5936934806679982
ple,0,17,0.47353497767656494,0.3050736711199465,0.37261575079183884,1.7299966362615427,0.12294423202013907,0.10156526102509815,0.11949098702170886,13,28,1.2564616585849777
ple,0,18,0.5485128659148892,0.3673098188938074,0.3272954526517822,1.2169936428467432,0.1098416420786331,0.0971862047968898,0.10435804556667184,13,28,0.6684807769318539
ple,0,19,0.4934018590258405,0.29051461756565305,0.3372790220306985,0.9795772790287932,0.12803866403458716,0.10120319938093113,0.12592147326213307,13,28,0.4861754200029527
ple,0,20,0.5491643498710815,0.3544685649849508,0.3064072885348784,1.4643321881691616,0.12768823255901224,0.10271707308711484,0.12641339596011675,13,28,0.91516783829808
ple,0,21,0.5152862645717549,0.3385699885150766,0.35728427683678754,1.6571739184980592,0.1375094217946753,0.10638895347801736,0.1343152500068148,13,28,1.1418876539263043
ple,0,22,0.3255557444903793,0.19443409482744933,0.3387824007586604,1.26789616898944,0.13069882993562107,0.0961231633137686,0.12509429387864657,13,28,0.9423404244990606
ple,0,23,0.37443689199230107,0.2796771579446347,0.3600711829088155,1.377535173545281,0.10951548351634605,0.10190040453647574,0.09939996108878404,13,28,1.0030982815529799
ple,0,24,0.28798271049417384,0.14618269963448918,0.29109165796191,1.3318603762270262,0.1143196569615005,0.0954186565359123,0.10819487891470393,13,28,1.0438776657328523
ple,0,25,0.16316280409967202,0.10107356175672878,0.2592074471575336,1.3541979262294868,0.12360240811637292,0.09760496017212669,0.12045884672164296,13,28,1.1910351221298148
ple,0,26,0.15223288194448242,0.08951481194580288,0.24943426697747045,1.5869177900875608,0.11973950563309094,0.08957469682597245,0.11731368384886688,13,28,1.4346849081430784
ple,0,27,0.15001689177560842,0.09461398579941621,0.23401344063283488,1.5844790751114488,0.11153025852030017,0.08579225913078213,0.11076606662633519,13,28,1.4344621833358404
ple,0,28,0.1384045308666481,0.08381352266084673,0.22073536498923896,1.272697812008361,0.12320222865091637,0.09892132938839496,0.12161052871767121,13,28,1.1342932811417128
ple,1,1,1.4381781307507366,1.1027481929256016,0.672810914616945,0.9545409911001722,0.12455448703743362,0.1150843529845588,0.12332351279134551,12,27,-0.48363713965056443
ple,1,2,0.8251793774894424,0.5701512943365274,0.558391803320716,0.7180662060777346,0.1298178954826047,0.10544528006576001,0.1288490537321195,12,27,-0.10711317141170773
ple,1,3,0.7113365626548387,0.49409931565423904,0.569751230592547,0.668298464640975,0.13190814970682066,0.10793682790438955,0.1297116997341315,12,27,-0.04303809801386371
ple,1,4,0.5089842432385517,0.3293040235493132,0.49901364095895256,1.1959517106413842,0.11799096362665296,0.11778076282547166,0.11703796401634463,12,27,0.6869674674028324
ple,1,5,0.5750505853488687,0.3772012759636998,0.5383424592822964,1.4201887007181844,0.119283384977219,0.09639773789482813,0.11827486557109902,12,27,0.8451381153693157
ple,1,6,0.5351760086958253,0.32372233883708873,0.5255779577642204,1.4906141666074595,0.09774838909506797,0.10169209830928594,0.09616734010633081,12,27,0.9554381579116342
ple,1,7,0.5769423910874932,0.3721463934897564,0.535256604244895,1.0403738697990774,0.10428961988072842,0.11006814183589692,0.1033057628509899,12,27,0.4634314787115842
ple,1,8,0.6278490934683572,0.43332749489784167,0.4621432645809176,1.8476760499800244,0.11122342898355177,0.11106938527179105,0.11433236404991476,12,27,1.2198269565116673
ple,1,9,0.5246861483661517,0.34703781934490147,0.4663369703795604,1.919426481674115,0.10026618428140258,0.1058053869967504,0.10031899250849771,12,27,1.394740333307963
ple,1,10,0.4969028545982881,0.3292319223978233,0.3532998666620216,0.9431366750349601,0.10378111012590428,0.109962235755908,0.1022290023509413,12,27,0.44623382043667204
ple,1,11,0.7324204263351266,0.5022800372932078,0.4382518766739186,1.5795313675887883,0.041720000807739174,0.12139468774354706,0.03790943896165118,12,27,0.8471109412536617
ple,1,12,0.9419181103640724,0.6571818156390647,0.5028550701582779,0.8278225983803471,0.07285323760782679,0.12547169221409907,0.06716266908527663,12,27,-0.11409551198372525
ple,1,13,1.0531539690222531,0.7389150708748939,0.3826865898063658,0.9870730992406607,0.08088685106098031,0.13483919506058253,0.07535290448965194,12,27,-0.06608086978159244
ple,1,14,1.177249400654719,0.8184592620459697,0.459854146405979,1.1134774641754726,0.08664678308996372,0.12986636699400453,0.07912514573642208,12,27,-0.0637719364792464
ple,1,15,1.2309810720191943,0.8579468168922616,0.5532231984782595,0.8886444217214982,0.08502390504387829,0.12988655389441797,0.07968584389357905,12,27,-0.3423366502976961
ple,1,16,1.2030487620227395,0.8477531448371736,0.45253632557721596,0.9732885071386893,0.0855037735949736,0.12622699500837672,0.08245514887191045,12,27,-0.22976025488405016
ple,1,17,1.225751284110759,0.8749267331838223,0.3702099473675555,1.3576468407952538,0.08504693018815791,0.1127765919547528,0.08274078583150792,12,27,0.13189555668449482
ple,1,18,1.2678052488093574,0.9022089394637742,0.3738962323099374,1.1922184062500796,0.07905767493260403,0.1225199527204192,0.07426384141338833,12,27,-0.07558684255927783
ple,1,19,1.2729913405334903,0.9120501969513181,0.3059385766632478,1.1568495738009612,0.07653948559018317,0.11707369483386477,0.07334424229047727,12,27,-0.11614176673252907
ple,1,20,1.2695598882874326,0.9141653628704841,0.2733163888011352,1.1546273125956457,0.07549409681426672,0.1150578483803353,0.07139014281371298,12,27,-0.11493257569178694
ple,1,21,1.2767897125865733,0.9153072851791327,0.31583899490314005,1.164915581420064,0.07367909135840213,0.12059176730496499,0.06914585338636244,12,27,-0.11187413116650924
ple,1,22,1.268346727293517,0.9117165705406695,0.264185085990186,1.1562329508985083,0.07195606264285744,0.10346003682061564,0.06810950324191557,12,27,-0.11211377639500864
ple,1,23,1.287299301534418,0.9118748066802731,0.42587390268418596,1.1659024350345135,0.07520738001912833,0.11599544395382205,0.06791115131151552,12,27,-0.12139686649990455
ple,1,24,1.2815771711369355,0.9118466240521114,0.3769430909120217,1.1521968150511384,0.0714849043947955,0.11338937287024843,0.06780931328539737,12,27,-0.12938035608579712
ple,1,25,1.2688227646969377,0.9122868074204422,0.2604076065045183,1.1239319449911516,0.0714356775706013,0.11507360237301327,0.06765376848634333,12,27,-0.1448908197057861
ple,1,26,1.2776775040944655,0.9138848237294362,0.3180223232222907,1.152643452460567,0.07094632878433912,0.11566070530485982,0.06759548703363787,12,27,-0.12503405163389836
ple,1,27,1.2733764987557181,0.9162648251577694,0.26058048533056194,1.1489018477499484,0.07076934732419128,0.11078741131350398,0.06758379024686292,12,27,-0.12447465100576971
ple,2,1,1.1199609970023472,0.7646891635806587,0.6999607933876538,1.0842960911492507,0.12088223687993983,0.11968544208599875,0.11180172672029584,11,26,-0.03566490585309645
ple,2,2,0.9421968387868551,0.6943005564563565,0.5932506863380999,0.7998446868111689,0.1264021340291947,0.10031488172826357,0.12575411678359766,11,26,-0.14235215197568618
ple,2,3,0.9342795674142147,0.7111950306810156,0.5570288766965759,0.7788524632031719,0.09316787768948416,0.10359096598889057,0.08834481607191265,11,26,-0.15542710421104278
ple,2,4,0.8042597886588838,0.5887872864380312,0.5555940625753797,0.656886166613549,0.10603506338472167,0.10368852213335535,0.1031872528605163,11,26,-0.14737362204533477
ple,2,5,1.046682614640939,0.7384556545360298,0.5418134533042792,0.8302381310611964,0.1133737652155105,0.10472463037197789,0.11173105516160528,11,26,-0.21644448357974255
ple,2,6,1.0168162016364346,0.6926490326918755,0.4716603221228026,1.514154263213277,0.13848210672731512,0.1204919585182021,0.13780756042494127,11,26,0.49733806157684235
ple,2,7,0.8478492706393203,0.5759375891733047,0.4855750753559978,1.4754076158006986,0.12240219378533462,0.09377221246249974,0.12295306363375857,11,26,0.6275583451613783
ple,2,8,0.8247947836948913,0.5625638707962992,0.5662384265682675,1.069996039258937,0.1260792474912402,0.08720108614846443,0.13049428055383033,11,26,0.2452012555640456
ple,2,9,0.6530102072542326,0.4417164963607493,0.47475909107340286,1.6990322821152708,0.11386302820950125,0.10083937441037658,0.1128471998226208,11,26,1.046022074861038
ple,2,10,0.658584777709274,0.45611165320439345,0.4098416742904408,1.057206705150505,0.11919938516803086,0.10345748035858075,0.1154662924275423,11,26,0.3986219274412309
ple,2,11,0.7913406541370528,0.5756887294797772,0.5644723231561373,0.9287645593285561,0.11721517811335312,0.09965014151918392,0.11620552584451313,11,26,0.13742390519150327
ple,2,12,0.5819580549926734,0.3826367358142058,0.4176027037938761,0.9409236351648966,0.13520281404877701,0.09783287817360058,0.1359838624795278,11,26,0.35896558017222324
ple,2,13,0.9521327935720957,0.6391074480547874,0.5963514449101559,0.9683740030353268,0.12210078607313335,0.0994117581906418,0.12213531284748266,11,26,0.016241209463231154
ple,2,14,0.8389238843376498,0.574627791009897,0.35274200461638644,2.325139554403722,0.10531121076395114,0.10570119605011617,0.10339540316878508,11,26,1.4862156700660725
ple,2,15,0.4257191847011979,0.29785579766981346,0.36139688201109177,1.2610555649424593,0.13424402934809526,0.112223075182798,0.13112864090750614,11,26,0.8353363802412614
ple,2,16,0.6462593800813284,0.47119323276179903,0.42493403627738174,1.0541602520893016,0.15391122859437018,0.10606188204449912,0.15269432606485983,11,26,0.4079008720079732
ple,2,17,0.3496576384678187,0.22763657183341704,0.3792614973232023,1.333676599400739,0.1262096964715359,0.09879429890910009,0.12443162419949658,11,26,0.9840189609329202
ple,2,18,0.7025197655598204,0.4920125403498693,0.4330426774773976,3.1182333290576936,-0.0780801631519959,0.12142008608207107,-0.08091045116113188,11,26,2.415713563497873
ple,2,19,1.3838006951033124,1.004830153215499,0.3325811660580775,1.9143365914622943,-0.07227759299372943,0.1115733188421776,-0.07598337124994335,11,26,0.5305358963589819
ple,2,20,1.3719542818883108,0.997334483123961,0.31896461232182693,1.7592629556854567,-0.07765051111152085,0.10644164948219743,-0.08078009683716421,11,26,0.38730867379714584
ple,2,21,1.349046286284214,0.9829904258635546,0.2609774034205002,2.9600511903564137,-0.07749169786305478,0.09937718742294237,-0.08109624685506181,11,26,1.6110049040721997
ple,2,22,1.3642775198769947,1.0004882346543054,0.22792207353116226,3.510074150065581,-0.07639594291492055,0.09601002347189933,-0.07986926953696336,11,26,2.1457966301885865
ple,2,23,1.365988529390759,0.9997072016435956,0.25510183375440865,3.448147028684616,-0.07618066308787093,0.09923632616798082,-0.07965618371090386,11,26,2.082158499293857
ple,2,24,1.3587194733203403,0.9999740213628799,0.19188386700954926,3.2424098581075667,-0.07628782909693352,0.09528556489385664,-0.07934941877319943,11,26,1.8836903847872264
ple,2,25,1.359791514419374,0.9996426301816154,0.20393991250671026,3.2660971343517304,-0.07700279993587174,0.09117712341248989,-0.07928100278998802,11,26,1.9063056199323565
ple,2,26,1.3565716355565995,0.9968197007500936,0.20000383974371697,2.9750257447361945,-0.0764511956134811,0.0944868826928238,-0.07919040054208987,11,26,1.618454109179595
ple,3,1,1.0467540831822488,0.7091096696006837,0.7347661509392931,0.9003456753989061,0.1437918371986598,0.10146290510892868,0.14257245489085715,17,32,-0.14640840778334274
ple,3,2,0.8576936624308545,0.6217364271497261,0.49287062806656146,1.020310850876073,0.12786109380346414,0.11387078795426836,0.12302877693873597,17,32,0.16261718844521844
ple,3,3,0.5846132804410502,0.37818694853744783,0.4630028158520699,1.3695760258783898,0.11043628316207711,0.1208456486153106,0.10766553784099718,17,32,0.7849627454373396
ple,3,4,0.8271630820300844,0.6036003274148505,0.4299833075126535,0.9552979395414393,0.1234893055865541,0.0999803747748956,0.12197249838694309,17,32,0.1281348575113549
ple,3,5,0.7052554194547517,0.4946084768844701,0.42279027503769206,1.1648935910935203,0.10640866209287196,0.11012011502170935,0.10434313096775441,17,32,0.45963817163876863
ple,3,6,0.6890919753285643,0.4705125060243196,0.36606366626900066,1.407387677207589,0.10589849751753112,0.10286693867916862,0.10524978221704563,17,32,0.7182957018790248
ple,3,7,0.6861527402569274,0.45666745517005003,0.4479017681437004,1.3951186648570002,0.09249861549275616,0.13096906133384134,0.09030520130545483,17,32,0.7089659246000728
ple,3,8,0.5952478530641186,0.42016239439204633,0.33287280099870664,1.3677982504790027,0.09443482181911046,0.1212837066501379,0.08904098924795108,17,32,0.7725503974148841
ple,3,9,0.6861009713657762,0.45213502381789616,0.37898717781342656,1.4898849037165443,0.09830374124770364,0.1042441366405304,0.09689031202966968,17,32,0.8037839323507681
ple,3,10,1.0654441804693464,0.8016916404696011,0.3163678153487568,1.3036178348896403,0.05366408813279122,0.10958033635591467,0.052997176977805795,17,32,0.23817365442029392
ple,3,11,1.1173418417110086,0.900130305271598,0.33732631368719823,1.0487674502034983,0.11650254903749252,0.10466059126968806,0.10841537751936509,17,32,-0.06857439150751032
ple,3,12,1.3469250924037104,1.0059643245457923,0.3285244395234305,1.4894383358458678,-0.07380212394054979,0.1160914008806382,-0.08235306777060032,17,32,0.14251324344215743
ple,3,13,1.1697204966497208,0.7819249492201653,0.3923178399089048,1.2917913322647412,-0.057857550540938975,0.09281794911560913,-0.0647141584350417,17,32,0.12207083561502041
ple,3,14,1.0365271143068278,0.7120125032549064,0.35062146108134223,1.8274836475650469,0.08899345820148787,0.10221534843634193,0.06085960274212994,17,32,0.7909565332582191
ple,3,15,0.9345014761488456,0.6160184555158753,0.6461881485937637,1.157316675533851,0.11796186012215912,0.11490973891535153,0.0904415813429902,17,32,0.2228151993850055
ple,3,16,1.0962648545687517,0.7638661610137419,0.49819368007766657,1.2209674165894588,0.08497962752978007,0.1202595308830496,0.03753258662909502,17,32,0.12470256202070717
ple,3,17,0.6920423689000363,0.5138066344303326,0.3686282943072867,0.8458014173433185,0.09644050317971657,0.1277360606919198,0.05303623335724599,17,32,0.15375904844328214
ple,3,18,0.43731479682970703,0.2927744323620069,0.2661321198640854,1.1649697361824414,0.13227095004403963,0.1034698290633969,0.11734991859799872,17,32,0.7276549393527343
ple,3,19,0.38570030612639145,0.2380898751605671,0.3306360378945106,1.5785923837781108,0.12449488683390277,0.1136086780228652,0.1167217651886555,17,32,1.1928920776517193
ple,3,20,0.35828383545583437,0.22443256398148623,0.30609848843975007,1.1001859398248295,0.13722532217313224,0.09642256224372735,0.13360703722573816,17,32,0.7419021043689951
ple,3,21,0.4609230143555795,0.3264810583213455,0.28138051575729334,1.020289385287712,0.13189347526058554,0.10385325031820684,0.12667301729282673,17,32,0.5593663709321325
ple,3,22,0.3260755798712905,0.20066990460042963,0.24515635785603498,1.0175317012084026,0.13490329952910543,0.11508410452709844,0.12873541093431412,17,32,0.6914561213371122
ple,3,23,0.46390924760092433,0.368098653252012,0.2569151411557363,0.9235104536637664,0.1405621010698572,0.0995203976946262,0.13712534418251987,17,32,0.45960120606284205
ple,3,24,0.3313853820612181,0.22326127556116912,0.2587093834850136,0.9164756846303741,0.1385807045036927,0.07582875169318867,0.13776467503048478,17,32,0.5850903025691561
ple,3,25,0.4595308470856657,0.33974761213961713,0.2434973607161488,1.022976725610594,0.12758170852127174,0.06316427167815467,0.12718015543262784,17,32,0.5634458785249282
ple,3,26,0.39741526815914624,0.2771685495197569,0.29468867740007904,1.0038925554292897,0.13312284516481063,0.04431490980399152,0.13333693821138393,17,32,0.6064772872701434
ple,3,27,0.3743847263163872,0.2710596087551335,0.2738645112757603,1.0610994898714126,0.13549380212789403,0.10292488033495223,0.1328710109422294,17,32,0.6867147635550254
ple,3,28,0.26035858648884597,0.17781670607010797,0.26307608878046485,1.2435761280047397,0.1304152038336421,0.0828135961201042,0.12956591010830987,17,32,0.9832175415158937
ple,3,29,0.31508647815286484,0.2142663786829265,0.2140823599853421,1.147400438816597,0.13202358880080284,0.07667064540243397,0.13206567629240454,17,32,0.8323139606637322
ple,3,30,0.21389593658744752,0.13801528027691812,0.19294399009381544,1.2560061778019493,0.1339035427867202,0.07829516949132084,0.1340803932864219,17,32,1.0421102412145018
ple,3,31,0.19997567090664117,0.12713195591608734,0.17708211747081545,1.0423062555647145,0.1322494409318703,0.07148071443662048,0.13207734773556393,17,32,0.8423305846580733
ple,3,32,0.199124145133528,0.12715597442620816,0.20032632914892798,1.0850524343550205,0.1311770622851327,0.062167182789805035,0.1312860591802746,17,32,0.8859282892214926
ple,4,1,1.002030409414262,0.6703813616657586,0.6833884430082738,2.0567020883162814,0.12352577224373817,0.09844044763594866,0.12278670665303555,6,21,1.0546716789020194
ple,4,2,1.0223642500960046,0.7202276360059718,0.5766847007842675,1.2017861121644577,0.12488475458667381,0.10714254952278376,0.12421469581652976,6,21,0.17942186206845312
ple,4,3,0.6594199563879224,0.44261419173731803,0.5168456977963427,1.9715075468023617,0.1253300872670176,0.10985741061158479,0.12314143124967813,6,21,1.3120875904144393
ple,4,4,0.6653596825587252,0.43689788015538644,0.6877058263240138,1.0516793057322502,0.11936471144823978,0.10246226645928497,0.11877394186643263,6,21,0.386319623173525
ple,4,5,0.6705016857826166,0.4605839775001975,0.4801361560014104,0.980440619836251,0.11613518077186503,0.10956834616566387,0.11427846558799501,6,21,0.3099389340536344
ple,4,6,0.5249646787017969,0.34657680644847433,0.40066008153685867,0.9129211061323682,0.11807806976527596,0.11537707548122852,0.11632991630079535,6,21,0.38795642743057135
ple,4,7,0.4971557169818201,0.32210352979411383,0.3962740877869071,1.187975570311149,0.11002313049975783,0.10931191489410898,0.10586017516131202,6,21,0.6908198533293288
ple,4,8,0.5945401862078893,0.36958439259834786,0.45666515318409784,7.215649663160245,0.10593344593653456,0.11427848858875223,0.09606351396068931,6,21,6.6211094769523555
ple,4,9,0.8791746075028584,0.5897403125932287,0.40923805449901485,1.7259841742614905,0.11469901891929718,0.10617308724855927,0.1142796648084186,6,21,0.8468095667586322
ple,4,10,0.7057014910692704,0.4708297015173728,0.5205258253472516,1.944686047670742,0.1309574228944257,0.11899118270957842,0.12487298616130525,6,21,1.2389845566014714
ple,4,11,0.7075588818295815,0.4824031389858621,0.29477382210858655,1.6697342962026596,0.11721093196926329,0.11775276691575225,0.11531372653553262,6,21,0.9621754143730781
ple,4,12,1.0093576757510798,0.7277432931271322,0.35992451557141314,1.6652148068572084,0.12251296366254488,0.11413875014841324,0.10941303491902848,6,21,0.6558571311061285
ple,4,13,1.472818962897041,0.9916963845944771,0.5381806152906233,2.0617285689959925,0.05085317083091165,0.11352842078971055,0.04693866608625588,6,21,0.5889096060989516
ple,4,14,1.0607856135272111,0.7016306461748808,0.6839339955704562,1.4578720257307092,0.035714521495780596,0.10102774430027542,0.03285149803462749,6,21,0.39708641220349805
ple,4,15,1.1072972318941048,0.7241475217478948,0.5938610203013374,1.4450261026620865,0.05280085491249338,0.10264982582011725,0.05013776156120002,6,21,0.33772887076798175
ple,4,16,1.2587178638574505,0.8466567221258948,0.6275208608415178,2.327474642544985,0.08932295481596762,0.09598061227394888,0.08710371795265624,6,21,1.0687567786875343
ple,4,17,1.7217979087597794,1.167669646729972,0.4851347671666652,5.258459346244733,-0.01551581451203674,0.10202817892180367,-0.016054421267472207,6,21,3.536661437484953
ple,4,18,1.2652428711853212,0.8003417576028224,0.48574682693936755,1.9955496221780777,-0.04175884029439961,0.09433219035272486,-0.04211078661416347,6,21,0.7303067509927565
ple,4,19,1.11516540286146,0.6667266982036879,0.5311030239502409,1.6536536023020745,-0.04159437006577112,0.10078412393728892,-0.04205107365099441,6,21,0.5384881994406145
ple,4,20,1.1541223900747442,0.7134504082402874,0.5153796549983644,1.7247581454614798,-0.0436629529731969,0.09414897125291949,-0.04464973019688235,6,21,0.5706357553867356
ple,4,21,1.1113462035233777,0.6818233514112229,0.49572137606377337,1.9612072932223479,-0.046300914657573834,0.09357169572419176,-0.047502869036785945,6,21,0.8498610896989702
