variant,trial_number,epoch,train_loss,val_loss,corr_6m,base_corr_6m,adj_corr_6m
fourier,1,1,1.1091740796017269,1.31282479763031,0.1017046415664178,0.07970041557758425,0.10152211454308903
fourier,1,2,1.0135525954621178,1.12926834076643,0.08722819778680181,0.07301220936545481,0.08721383905115848
fourier,1,3,1.0993118107555404,1.3825148358941077,0.03938236255198717,0.07075999816685605,0.03936404263755928
fourier,1,4,1.4434628830779166,1.4523851454257966,0.011701714425968627,0.12513664133439306,0.010725041649614771
fourier,1,5,1.9605501566898995,1.4090946038564047,0.11236183764412999,0.11937495609357332,0.10244685731207331
fourier,1,6,1.775914950330988,1.4059987266858418,0.10345714227296413,0.12869369553712506,0.08915683501012002
fourier,1,7,1.825836116847183,1.417673667271932,0.08573279409514119,0.11298990108383199,0.08357744347304105
fourier,1,8,1.7899926977097205,1.50806591908137,-0.05692514634768789,0.09500237445657451,-0.06808087810253104
fourier,1,9,2.077113567873658,1.4193848649660745,0.0762147066280401,0.10957654799567536,0.0707832306662264
fourier,1,10,1.5830635503525772,1.4182385941346487,0.06611724349107438,0.11595359640195965,0.06512809049745556
fourier,1,11,1.649271251770505,1.428447687625885,0.064041295228526,0.09951726238553722,0.06268650189352533
fourier,1,12,1.6054596294101977,1.4363646010557811,0.06468203471352657,0.08121028329090525,0.063250396734414
fourier,1,13,1.7102104627660342,1.4321175078550974,0.06592024087440222,0.09086284274623418,0.06432819858503838
fourier,1,14,1.6658067093009041,1.4309767007827758,0.06714676062110811,0.09612272763624788,0.06525969758319358
fourier,2,1,0.7717814036304989,0.7898301581541697,0.09809812599560246,0.115175054272792,0.09797819853993132
fourier,2,2,0.5005835154581637,0.7607621361811956,0.08822535469371359,0.1160646678035846,0.08809134302767536
fourier,2,3,0.3333139337362751,0.7004234140117963,0.03398438516693811,0.09752271788117166,0.033896288582279034
fourier,2,4,0.3561941939332182,0.6704327634225289,0.008534685048895577,0.09087599023866157,0.008486770192394032
fourier,2,5,0.49774860499042367,0.9423766871293385,-0.02349038238656552,0.12450680671803033,-0.023518550621035198
fourier,2,6,0.6268231313202589,0.9803540584941705,0.04885144391252349,0.06194503996521235,0.048821876116562635
fourier,2,7,0.6582427731168176,0.778837829331557,0.022999580289858084,0.08774523055568959,0.02288607491257911
fourier,2,8,0.6394545139951838,0.6157789438962936,-0.019436391899944283,0.12866291048315665,-0.019486165891673107
fourier,2,9,0.8368110671816837,0.6960789140313863,0.006843645394352885,0.08336045425385237,0.006807949606445618
fourier,2,10,0.573061935692316,0.6307521127164364,0.018987619992306765,0.02084192162049779,0.018988523354831463
fourier,2,11,0.542798203667478,0.7948014120260875,0.01129553656016166,0.08116257259001335,0.011239677448368941
fourier,2,12,0.5760471503885966,0.673718141267697,0.03232258308853488,0.08956622444093228,0.03225564444922687
fourier,2,13,0.4340800407623488,0.7406784898291031,0.04757754458648075,0.061866021257204314,0.047547715981878964
fourier,2,14,0.594082184254177,0.6479843301077683,0.07417011906703314,0.12399349135812372,0.07407848384076109
fourier,2,15,0.43405638812553315,0.566402676080664,0.04922452307267425,0.10992444643440345,0.049106873494262494
fourier,2,16,0.28786326105159427,0.7343336102863153,0.06277345699102928,0.10307187143092354,0.06263998634725189
fourier,2,17,0.24674332325184156,0.5742084257304668,0.010788010177202522,0.09380762443567316,0.010696309036575258
fourier,2,18,0.2582931462084017,0.6024193265785773,0.0308672573271906,0.10369271305389702,0.03077043828476841
fourier,2,19,0.2099118157629929,0.7133283125857512,0.05819181903401235,0.09221217982315769,0.058094770527289556
fourier,2,20,0.22025344331586172,0.6192544554670651,0.06338366057316307,0.08463682567235083,0.06329579652131846
fourier,2,21,0.2008151609805368,0.5319644867132107,0.056965827690146395,0.08225239725628247,0.0568630739445022
fourier,2,22,0.1883046580035062,0.6575269577403863,0.047706756616632144,0.08547557128282884,0.04762247568772485
fourier,2,23,0.19217695168677776,0.7869849526633819,0.034693223526119255,0.08181456538501758,0.034555089098284954
fourier,2,24,0.19848619099883807,0.600267830863595,0.036312849916672954,0.0877190321063002,0.03609735591065449
fourier,2,25,0.17518204722612624,0.6865028808514277,0.05122632901572312,0.08282879833932384,0.05109397916045661
fourier,2,26,0.15831472106750996,0.5513016977657874,0.019724094027575727,0.0867212176710988,0.01951519035660567
fourier,2,27,0.17013198125457007,0.6457421069343885,0.05096802385523915,0.09172126900909158,0.050496843982788656
fourier,2,28,0.15386988932178133,0.5930976657817761,0.056134110293351115,0.09390642354458881,0.05574366244254634
fourier,2,29,0.13425008488434648,0.640192289898793,0.06319156865744541,0.08875779064061741,0.06284974095566818
fourier,3,1,1.0389276079478718,1.057493328054746,0.11069465616407494,0.1142758850629131,0.11063314761656026
fourier,3,2,0.7338576746128854,1.0154764473438262,0.07643268017563969,0.12635890782888357,0.07632023128292834
fourier,3,3,0.5440753497301586,0.8773671790957451,0.07350689702434465,0.11661754737433512,0.07340587796837401
fourier,3,4,0.5221977288287784,1.000545863310496,0.09227600317293157,0.12496013098862022,0.09222411199783286
fourier,3,5,0.6893548240500783,0.8979930236935616,0.05378615896139915,0.1290795207489282,0.05371896802874592
fourier,3,6,0.6392592333611988,0.9589532785117626,0.02584053910395596,0.11626073326915502,0.025785906252955706
fourier,3,7,0.6694043836896382,1.0835864866773288,-0.002367474922599892,0.1197864874266088,-0.002433062329267462
fourier,3,8,0.5893046356855877,0.9074250454703967,0.020312206637269507,0.11487610583814482,0.020259972537557284
fourier,3,9,0.5140873748395178,0.7885257427891096,0.0669188957544975,0.11435884115344379,0.06684565198341565
fourier,3,10,0.44738499571879703,0.8161718028287093,0.0254922895381848,0.10752692760336989,0.02543055605298529
fourier,3,11,0.43214107151069336,0.8537943631410598,0.028756498276197816,0.11925447934481781,0.028654836263740435
fourier,3,12,0.4480681603863126,0.7539843330780666,0.06456264283818504,0.10272014979079055,0.0644965414190665
fourier,3,13,0.4362246888497519,0.7945329986512661,0.07831979867781531,0.09873355637925367,0.07828474093572974
fourier,3,14,0.4679138980924137,0.6947506345808506,0.10087675223282228,0.1106379107387814,0.10083205775202563
fourier,3,15,0.46935933154253734,0.9110829090078671,0.10207779662062724,0.11111436012433842,0.10203346926718951
fourier,3,16,0.4257051024645094,0.8950474955141544,0.08067649919491184,0.11002088049426675,0.08062071330835655
fourier,3,17,0.4041493911118734,0.855123545974493,0.07762758772199353,0.10622025295160711,0.07757520421097676
fourier,3,18,0.3905714773942554,0.8238431707024574,0.0685820802114904,0.10346393577444056,0.06853220718912781
fourier,3,19,0.3939167657305324,1.191923846056064,0.06845546427648515,0.11012293718134364,0.06836843107594177
fourier,3,20,0.36838535219430923,0.7546038222809632,0.045652528099405267,0.10809558015316725,0.04552369891607668
fourier,3,21,0.363050648617366,0.8015750216941039,0.06830411755945534,0.10754430908709764,0.06819291632661285
fourier,3,22,0.33453191355580375,0.7841240279376507,0.0859326063344876,0.11227858889227112,0.08583242663492759
fourier,4,1,1.2046499223936171,1.1694542775551477,0.08904558673966675,-0.0626318701930965,0.08909182182978839
fourier,4,2,1.0047843504756215,0.9934658189614614,0.09198648669601729,-0.05105959294984738,0.09204716514019916
fourier,4,3,0.8211628445793712,0.9261143505573273,0.09034445331781171,-0.04506282560372104,0.09041089700767771
fourier,4,4,0.7886412115324111,0.8986625750859578,0.0880791532419001,-0.045427196931753615,0.08815853027626872
fourier,4,5,0.7133055681747104,0.9339363550146421,0.09002932797690542,-0.03054178180367065,0.0900844874229127
fourier,4,6,0.9231930637643451,0.8930803472797076,0.10020875810878352,-0.01977901946520433,0.10025206445716321
fourier,4,7,1.6049908358189795,0.8863400787115097,0.09879613909870386,-0.008343680682204042,0.09882216043770313
fourier,4,8,1.1677141586939495,0.8692302358647187,0.08935727186035365,0.004263790898645917,0.08937126363938054
fourier,4,9,0.5805087964686136,0.8435144851605098,0.08780563401135927,0.014312195576106508,0.08779378632316366
fourier,4,10,0.5459673045173524,0.8135584975282352,0.08275200633991821,0.022409881340960662,0.08275183469328719
fourier,4,11,0.49335978605917524,0.8062999228636424,0.09272817550227046,0.03047985176866253,0.09272237069283923
fourier,4,12,0.8845088519747295,0.7949861273169517,0.09853932084903742,0.03927310454503943,0.09852276018743093
fourier,4,13,0.5551066508605367,0.7836291717986266,0.07789892305154353,0.04603386467788369,0.07779018149788802
fourier,4,14,0.47836187505532823,0.8019485796491305,0.09634801310603507,0.05174499591812491,0.09629368494109561
fourier,4,15,0.4236861641208331,0.7711100133756796,0.08234447905172905,0.05279999583338698,0.08225299086965
fourier,4,16,0.45077778883869685,0.7811948470771313,0.09733954007194066,0.05919620726878445,0.09727263922880715
fourier,4,17,0.4088312716238082,0.6897351309657097,0.09383696713290798,0.059633464731935724,0.09372741738334298
fourier,4,18,0.4271197695107687,0.6729184451202551,0.09172275639139116,0.0668325442665567,0.09152872528259953
fourier,4,19,0.4131130013200972,0.6749279171228408,0.09948492248853048,0.06808268056144394,0.09931212222824494
fourier,4,20,0.4193949639087632,0.7078645184636116,0.09764128797978629,0.06784656277838318,0.09751848731539212
fourier,4,21,0.37098907336356146,0.8155083162089188,0.10788702083130677,0.07281481872778386,0.10760984674561769
fourier,4,22,0.4014025724359921,0.7187580818931262,0.1256065322086215,0.0741771634357671,0.12552805977563064
fourier,4,23,0.39435174505388926,0.7366729373733203,0.12924795689177698,0.078009258924673,0.12916929217171855
fourier,4,24,0.3662202028291566,0.6556813602646192,0.1235401789987615,0.08020698543017109,0.12336197829572484
fourier,4,25,0.3715130735247854,0.7013150493303935,0.11360981864854694,0.07834314004673312,0.11329998245152334
fourier,4,26,0.36345868474907345,0.6675053355594476,0.12597694005817175,0.084507901671653,0.1257147327065468
fourier,4,27,0.35360046984657406,0.6706677282849948,0.11256184563972056,0.08505218277762955,0.11217966644714276
fourier,4,28,0.3475722843219364,0.6811197397609552,0.10868891928112134,0.08651480209858467,0.10833733477144657
fourier,4,29,0.35053055538308053,0.6761028356850147,0.12150470092892647,0.08673174195767691,0.1210292598232627
fourier,4,30,0.35171167871781756,0.6811605602502823,0.0933189341177543,0.08507626451707134,0.09279344965082904
fourier,4,31,0.3384195732928458,0.685542689760526,0.10611847777230045,0.08622295531677082,0.10557730332948267
fourier,4,32,0.3251789343499002,0.6834333245952924,0.11982158981263638,0.08799770190768565,0.11916509885340928
fourier,5,1,0.9485971875607021,0.9412760575612386,0.10931334710039664,0.03720808939542621,0.10929728929768316
fourier,5,2,0.709293670242741,0.7156114292641481,0.08300550820131321,0.04053719317695747,0.08297552916725787
fourier,5,3,0.5391105654102469,0.7362894644339879,0.07918603769115483,0.032516117855751266,0.07915303647168911
fourier,5,4,0.432121659614264,0.6988162229458491,0.08829880122017736,0.03681981358822668,0.08827740302464614
fourier,5,5,0.539741074222894,0.6567353790005048,0.08407176036077241,0.06473530414902294,0.08403287453887363
fourier,5,6,0.40359336362471654,0.6100148393462101,0.09113405348422626,0.05983616494146796,0.09109263968809198
fourier,5,7,0.32772638894144507,0.6958061107744773,0.08819226746951851,0.06355662234903624,0.08812883065062731
fourier,5,8,0.2860232625629694,0.5905189875513315,0.0914959660032764,0.06446500375168399,0.09143497643526644
fourier,5,9,0.27828568932674236,0.57736325537165,0.09914390541768323,0.07952567178484363,0.09906227158692976
fourier,5,10,0.22563384733502828,0.5220141525069872,0.10085414370211462,0.08387044315071156,0.10080286130929987
fourier,5,11,0.23244719975997533,0.5383951434244713,0.09901779580347163,0.09196495101011047,0.09895083700369772
fourier,5,12,0.2148083829513145,0.5098626957585414,0.08936413698829711,0.09263641528862838,0.08931283602723852
fourier,5,13,0.2434660124163779,0.569089296584328,0.06917487501244371,0.09331921935081482,0.0691201467687885
fourier,5,14,0.2157675228599045,0.5489988461136818,0.0762187504034955,0.08212714530576098,0.07616119007288943
fourier,5,15,0.18719401107066208,0.4917811922729015,0.09965990654212267,0.08419144854027157,0.09961487637386503
fourier,5,16,0.16914141379178516,0.5427719230453173,0.09936707899711715,0.08760909402432542,0.09931359020799088
fourier,5,17,0.16948851821796287,0.5607488460838794,0.09756704712829863,0.08536699653680747,0.09752848121958474
fourier,5,18,0.1571530835436923,0.5242125399410724,0.09708289258802931,0.08556249810693164,0.09704626949193577
fourier,5,19,0.16414824163629896,0.5279741688321035,0.11692416987692317,0.08707857775346686,0.11688680428390702
fourier,5,20,0.16076880102119748,0.5540250658988952,0.08066422639919134,0.07434991452998171,0.08062270895655578
fourier,5,21,0.15848333432915665,0.4783642920355002,0.09941370723536239,0.08692895359126851,0.09936247759809097
fourier,5,22,0.1514667006475585,0.4975210686524709,0.10835260502062738,0.08810872175575545,0.10830929328221828
fourier,5,23,0.1505056477137028,0.475302957991759,0.1009339545154944,0.0854945159633644,0.10089637575050195
fourier,5,24,0.1475965099793578,0.5128345261017482,0.0918115816777572,0.09457976130458216,0.09176847566850484
fourier,5,25,0.14725135642266463,0.48826003024975456,0.09320022211953377,0.09778686002052078,0.09314458755058391
fourier,5,26,0.1477213055486717,0.4982363849878311,0.07632742628532772,0.1000656660956641,0.07624375257097805
fourier,5,27,0.15806355232757235,0.5383483557651441,0.08070278988064578,0.09520371868663156,0.08063300801198542
fourier,5,28,0.14984375359638344,0.5422826388229927,0.08003988615431203,0.09044712389004417,0.07998170821034971
fourier,5,29,0.147498725189103,0.4784490417689085,0.09372111396708836,0.09185803848473977,0.09364062782066564
fourier,5,30,0.13971023433028706,0.47005808850129444,0.08485252793810408,0.08641254935258379,0.08478808672177061
fourier,5,31,0.13203330816967146,0.4440654708693425,0.09253225994034438,0.08769767640624196,0.09247033893043408
fourier,5,32,0.13077770750082673,0.4562188987930616,0.09535375650351247,0.0893995252874447,0.09529135458481809
fourier,5,33,0.12948256600943822,0.46559739460547767,0.09528532324669262,0.09021173244885479,0.09521653392973045
fourier,5,34,0.12962041239416788,0.45526891201734543,0.09114091090741568,0.09187442943220958,0.09107755439860436
fourier,5,35,0.1298737091618398,0.4759545578310887,0.09915915568514416,0.09304097349910687,0.0991003809904214
fourier,5,36,0.1288313636526702,0.4812878708044688,0.1013083132294317,0.09430081476069366,0.10124345598742365
fourier,5,37,0.12941239543613933,0.4594907954335213,0.10022992653151354,0.0930785219805936,0.10016415910019229
fourier,5,38,0.12840546368961298,0.479266494885087,0.09588138884864747,0.09266524445265531,0.09580958052538335
fourier,5,39,0.1271856420688213,0.4847674573461215,0.09813581149404248,0.0914488348721837,0.09806736533840497
fourier,6,1,1.2102293341405808,1.1509158790111542,0.12272562449797988,0.03020097913298135,0.12271661933821937
fourier,6,2,0.9995845173086438,1.0456726600726445,0.12560712021853154,0.06675499677367043,0.12558823251747525
fourier,6,3,0.7335370617016913,0.9373387227455775,0.07602706744995279,0.06744242442752389,0.0759873389848508
fourier,6,4,0.5596994873550203,0.861515041689078,0.06538066774871064,0.05606197476542244,0.0653477908531689
fourier,6,5,0.4807378648528977,0.8068498753011226,0.0577201570107718,0.06283719533627542,0.05766927461809246
fourier,6,6,0.4305380146418299,0.7601540563007195,0.08715007855789736,0.06961329376790673,0.08707948706966515
fourier,6,7,0.415102920007138,0.801607741912206,0.09124056150806913,0.06866407472019394,0.09116208462558764
fourier,6,8,0.39704991687857916,0.8195056661963462,0.06154775874844442,0.06885255091668417,0.06148601598882427
fourier,6,9,0.38825225451635936,0.7860967792570591,0.06737666916111872,0.06319172649333875,0.06731942559490563
fourier,6,10,0.3814085739709082,0.8033541997273763,0.0597654690577959,0.06854107291437686,0.05969912586345648
fourier,6,11,0.38784903193277026,0.7112679481506348,0.07647023623188337,0.07347545148804784,0.07639984789614876
fourier,6,12,0.38817182928323746,0.829432779053847,0.09298993578801552,0.07950183796541145,0.09291502634684244
fourier,6,13,0.37606688257720733,0.8398028157651425,0.07364024006140729,0.07263476802036166,0.07356976914888946
fourier,6,14,0.3740976993290205,0.7439671245714029,0.09965316414212187,0.08430055644518385,0.09958344921469689
fourier,6,15,0.3772789802816179,0.8336107651392619,0.09064216098437707,0.07730495667395493,0.09056166044125954
fourier,6,16,0.37258704243198276,0.7905882058044275,0.09461664268746972,0.07835201492222647,0.09449255637203653
fourier,6,17,0.369368885244642,0.7975015771885713,0.1001937210559845,0.07834382667206227,0.10006965671976407
fourier,6,18,0.3616364477645783,0.7720710347096126,0.09502649046480656,0.07575057789993783,0.09492568597197533
fourier,6,19,0.35659310600114247,0.8005235453446706,0.10031879053761562,0.07692157515945534,0.10021800429870685
fourier,7,1,0.9844411744011773,0.975393512348334,0.11568928267709756,0.06355280626642829,0.11568037302216301
fourier,7,2,1.167467110834661,1.1770931800206503,0.10333807002753019,0.12820546984827766,0.10175331640833368
fourier,7,3,1.5989170728901785,1.1854842931032181,0.06213206402026117,0.0987251267535612,0.05447407456037278
fourier,7,4,1.5053637556432347,1.2917547921339672,0.024349512237434586,0.11307227524618307,0.019127076414588374
fourier,7,5,1.3975257530571923,1.2872078885634741,0.03027143016224727,0.1121793020904685,0.02323609494875806
fourier,7,6,1.4701263471728279,1.2404842664798101,0.027502691019132424,0.10392169245363524,0.018535952064363908
fourier,7,7,1.4334726364366592,1.259757532676061,0.009533668055276697,0.08546506169950589,0.0034565206015637765
fourier,7,8,1.441731477067584,1.2631728937228521,0.002566277637379244,0.0993076816162405,-0.007611752835509833
fourier,7,9,1.5254481108415694,1.2669782161712646,-0.005335147286920498,0.08840947362283866,-0.01669216005442043
fourier,7,10,1.4687233006670362,1.2794033149878183,-0.012988097716394502,0.09489497278506558,-0.022784845438824655
fourier,7,11,1.4914881123436823,1.2612539092699686,-0.01001622338371817,0.10253183259628713,-0.025826199369233412
fourier,7,12,1.4060240235357058,1.25223188996315,-0.007433417672776462,0.08751636870050182,-0.027348196933356425
fourier,7,13,1.5671251946025424,1.2490692575772604,-0.009690418156484764,0.08370860956298808,-0.02836352676191988
fourier,7,14,1.4618440926193246,1.2422656486431758,-0.007476545463153646,0.0909872159245424,-0.030849501939034477
fourier,8,1,1.185805329727748,0.9743653138478597,0.08587858839115749,0.004053178324829787,0.08590724880729492
fourier,8,2,0.9600335227118598,0.8817599753538767,0.09633648965973407,0.0592380792098993,0.09628702152209977
fourier,8,3,0.8715530471905829,0.8355358784397443,0.09297156113898382,0.05470403116584445,0.0929374965489842
fourier,8,4,0.8649886602920199,0.8492992783586184,0.10815811767485381,0.04019300407186772,0.10813499722959628
fourier,8,5,0.8063561411367522,0.8788119673728942,0.1126636417839715,0.05294747751710626,0.112656913465374
fourier,8,6,0.7158147184148668,0.850506582359473,0.10597790422228476,0.04029316917294636,0.10597652554667245
fourier,8,7,0.6400800088331813,0.8185404419898987,0.10267866203406205,0.028593860178564984,0.10267926466767677
fourier,8,8,0.5844535954178326,0.8235321601231893,0.12639394825091585,0.059747188033846516,0.12635189158997187
fourier,8,9,0.749287094861742,0.8038204650084178,0.10387040954083204,0.038707174042550224,0.1038599330931902
fourier,8,10,0.7376152180016987,0.7103981547057628,0.08167239986360073,0.0795783388389585,0.08159416921747227
fourier,8,11,0.5269998670333907,0.7991044138868649,0.11438929587602616,0.08051595408469439,0.11434104312211275
fourier,8,12,0.48940243903133607,0.7191834675769011,0.1014222579387327,0.08417526326957159,0.10133369114870826
fourier,8,13,0.4782108348749933,0.8139820901056131,0.0740087749902159,0.0965536258649081,0.07390608409574877
fourier,8,14,0.4630691565218426,0.8166120226184527,0.08025841942095818,0.09380561528111381,0.08016725506167859
fourier,8,15,0.45379427986012566,0.7515557530025642,0.10837749087562164,0.11779105826669062,0.1083211237564683
fourier,8,16,0.47310596846398856,0.7640568214158218,0.11646137349307537,0.12642428770971795,0.11643042992800474
fourier,8,17,0.4216301255519428,0.7596199311316013,0.09955183220251153,0.12444499836613734,0.0994721190771088
fourier,8,18,0.4027240009061874,0.7577864155173302,0.10364280487022673,0.11965888369886671,0.10358723233221098
fourier,9,1,0.9484011817073065,0.9338699112335841,0.11110051956881459,0.057037702699502306,0.1110941938823089
fourier,9,2,0.650204966051711,0.8837754850586256,0.07641910127907371,0.06638762258614103,0.07640087212979173
fourier,9,3,0.503619180075706,0.8622641310095787,0.08846916615790784,0.0837777933755812,0.08842623902819469
fourier,9,4,0.5792980402235001,1.2958763524889947,0.07555509099426369,0.06173507989539454,0.07554820330891138
fourier,9,5,0.5888196122315195,0.9942377890149753,0.08751249517469356,0.058648907695896924,0.08749931774412592
fourier,9,6,2.726603075211483,0.9674007912476857,0.0601177194902751,0.014716078745914274,0.060124343973924015
fourier,9,7,0.9319487900606224,0.8663388182719548,0.034472960323364533,-0.009824955459528913,0.03447163075943536
fourier,9,8,0.9750566249565472,1.0556477069854737,0.04451637304203662,-0.0025613103178329768,0.04447916961944429
fourier,9,9,1.034907027192059,1.135990305741628,0.09428248463664204,0.059565850708168,0.09426777655802046
fourier,9,10,0.7552245556125565,1.0179569020867347,0.04625682835661185,-0.040350668278794424,0.046268959133885804
fourier,9,11,0.8831914540321107,1.1443069567282995,0.07942323457294455,0.015765065823992095,0.07938150575694938
fourier,9,12,0.7755337326181313,0.9092191192011039,0.06362425312302851,0.07002103885558124,0.06336957598493125
fourier,9,13,0.7753995512686078,1.0437692100803058,0.052178653472219595,0.057542188093066216,0.052050457767715365
fourier,9,14,0.7616846974761713,0.9076307674249013,0.062125705541014514,0.07902751034901788,0.06195533779246034
fourier,9,15,0.6404584233486463,0.9836014993488789,0.07970325448647296,0.07360884890658781,0.07954629677260527
fourier,10,1,0.8833217209885045,0.9399522642294565,0.11773208433490558,0.1130387902570798,0.1171240013364392
fourier,10,2,0.7531997837599308,0.956691004584233,0.10831107428239192,0.09869589271450725,0.10791699540956566
fourier,10,3,0.688980748196916,1.136026683698098,0.060545836295932534,0.09050196444538111,0.06038696118630469
fourier,10,4,0.6348176095930357,0.9496217767397562,0.08587723198967676,0.08225232772141074,0.08572287154383958
fourier,10,5,0.6293048625072789,0.8138012168308099,0.04985139513543497,0.08864407104750474,0.04971023378117631
fourier,10,6,0.5120304498289313,0.9087215818464756,0.06494179895429018,0.09219679722251992,0.06484033435602517
fourier,10,7,0.5754566261810916,0.9711527047057946,0.06134280077725028,0.099596146075055,0.060929348511854185
fourier,10,8,0.46011587220524985,0.6654178883880377,0.06675290538308522,0.10608134921640158,0.06648561767845725
fourier,10,9,0.4114727240706247,0.7169695926209291,0.09107855454591723,0.11693616540481647,0.09092269481528395
fourier,10,10,0.34792652625649695,1.3968331890801589,0.07306781347530583,0.10626858621835708,0.07286703817856809
fourier,10,11,0.35235707627402413,0.5955436545113723,0.08744467793342968,0.10844218910982212,0.08709477339095126
fourier,10,12,0.3795354752431786,0.9641269125044346,0.11331277648181033,0.10714290206184766,0.11316095080110244
fourier,10,13,0.3428458886014091,0.5272143917779127,-0.003935051798665276,0.09164433534897398,-0.004871823238984992
fourier,10,14,0.29852562350413153,0.7071207759281,0.006996675344028821,0.09015600213745832,0.0062372664940388255
fourier,10,15,0.3665759228761234,0.9636322384079298,0.043711167441991466,0.08091572183572376,0.04316312135973324
fourier,10,16,0.37893632740255384,1.3022396676242352,0.06512121494743042,0.094918672942246,0.06484971497557127
fourier,10,17,0.32850023826199864,0.8907554266353448,0.07096034448113642,0.09952689601341262,0.06954861992659668
fourier,10,18,0.368161774698704,0.9314404907325904,0.06381529010929322,0.10111181542354947,0.06280971389011634
fourier,10,19,0.33767913719491355,0.9480914250016212,0.06030015041275571,0.09162232832362255,0.05945828931956688
fourier,10,20,0.3442745204601023,0.5637208068122467,0.07977060563280247,0.09041120164717237,0.07861901325619934
fourier,10,21,0.2564689087134505,0.8692572265863419,0.06862682050365644,0.09214841661353906,0.0670731235605975
fourier,11,1,0.9596523474606257,0.9205677514274915,0.08651997954778684,0.10407412562829753,0.08643001617359308
fourier,11,2,0.9971327646857217,1.0059806863466898,0.053650027094772665,-0.006306312907933413,0.05366226583100797
fourier,11,3,1.68990833586311,1.179551542798678,0.030888031205783286,-0.03232957711443305,0.033563665321950494
fourier,11,4,1.7193141492667594,1.1329130132993062,0.033662555684956415,-0.03434499168877968,0.0381201025142218
fourier,11,5,1.6350757017708164,1.1390069107214609,0.06381582415197044,-0.08597050854878034,0.07792499922021913
fourier,11,6,1.9818862662911656,1.132201580206553,0.06795201981440187,-0.06132517606408025,0.07926113974535838
fourier,11,7,1.5522884087926256,1.1379608015219371,0.07628672745777294,0.0005169445487505679,0.07513324103007714
fourier,11,8,2.2281765551491093,1.1533995469411213,0.0678424964096242,-0.07554095941013657,0.073124768526759
fourier,11,9,1.4375891933097071,1.1876339157422384,0.010334742412669583,-0.007230896524076039,0.014961125356300424
fourier,11,10,1.8145909463949623,1.1915194690227509,0.00623352006271792,-0.016947720698469008,0.012877620713940512
fourier,11,11,1.7341420873588609,1.1790484627087912,0.02563599223891894,0.035457570468618846,0.01848691632427896
fourier,11,12,1.5014689327040864,1.1685342570145925,0.034213718300103814,0.06988814866781468,0.021268952713580803
fourier,11,13,1.6249825758951908,1.167445715268453,0.02810618241201155,0.047428409948891685,0.02117209564409374
fourier,11,14,1.7270475539095234,1.1726142644882203,0.022725756755486753,0.028106100554578007,0.020582769089863482
fourier,12,1,1.411118104580849,1.4011630336443583,0.05326228524014975,-0.009167598721008592,0.05330257336609066
fourier,12,2,1.3167379699529163,1.300710771481196,0.0984212049903969,0.022404142057833573,0.09843293717131019
fourier,12,3,1.2418558590468907,1.2300026973088583,0.11349094576823214,0.057749157507593435,0.11349047985859215
fourier,12,4,1.1444286626009714,1.1919951826333999,0.12588361064748219,0.07438196983275702,0.1258706672854411
fourier,12,5,0.9752793074363754,1.1961549997329712,0.1115786412517385,0.06461696762902042,0.11154775754621368
fourier,12,6,0.8578468160260291,1.4006444732348124,0.09745436652835147,0.06093616826692596,0.0974066542791358
fourier,12,7,0.7915141250169466,1.3026173040270805,0.09575918508538356,0.06408550090466937,0.0956999798945617
fourier,12,8,0.7426863574082889,1.4540387998024622,0.08443736064170176,0.062422052493396524,0.08434661793289706
fourier,12,9,0.703808903102837,1.3455050508181254,0.0947723222663626,0.0686281533484968,0.09468293706304394
fourier,12,10,0.6825443212948148,1.3405681525667508,0.09290886120870709,0.06973432233401884,0.09284012674664457
fourier,12,11,0.660864584739246,1.5179128070672354,0.09164893776954462,0.06761648936080747,0.09158906252123415
fourier,12,12,0.6410075589304879,1.406440532207489,0.09004110865838205,0.06699670223752037,0.09002333604342615
fourier,12,13,0.6258253190252516,1.398246955871582,0.08722669772493342,0.06574489139796545,0.08720903587333548
fourier,12,14,0.6104915302897257,1.424945749839147,0.0873086562535415,0.0671034557123979,0.08730196884522835
fourier,12,15,0.6027775775818598,1.3452570264538128,0.08728577687094609,0.06602002619765698,0.08731630500406026
fourier,13,1,1.0773577150844393,1.0378756473461788,0.11275760307908059,0.06954266683508953,0.11275229531650742
fourier,13,2,0.8851504266735107,0.9307341784238815,0.11750138144901333,0.0973426154969881,0.1174368609325029
fourier,13,3,0.6908622398854248,0.8646717051664988,0.09306556242275595,0.10809804238379002,0.0927699611017791
fourier,13,4,0.5595738030378781,0.7541091998418172,0.0917667113399754,0.10496879092728098,0.09153873197501525
fourier,13,5,0.4866692828871901,0.8321706677476565,0.08425559297708483,0.09920339145658848,0.0841238000197336
fourier,13,6,0.40664281092938925,0.7727054134011269,0.07584899804981736,0.0983527088770643,0.07573806529762805
fourier,13,7,0.36714813125038903,0.6722638266781966,0.07412232262237618,0.09536696242478987,0.0740074166484798
fourier,13,8,0.31202486872909563,0.6741745725274086,0.05310962998773903,0.0858805447195967,0.05297981077649941
fourier,13,9,0.2783800393697761,0.6645941187938055,0.08901556635973976,0.09306789181816082,0.08889622881736917
fourier,13,10,0.27427005105548435,0.5538979584972064,0.08743283689254895,0.08940044810685019,0.08729184741775195
fourier,13,11,0.27614605752012084,0.5729307239254315,0.07869685063099799,0.08815390535940727,0.07853737988625653
fourier,13,12,0.263617276672333,0.5948264067371686,0.07725075543082009,0.08852591021956566,0.07707815043783436
fourier,13,13,0.25830994972160887,0.45169366920987764,0.09380193852509061,0.08643758934922516,0.09361126948788297
fourier,13,14,0.2544767047677721,0.4902931700150172,0.08124663265771233,0.08058733254050215,0.0811259054064673
fourier,13,15,0.2516367630589576,0.6377557344734669,0.08082671802258119,0.08774178622600932,0.08062830932515984
fourier,13,16,0.2493916851660562,0.5167629127701123,0.0958349376822298,0.0876422715994219,0.09558943885494955
fourier,13,17,0.24427469139770855,0.5265831890205542,0.09871006696096932,0.09303713391224543,0.09848934433927449
fourier,13,18,0.24640099160254947,0.5133901167660951,0.08668868273768264,0.09279811277131861,0.08639712186025766
fourier,13,19,0.2467956869966454,0.5771255073448022,0.07744995734537952,0.09121547640049053,0.07714907503589832
fourier,13,20,0.23891744733093276,0.536456706126531,0.07023040023632347,0.09200551762866477,0.06990101161257674
fourier,13,21,0.23277420012487304,0.5186693947762251,0.08724372580375833,0.09471720235887915,0.08687436883774353
fourier,14,1,1.0436587511073976,0.9990316698948543,0.10907633841125061,0.08663330913210908,0.1090675816628694
fourier,14,2,0.8197250685521534,0.9158215155204137,0.09102698269028527,0.036200129240751264,0.09110076879345191
fourier,14,3,0.6362467686690035,1.1124157483379047,0.08906689147309711,0.04940082576746742,0.08913420835354675
fourier,14,4,0.5440544541038218,1.0082573247452578,0.09182119307806716,0.05253917798011874,0.09183317590310859
fourier,14,5,0.41641110501119066,0.781989137083292,0.0957173389576686,0.0651220342576077,0.09570599271877048
fourier,14,6,0.36458527988621164,0.7547411149988572,0.1083288858353626,0.06224905383617928,0.10835629534364367
fourier,14,7,0.3314766882667466,0.8629704132676125,0.10404737660040458,0.053889776694510755,0.10407703573194643
fourier,14,8,0.29170775277510524,1.1969440512359142,0.11323188340563016,0.0661284282527049,0.11324354869429953
fourier,14,9,0.29341772807732464,1.3975528140862783,0.09877126798965037,0.0604148386977613,0.09877695284570412
fourier,14,10,0.26382296674308325,0.7639911934733391,0.09900897326103102,0.05895381683173279,0.0990110467808942
fourier,14,11,0.2840184112271619,1.228133482610186,0.11016439635131973,0.06428226402301031,0.11016764003240193
fourier,14,12,0.2622993936141332,1.6597247175872325,0.11138391965456927,0.06456391288278003,0.11139324665612851
fourier,14,13,0.24329729301352349,1.178808001553019,0.10627033644123003,0.06588979330845177,0.1062786543664212
fourier,14,14,0.22791331947322876,1.2955171870688598,0.10671209284240225,0.07103145023575053,0.1067097732826369
fourier,15,1,0.9999481210159877,0.9553194761276245,0.12213929644979847,0.11010452139501771,0.12188275954928637
fourier,15,2,0.7515534910536001,1.0634717533985774,0.09870099450151125,0.10488813161694756,0.09851285316981376
fourier,15,3,0.6590780265156239,0.8662549381454786,0.0852793169207871,0.10912574875013283,0.08519756486639381
fourier,15,4,0.5496775698330667,0.9292062225441138,0.07947662506485358,0.08164821033715271,0.07946567233496656
fourier,15,5,0.630099795936119,0.9310873662432034,0.12849050644629945,0.09884307078706721,0.12832690437013905
fourier,15,6,0.5352900996212921,0.9355399549007416,0.09936785455114053,0.07014854772326846,0.09936767735246879
fourier,15,7,0.520896688517597,1.1810948990285397,0.11304360228047396,0.060445300018182026,0.1130486120431063
fourier,15,8,0.46996431247819037,1.484697197129329,0.0653181606438011,0.1021336019563023,0.06522371279230962
fourier,15,9,0.5271160447053493,0.8214454591274262,0.07720345064687233,-0.04954060469560015,0.07721910795274502
fourier,15,10,0.4640351753267977,1.5497606615225474,0.06321592423676824,0.045315519790165126,0.06315444565067689
fourier,15,11,0.4512411855042927,0.9398185476660729,0.09430390988515379,0.07385300816968084,0.09424945170176216
fourier,15,12,0.4006779844917002,0.5946360419193903,0.0816041188207843,0.12100948545266874,0.0814668044312081
fourier,15,13,0.4175483959298285,1.1007225582997004,0.11351654583898683,0.015962349427930653,0.11356438884201149
fourier,15,14,0.451332713699057,0.9871643198033174,0.057456192406243646,0.1107321365387179,0.05706834729207912
fourier,15,15,0.39451147006854176,1.0193195059895515,0.05559657595974083,0.12282148495917984,0.053868804080411795
fourier,15,16,0.4733977522996683,0.8310257236162821,-0.012353676138445735,0.08420754457668712,-0.012872927538895358
fourier,15,17,0.4656145753605025,0.8091717556118965,0.09231029557995499,-0.09392841147879759,0.09235554706926147
fourier,15,18,0.38820206758285325,0.7061849020421505,0.08108411048500178,0.09368246359129746,0.08089417220392837
fourier,15,19,0.32684123273643234,0.7819746884206931,0.08884518611012027,0.08681451835048695,0.08890336218464653
fourier,15,20,0.3036172096100118,0.6392440824458997,0.08272537430748343,0.08352339805957551,0.08253407263740277
fourier,16,1,0.990771434491589,0.9054513846834501,0.0970529670904701,0.05132396531650253,0.09705248108366504
fourier,16,2,0.7035104808589768,0.6882692076265812,0.09140941428243726,0.06511250258869647,0.09138502594820845
fourier,16,3,0.6400998695975259,0.6289764861265819,0.09627863457426429,0.046514309090950216,0.09629953614785336
fourier,16,4,0.7668247439322018,0.6688620895147324,0.10679798780474811,0.08043996151536703,0.1067966047829638
fourier,16,5,0.6020070201466008,0.6450195367137591,0.10579709219067203,0.014529097818497878,0.10580852704588324
fourier,16,6,0.6588181944357024,0.6344347161551317,0.1088265330841144,-0.02205341106867612,0.10884686176044246
fourier,16,7,0.414773764946158,0.5279114454984665,0.13660016132052988,-0.010040581851353637,0.1366179148045679
fourier,16,8,0.5286211800125856,0.5003819119185209,0.1366558188262085,0.012913728567461173,0.1366560857122143
fourier,16,9,0.4992524292024355,0.5455768365412951,0.11879147402166078,0.016989687426636615,0.11879471619613469
fourier,16,10,0.39288076545510975,0.5169868759810925,0.10613343313646813,0.08172715050362361,0.10612438625345627
fourier,16,11,0.317142005300238,0.5183326537410419,0.11057596151173736,0.08471606847985337,0.11056150113387654
fourier,16,12,0.28678296181181123,0.49203254878520963,0.1288373541086912,0.10301720187999308,0.12882478438938658
fourier,16,13,0.2533359393359177,0.4998786664257447,0.10739936255849898,0.10187828339015444,0.10737405490751067
fourier,16,14,0.2325498823608671,0.37246527820825576,0.1142434077647825,0.09920042362064123,0.11422488718914489
fourier,16,15,0.22301218895212052,0.5642673050363859,0.11694027973959843,0.09262567099455433,0.11691950323681037
fourier,16,16,0.21666689193437969,0.4786723135660092,0.10403250964979331,0.09426085338151703,0.10401212591677904
fourier,16,17,0.2213465573177451,0.40038675889372827,0.11927167549729348,0.09598665122757666,0.11925519336946308
fourier,16,18,0.20023625107511642,0.470573415607214,0.0991552274984618,0.08845929852686822,0.09914112581561009
fourier,16,19,0.20085031805293901,0.5123763762414455,0.11763524562896539,0.08724631761433557,0.1176272835349664
fourier,16,20,0.2160833323049167,0.44079074760278064,0.10369164428363244,0.08237363061246773,0.1036717732126514
fourier,16,21,0.17853137915806164,0.4150000127653281,0.10062615148102244,0.08085176212868343,0.10060983361521116
fourier,16,22,0.17344202964551866,0.44313158964117366,0.10117807995217541,0.0819059380951027,0.10116337148162226
fourier,17,1,1.1814635388907933,1.1559532821178435,0.09753087321296335,-0.04600602428739269,0.09753590193577111
fourier,17,2,1.0549080636766222,1.0529956966638565,0.12066139986175889,0.07048060203669593,0.12065205212178019
fourier,17,3,0.880876896873353,0.9710746298233668,0.11232283568824641,0.09653029254792879,0.11225595934483863
fourier,17,4,0.7093359637591574,1.0992546240488688,0.11133504859171808,0.10980222805713614,0.11118290344408403
fourier,17,5,0.6246816896729999,1.8303297648827235,0.10228160047360385,0.11770952336179713,0.10201474965530603
fourier,17,6,0.5475204860761999,1.1151655172308286,0.11380176708723108,0.11650975933298469,0.11364484695562473
fourier,17,7,0.49859370474541,1.6844131936629614,0.10168361278871695,0.11312723960727453,0.10149957895822202
fourier,17,8,0.45709555223584175,1.4805439000328382,0.09669409703152874,0.11340857102247053,0.09651723315473645
fourier,17,9,0.4427636707467692,1.4466510906815528,0.09354896302102134,0.11075064265945306,0.09339399797997126
fourier,17,10,0.4172699586857879,1.3729245665172736,0.08350310949220632,0.10521109935361891,0.0833478720431837
fourier,17,11,0.40666393161056535,1.7347148771087328,0.07895369135464231,0.10467920255905483,0.07883237740801026
fourier,17,12,0.4080524560477998,1.440287284553051,0.07142774505191482,0.10237307273006688,0.07131817220215453
fourier,17,13,0.3767837028773058,1.442914541065693,0.06778186115989229,0.10138404665825268,0.06768432660110194
fourier,17,14,0.36687819919888937,1.6296025186777114,0.05455231715847428,0.10144628038190907,0.054440459861264875
fourier,18,1,0.9981934945025142,1.0091288646062215,0.12449002252809199,0.07031812195976575,0.12450503646286962
fourier,18,2,0.725694031705932,0.922140962878863,0.09025533744619073,0.10268885834763447,0.09024503558466676
fourier,18,3,0.5971778575035315,0.7004308332999547,0.09647839039874574,0.10222224242364367,0.09647084013558924
fourier,18,4,0.6364492117057717,1.0227058415611585,0.04969020953188495,0.07103124206575255,0.0496513009488505
fourier,18,5,0.9691051743584611,1.042410258948803,0.08622498960467055,0.09990027416497468,0.08353588272020715
fourier,18,6,1.2714734102288883,1.1476655741532644,0.07538240144300895,0.11048659935283164,0.07178441386980315
fourier,18,7,1.2879597270299519,1.1471430599689483,0.07669184188513706,0.11580065342908104,0.06915990889538079
fourier,18,8,1.2835632132159338,1.151134999593099,0.06876567412400618,0.12074627028778195,0.06743653921512305
fourier,18,9,1.2942216084116982,1.1495128631591798,0.07218554872864237,0.12593868791979426,0.07155144036902736
fourier,18,10,1.2598138721216292,1.1482100586096446,0.07490728065410318,0.1253245079657063,0.07168631087212513
fourier,18,11,1.2641568751562209,1.1466316531101863,0.07228506613755599,0.12319329323800048,0.07136139875122656
fourier,18,12,1.257887689840226,1.1464512775341669,0.07284928804535108,0.12365162096296747,0.07072453373111784
fourier,18,13,1.2614743387888347,1.148047704497973,0.06991181605262682,0.11978009688221694,0.06861738278797323
fourier,18,14,1.2573361169724238,1.14810953438282,0.07016933779911293,0.1196766733318024,0.06812258689897135
fourier,18,15,1.249826146023614,1.1436924894650777,0.07520968112318466,0.11849683706338207,0.0684877932537347
fourier,18,16,1.2430709359191714,1.1353331873814265,0.08607613296092799,0.11918157986947335,0.0661530242767185
fourier,18,17,1.2727676601636977,1.137192317843437,0.07241868432853758,0.12286459257205327,0.06416357337341955
fourier,18,18,1.260560911799234,1.1186085085074107,0.0995390152093023,0.12134464968306323,0.06439011181889025
fourier,18,19,1.3265518148740132,1.0754593511422474,0.1176221392583102,0.11938823324938615,0.06610908914978306
fourier,18,20,1.2534435140708136,0.7118548519909382,0.09559786848258227,0.10026227990553403,0.0505718107917346
fourier,18,21,1.2398456576324643,0.9495662311712901,0.09765656640520319,0.1042506363747331,0.050047030663699844
fourier,18,22,1.2754699147882915,0.821699710500737,0.11114373507055765,0.11692676943105956,0.05329218574067151
fourier,18,23,1.2101503889712075,0.6785385055467487,0.10355303680213788,0.108299666751797,0.05025286306627095
fourier,18,24,1.214619562266365,0.7834995299275761,0.08073850576765836,0.0900273821510685,0.030878519262963287
fourier,18,25,1.1814978818098705,0.6161308408685727,0.08559059227894371,0.09321870422766855,0.04252647963221534
fourier,18,26,1.1946242536817278,0.725350008309033,0.09016688244106869,0.09896180919992427,0.03988914525931856
fourier,18,27,1.1531562762601035,0.7337557851026456,0.09787265059931087,0.103475660835223,0.04892701356293401
fourier,18,28,1.1324784703670987,0.6250739223789423,0.09521854867537817,0.10171761262851457,0.04568518897091659
fourier,18,29,1.139081258149374,0.6722586689827342,0.08938282564437637,0.0961239677388221,0.04220051824425657
fourier,18,30,1.1409725486744373,1.7769172367358503,0.0950525943141353,0.10460450744722039,0.03851230589304275
fourier,18,31,1.1460195283095043,1.676545785927859,0.09668949594876418,0.10726099134578058,0.04535510259156581
fourier,18,32,1.0996886349859691,2.0087704018641186,0.0963249233784154,0.1077970712678507,0.03614690044390348
fourier,18,33,1.0961755627677554,1.6255895857078333,0.09252150220030066,0.10291980366455392,0.04646504969180872
fourier,19,1,0.8827461008987729,0.8513716004788876,0.10914024788653479,0.08279954238096252,0.1091347640651899
fourier,19,2,0.9509008759780536,1.0631001035372416,0.10623929199258177,0.024896442222719393,0.10624295457382686
fourier,19,3,1.0201189462391158,1.0273804058631262,0.07423537995976706,0.1004609442781657,0.07065423254389316
fourier,19,4,1.1917719601927,1.1342408508062363,-0.03255458803614601,-0.03052350133608949,-0.030075396178290248
fourier,19,5,1.1981266365647094,1.1842879235744477,0.04787596104918824,0.051164188016749296,0.04500680350853751
fourier,19,6,1.2583418840742004,1.1599095791578293,0.0603308327801642,0.05993917188607156,0.05314026207779534
fourier,19,7,1.2781396450489642,1.1973992705345153,0.03297619713121094,0.026301822268093626,0.06464703959645704
fourier,19,8,1.2352427871572593,1.0639538606007894,0.05686975628862759,0.04750948620106404,0.05986762084066868
fourier,19,9,1.2740026987550432,1.1143237580855687,0.05885564362591443,0.05038508822520574,0.059285762155195695
fourier,19,10,1.425071557942179,1.1256013174851736,0.05877954973711894,0.04727619073043267,0.06435054352720423
fourier,19,11,1.2605035854762212,1.1157249748706817,0.06278708504881554,0.042324101521323126,0.061915789645475644
fourier,19,12,1.302666458382552,1.1641194144884746,0.05888839552256589,0.025763955995595705,0.04527254574156056
fourier,19,13,1.2505007195291074,1.1688887337843576,0.05974889779851462,0.00712189325131476,0.05376968296477571
fourier,19,14,1.3089453033910738,1.1785187661647796,0.0508623559994021,0.03997972437161176,0.044499382223390664
fourier,19,15,1.2788037030795028,1.1688218235969543,0.0598985877702944,0.0076154533075168725,0.04412964423536323
fourier,19,16,1.3307650145993286,1.1758052070935567,0.05742395449584971,-0.008295952695577095,0.04320381449069828
fourier,20,1,0.8926629398077254,0.7330870355168978,0.08182789670924345,0.07083568999854227,0.08179657817818224
fourier,20,2,0.6896481573108643,0.6801720082759857,0.07083215389090279,0.015474762187416976,0.0708285475615412
fourier,20,3,0.6362493782052918,0.7042135672022899,0.08364034077773491,0.07691112741255589,0.0835897918868189
fourier,20,4,0.6346613806154993,0.8158986901243528,0.08283475217625286,0.0685289768424506,0.08278986356478223
fourier,20,5,0.671614140922588,0.7201585086683432,0.11735904299809287,0.01252508257360508,0.11735134083622446
fourier,20,6,0.6415696142330056,1.1071959833304088,0.10434589214467754,0.06387420940445736,0.10429387493059039
fourier,20,7,0.5539281285471387,1.4886208586394787,0.08539437831689914,0.04029883352665517,0.08538606940613439
fourier,20,8,0.6616759605942264,1.4172490179538726,0.12803106725526353,0.08321160832419991,0.12803010618081317
fourier,20,9,0.760394052558002,0.59891305839022,0.08355366309018185,0.0870026127823318,0.08353118907737857
fourier,20,10,0.3528764864636792,1.327051690965891,0.1010059425762544,0.04847318971684823,0.1009890239938007
fourier,20,11,0.32294740427344565,0.46531783205767474,0.08391610941228768,0.0838002009356084,0.08390614385716617
fourier,20,12,0.3640116412369978,0.657868509242932,0.09786342341297617,0.061480989881480735,0.09784932151669637
fourier,20,13,0.3326420365936226,0.6358197934925556,0.08512498552445322,0.0635954944989256,0.08510466935113073
fourier,20,14,0.3511901849673854,0.6371477452417215,0.061349036761869986,0.09433157998137176,0.06131287598206351
fourier,20,15,0.24573630514362502,0.5282054218153159,0.09990142864796023,0.05761165330574537,0.09988665616450211
fourier,20,16,0.2683139533868858,0.5790448414782683,0.01954689801787026,0.10257629152620211,0.01949042093474418
fourier,20,17,0.22843189034906644,0.4965703363219897,0.07228053826086883,0.10247500792029314,0.07225668167253994
fourier,20,18,0.2264570901318202,0.5403208671758573,0.07390608579541245,0.08713041132626434,0.07389427507296205
fourier,20,19,0.190942178642939,0.5627293474972248,0.06047029561984042,0.07680260748990501,0.060462009254843
fourier,21,1,1.1793878459268146,1.1507672180732091,0.09646729003094758,0.013563940472279986,0.09647690915347387
fourier,21,2,1.0849736025409094,1.0874225546916325,0.11389665728590141,0.037579436188874146,0.11389880016601334
fourier,21,3,0.9318289232868997,1.012900788585345,0.11428810199134508,0.06134972742099005,0.11425808462226997
fourier,21,4,0.756632187181995,1.0608775705099105,0.09535030828653059,0.07964715596754104,0.09522681978414767
fourier,21,5,0.6396197166944307,1.0899136260151863,0.09658085332484916,0.052820891796363866,0.09652570213656872
fourier,21,6,0.5674859083124569,1.2418764387567838,0.10475500964287979,0.07489148640500692,0.1046728367723214
fourier,21,7,0.5070980310676589,1.155676185588042,0.09319351045414806,0.09418735632207245,0.09307699330771962
fourier,21,8,0.4712051794169441,1.5055791462461154,0.09363454803824425,0.09077815269508088,0.0935462026449386
fourier,21,9,0.4597281189191909,1.3472450271248817,0.10175407684904106,0.08815091173297938,0.10168957483692793
fourier,21,10,0.44788209000040613,1.337739530702432,0.09934742411520953,0.08856519941085329,0.09929945056404298
fourier,21,11,0.43195407932239865,1.2299414783716203,0.09903786411353697,0.09140114515515355,0.09899669703251372
fourier,21,12,0.41667799976846526,1.0426807890335719,0.09916432435857132,0.09053353790465432,0.09913538538773234
fourier,21,13,0.40344910684322555,1.0380535850922266,0.10045276761132603,0.0836512226126312,0.10043811852616878
fourier,21,14,0.3881125769444874,1.010523067911466,0.06789615789505964,0.08203379152109846,0.06787453658956413
fourier,21,15,0.37277498563367223,0.8976359456777573,0.06586647444637492,0.07285541280871258,0.06584353655343875
fourier,21,16,0.35854824218485093,1.0503262917200724,0.05999274703208357,0.0685738967222278,0.05997237841171833
fourier,21,17,0.33746624264925246,0.9377143065134684,0.058836043671666026,0.06703410482344528,0.05880873657830913
fourier,21,18,0.3324737791858968,0.908999823530515,0.04118872760542824,0.07477287269818286,0.04116468863988606
fourier,21,19,0.32461399726924445,0.8424544254938762,0.050416982714765864,0.07603855978231877,0.05039016585627299
fourier,21,20,0.3240879195786658,0.8841868897279104,0.03778334380719268,0.06539421352790668,0.037762527093097256
fourier,21,21,0.30506266966935186,0.7572119623422623,0.04968241883519416,0.05876093857902257,0.04966458346073826
fourier,21,22,0.30602610318197143,0.9418243914842606,0.039588362493668684,0.06800623015345385,0.03956329758026792
fourier,21,23,0.30169064244107596,0.8214679266015689,0.05890501270381113,0.07947614406196711,0.05887926930251221
fourier,21,24,0.2952693917212032,0.8056950646142165,0.05931530493932466,0.07469813069716717,0.059287244535516946
fourier,21,25,0.29839612460798687,0.9219731574257215,0.04261902845464647,0.07683258255710826,0.04259059277828783
fourier,21,26,0.2977612495185837,0.9566425154606502,0.03836523566472654,0.0808444597600707,0.038328102440573275
fourier,21,27,0.2965228598387468,0.7989189843336741,0.03743137773659934,0.07557276824566846,0.03739832048073974
fourier,21,28,0.28825053862399524,0.8443350337445736,0.05160807402959714,0.07416978202721415,0.05158159443332503
fourier,21,29,0.285779621038172,0.8366460678478082,0.050119621983806914,0.0692305452474102,0.05008982106228359
fourier,22,1,0.9294823668305836,0.9474703063567479,0.058911118268345795,0.01780237773200497,0.058911314606666564
fourier,22,2,0.6974216781793132,0.8612721890211106,0.10045991218412383,0.04559683765643664,0.10045111355599753
fourier,22,3,0.5248105518283352,0.9729313460489114,0.01247270272579044,0.06159938638835835,0.01243760334715868
fourier,22,4,0.4839049842622545,0.5800361623366673,0.05971401169275244,0.09443113983143121,0.059594147695073235
fourier,22,5,0.5443387742316912,0.7915584094822407,0.0880756041733548,0.10679281654690082,0.08805033940492042
fourier,22,6,0.4604981946685011,1.0760289112726846,0.08444952275604009,0.11096124375859896,0.08440099097400283
fourier,22,7,0.3583811590122798,0.8186620086431503,0.10036948272803177,0.11809756519893805,0.10034734841901809
fourier,22,8,0.3434891316389281,0.6835434876382351,0.08159528182101591,0.12109093576048811,0.08155843490773501
fourier,22,9,0.3545101797060361,0.5348332324375709,0.06372022364715425,0.11602205641878148,0.06370020856459936
fourier,22,10,0.42918156034180094,0.7190437324345111,0.0828040508844424,0.11942581565429768,0.08276324903902908
fourier,22,11,0.2791991789662649,0.8239508656164011,0.0848552616807865,0.09144463844907781,0.0848241773210854
fourier,22,12,0.23611813056327047,0.6206943107148012,0.09613552826146285,0.03817452792233477,0.09613032957228522
fourier,22,13,0.2707141854223751,0.8771758524080118,0.07209733666386456,0.0260302417591447,0.07209571455605328
fourier,22,14,0.24520005812011067,0.9298596794406573,0.03075442043385313,0.06688511861235989,0.030746016843477265
fourier,22,15,0.27001645144016023,0.7349044434726238,0.05432030759596576,0.053922207480839764,0.05431433416282137
fourier,22,16,0.22254087900122008,0.6492803963522117,0.059910975753640135,0.08262554520236638,0.059904993721283974
fourier,22,17,0.20038182962508427,0.7655790410935879,0.0814534128139106,0.11713209720716501,0.08143966729597499
fourier,23,1,1.010999781981347,0.9165070762236913,0.09022980229832077,0.044255896386069554,0.09023822374098624
fourier,23,2,0.7471323149308325,0.8033739512165388,0.09622443347858886,0.05554574554553256,0.09621453736908733
fourier,23,3,0.7330851130305774,0.7631282632549604,0.09438944084298176,0.05568874242017045,0.09434010456316173
fourier,23,4,0.743567623966743,0.7751097564895948,0.09953909631197651,0.013301515524896482,0.09960517118064066
fourier,23,5,0.7000268598988889,0.8238168853024642,0.1064585706917569,0.04344235289221009,0.10645869226427748
fourier,23,6,0.5733768460414712,0.7379055601855119,0.12027905688543493,0.01425596388677756,0.1202906423403571
fourier,23,7,0.5271243253161036,0.6404390567292769,0.12703644779588405,0.024530250912842652,0.1270657069243801
fourier,23,8,0.4320390246335476,0.7369236595928669,0.14112115716561674,-0.004946013472120588,0.14113787037009995
fourier,23,9,0.41484346625114243,0.6721630851427715,0.1003644854548232,0.08212393377907574,0.10036151011202794
fourier,23,10,0.34028242841836004,0.6910983682920535,0.1082089765399966,0.0830330648071443,0.1081970947275598
fourier,23,11,0.3776568764495471,0.6142662314077219,0.09701489019983758,0.08096399791926766,0.0969891277840361
fourier,23,12,0.35116658649510807,0.7501006300250689,0.10209287518324951,0.08292468592214088,0.10207224148713673
fourier,23,13,0.3166770846952522,0.7342271094520887,0.11306928338793416,0.05038036685436964,0.11306126792139064
fourier,23,14,0.32476017777881927,0.7382593882580598,0.08540797644721655,0.06781419521194039,0.08538630888991368
fourier,23,15,0.2712849804924594,0.7343385155002277,0.09109363135648892,0.08916812503399948,0.09104583734491219
fourier,23,16,0.263319619591274,0.7384354822337628,0.06553724195885782,0.08539851325719307,0.06546727393676216
fourier,23,17,0.27904380964381353,0.8112963413198789,0.12120137646173437,0.09711041515693068,0.12112794149822245
fourier,23,18,0.24197769679483913,0.7128174715985854,0.10054371342945766,0.09329346486580713,0.10049828273719565
fourier,23,19,0.2259990843160758,0.6880993569890658,0.10835715921906133,0.08362620778498239,0.10830624465209743
fourier,24,1,0.8673850536819488,0.8865736161669096,0.09033553474970783,0.11010910027349989,0.08960852758027613
fourier,24,2,0.8725815360390005,0.9914816156029701,0.08563579461054663,0.11162186150516694,0.08552748056148024
fourier,24,3,0.6049369646916314,0.6506227359175683,0.09686599730824431,0.09384808656177483,0.0968067227009063
fourier,24,4,0.5387038669534145,0.6795822312434514,0.09212955169690153,0.09497556959589322,0.09208828237606212
fourier,24,5,0.4454282798346073,0.8733903283874194,0.06985342072245354,0.10802865038664701,0.06975633814193619
fourier,24,6,0.5211692383246762,0.6624487236142158,0.0720675002085045,0.10583665932063013,0.07198373589975139
fourier,24,7,0.4013455557444739,0.6800008362780015,0.035768677356342475,0.04716783245094121,0.035755077050998806
fourier,24,8,0.39922935450597413,0.5945335666338603,0.10163079705089331,0.08219303431299825,0.10162393314143021
fourier,24,9,0.3729871039589246,0.9793168861418963,0.056181969974810876,0.06573921565820152,0.056130785425193605
fourier,24,10,0.34584967449070914,0.6996608347942431,0.10674389516352675,0.11416852711699903,0.10671559828333557
fourier,24,11,0.2852238593475213,0.7567734301090241,0.07835068688921941,0.0770688523198866,0.07830916809034534
fourier,24,12,0.2504067468856062,0.7809145336349805,0.038282281016775714,0.033468965673819184,0.03827181721959884
fourier,24,13,0.28116456099918913,0.7902579262852669,0.020956260361708702,0.06295340038680781,0.020894361504664023
fourier,24,14,0.2629545235208103,0.6427784609297912,0.07655615201219916,0.09972712465872367,0.07624873389334728
fourier,24,15,0.22278352217778327,0.6849200659741957,0.02846058125142008,0.07666732921109845,0.028382377753344675
fourier,24,16,0.20298634850907893,0.7348769807567199,0.04165009395995488,0.08057169305781524,0.041578065929934384
fourier,25,1,0.8450732508467304,0.8946761424342792,0.07732134658338813,0.09386308266160388,0.07675487704885503
fourier,25,2,0.7184791538036532,0.8379001592596372,0.07560859376875063,0.09399348756220813,0.07536897989921272
fourier,25,3,0.570911225581926,0.7847093736131986,0.05689312203321606,0.0908825961193846,0.0568058135220781
fourier,25,4,0.43806974592781256,0.9259509618083636,0.04046966121143972,0.05441778420160214,0.04044852730197211
fourier,25,5,0.3189230945907415,0.8494544689853986,0.09726899713859893,0.07942532980814576,0.09725395322408682
fourier,25,6,0.2813227108369271,0.6424034250279268,0.024929357158544007,0.08723910737317056,0.0248871282596762
fourier,25,7,0.25248028340912054,0.7166795014714201,0.02183950860441352,0.10183367085216256,0.0217899917702501
fourier,25,8,0.1984272947505353,0.8152411552766959,0.04555904543182502,0.1006809016301607,0.045509126192579664
fourier,25,9,0.21010836275915304,0.8934485844026009,0.047814024501712994,0.09806936165938775,0.047768499312223864
fourier,25,10,0.16951731524415434,0.7027262854079406,0.05972861371313532,0.09636554459769589,0.05967318342688183
fourier,25,11,0.15836914785442843,0.7886216253042221,0.06867920726848145,0.0961812309261101,0.06864846046664752
fourier,25,12,0.1860995161687098,0.7269358182946841,0.0436700054963391,0.10007072633792026,0.043648793300477946
fourier,25,13,0.1397684622437708,0.6623050145804882,0.0547785749930578,0.09639831738410673,0.054756488643276195
fourier,25,14,0.12859859083971334,0.6499785503993432,0.03768925003435773,0.09488844668376259,0.03764890119685636
fourier,26,1,0.9320098337318216,0.783843067040046,0.11819860420849485,0.09329812245753905,0.11819021502548518
fourier,26,2,0.706440556498747,0.8103463118275006,0.11501883322683473,0.11084522022865713,0.11498806971746187
fourier,26,3,0.675661684620002,0.6688409765561422,0.05219441801503611,0.09589846635547777,0.052048000904809065
fourier,26,4,0.645001799932548,0.8234822774926821,0.04606457955257307,0.020851248857798054,0.0460243131412426
fourier,26,5,0.8094358278054093,1.109614148736,0.08309798824678485,0.10604176645089562,0.0818677135782006
fourier,26,6,1.386419007920527,1.0469525347153346,0.10067241207774108,-0.042062741417127354,0.1008971903162698
fourier,26,7,1.2934220556450624,1.1471190790335337,0.06604884200302573,0.05349007633922156,0.06543946773551094
fourier,26,8,1.2669392483279345,1.1863743046919504,0.053100420389091595,0.030595321152941325,0.052130412240512666
fourier,26,9,1.2881765749955933,1.1735063463449478,0.06237199444246168,0.05084186923922971,0.054858040149944526
fourier,26,10,1.3727124839548082,1.1604752788941066,0.07176064022351056,0.070648457245746,0.059637316208924554
fourier,26,11,1.26302522042441,1.166035674015681,0.0720038240465025,0.06622033246094361,0.05798459789948538
fourier,26,12,1.3375694568431566,1.1543586512406667,0.07124683098324264,0.08745075282640755,0.055016501038820324
fourier,26,13,1.3324098572844552,1.156294404466947,0.06720667669239143,0.07682947164090971,0.05359189314379667
fourier,26,14,1.412925951064579,1.1500525603691736,0.07091922974796035,0.08738778067442278,0.05366689997802799
fourier,27,1,1.094030744263104,1.0442889481782913,0.09811523848523697,0.035428896187901654,0.09810505645970503
fourier,27,2,0.9363214636132831,0.9530081868171691,0.12328621770332877,0.059382541043063,0.12327885351066167
fourier,27,3,0.7407966185775068,0.9058876117070516,0.11199925504624844,0.07751027360015238,0.11198940367006192
fourier,27,4,0.6062989859353929,1.0978796169161797,0.09004713757482628,0.07688878705763878,0.08996922696242109
fourier,27,5,0.5088698659979162,1.221851417919,0.07870326080592349,0.06731614262486497,0.07864541682356503
fourier,27,6,0.44642578934629756,1.3381054600079854,0.06793061428858588,0.0684367996136037,0.06780925233227511
fourier,27,7,0.39469557781777687,1.1622909739613534,0.08354677225288469,0.07084253757687596,0.08350915475784859
fourier,27,8,0.3708973443579106,1.278114813566208,0.07640317714734314,0.07125717761615911,0.07634320894721895
fourier,27,9,0.34905312807550504,1.3861519356568655,0.07373165794997476,0.07234742523481448,0.07367446589826916
fourier,27,10,0.32719576080876683,1.1765142540136972,0.0677097036052146,0.062109248929967484,0.06767156025258979
fourier,27,11,0.28106781911282314,0.9127548900743325,0.05182949638401624,0.06126912675487498,0.05177561141705762
fourier,27,12,0.23964443388912413,1.0052002807458242,0.0113122227427084,0.058395182628494996,0.011216865845199209
fourier,27,13,0.22636363868202483,0.9893698898454507,0.031090602103237566,0.06270702203813319,0.030966855005923815
fourier,27,14,0.21540247986004465,0.959152386089166,0.0714147896738723,0.0664924786949996,0.07137326774342606
fourier,27,15,0.21456948271582996,0.9411626845598221,0.035766125263520125,0.05976074201365312,0.03571754783188226
fourier,27,16,0.2034473888694294,1.011039964358012,0.06760322038535378,0.0632732897453631,0.06756876166048945
fourier,27,17,0.1992281186320479,1.0408001211782296,0.05835915137237559,0.05711717360854891,0.05832523840751189
fourier,27,18,0.187372409339462,1.143025169769923,0.06399488359262856,0.057543436026511095,0.06394713387417142
fourier,27,19,0.1834888517974861,0.9831057651589314,0.06842235116831337,0.060916386481646136,0.06838347050943412
fourier,28,1,1.0525014244374775,1.0401194115479788,0.10658302100685736,0.02003460993958773,0.10659772722671429
fourier,28,2,0.8569400263211083,0.9961277897159259,0.09859521824400871,0.053353237201614924,0.09853520997373076
fourier,28,3,0.7373543136886188,1.032272477944692,0.09028341887363543,0.07200963794408986,0.09018806839982668
fourier,28,4,0.576968116123998,0.8937082345287005,0.08366365703792931,0.07688930051711698,0.08359597627034722
fourier,28,5,0.4682873305938547,1.0462457666794458,0.07787825821821268,0.08700296739116312,0.07767636895102138
fourier,28,6,0.42625375488211237,0.9611776058872541,0.08782734610140323,0.09134937260920803,0.08756663397264977
fourier,28,7,0.426090693958695,1.1070761238535245,0.05975733450710929,0.0865934253980716,0.05935388013216046
fourier,28,8,0.42699620724906995,0.8434065761665503,0.10243694831927617,0.08641629656776786,0.1022396557033062
fourier,28,9,0.3164669926913958,0.8949183190862338,0.054502622719155625,0.08812501008311907,0.053809192756307314
fourier,28,10,0.3055265893538793,0.8889848036070664,0.0787322833125169,0.08794350208093722,0.07827143946196884
fourier,28,11,0.30211080776320565,0.7715889257689317,0.048237668770404224,0.08841550905878345,0.04729476556725179
fourier,28,12,0.29955277710206923,0.9657838091254234,0.06760872692490617,0.0862134419536839,0.06686038932142159
fourier,28,13,0.27336363896491034,1.0277493640780448,0.07308001422716189,0.09232962901393572,0.07137472874795397
fourier,28,14,0.25986952080376563,0.9393523303170999,0.08865323911886662,0.09353414031987389,0.08634340545395389
fourier,28,15,0.2531272985691589,1.0145966187119484,0.10179305480172236,0.09628606447950006,0.0985248652442048
fourier,28,16,0.23588381021741836,0.8931605850656827,0.10255145709185551,0.09246472407442828,0.09116243354510516
fourier,28,17,0.24120237823161814,0.9370121310154597,0.08339133275828013,0.09799279865498343,0.06400806296151132
fourier,28,18,0.21421141576554095,0.9399167031049729,0.09507738253256927,0.10226935731867949,0.06362858825887088
fourier,28,19,0.2054883688207834,0.7628962511817614,0.11875198473377774,0.10352420853450894,0.08272895160662301
fourier,28,20,0.19905331696472353,0.7871767964602138,0.11200592300544182,0.10955782822566107,0.04103912182811958
fourier,28,21,0.19306804501776775,0.7615103824685018,0.11963096701462443,0.11948488504470636,0.028795670019462705
fourier,28,22,0.16006422500761383,0.761916886207958,0.1214171629709502,0.12153894846948485,-0.010971293025068007
fourier,28,23,0.1601120917965466,0.7162104021757841,0.13316850679305692,0.12223623945222546,-0.0011865019332617521
fourier,28,24,0.1964362899235557,0.7190319777776798,0.13248393636895345,0.12516055478869628,-0.015371390875103922
fourier,28,25,0.14562698224298878,0.8016039833426476,0.12276970203577851,0.12566094134623806,-0.04057541853593041
fourier,28,26,0.14225656790326216,0.8984654770853618,0.13931723644491284,0.1293219489317077,-0.03072277660248801
fourier,28,27,0.14949356227704796,0.7813703933420281,0.13502331498699885,0.12888489406711112,-0.040760113095651224
fourier,28,28,0.13418769355750612,0.8463075138783703,0.13460375043408324,0.12258954387895453,-0.020076921418027874
fourier,28,29,0.11634254838605153,0.8853341167171797,0.14502620636097466,0.12537468790736359,-0.028103944465207555
fourier,28,30,0.10272975259581543,0.7845915121336778,0.14252531981716554,0.12387879757249418,-0.023689582028115788
fourier,28,31,0.09605054299956667,0.8973938597987096,0.14501321281228835,0.12520759758384278,-0.03138907384224391
fourier,29,1,0.9035957668508802,0.8915703475475312,0.0839348729661045,0.11459726056006427,0.08390975317840153
fourier,29,2,0.6488326559700663,0.7246989328414202,0.0805940539886554,0.11107028080732562,0.08057757446076722
fourier,29,3,0.49875371625262593,0.9620126749078433,0.08746379809454083,0.10313000828609802,0.08743044022315492
fourier,29,4,0.4159492164377182,0.7429522876938184,0.12205658695505311,0.10815742664660016,0.12205009501970683
fourier,29,5,0.515535820866861,0.8124197987218698,0.119596134716024,0.05807340906079238,0.11959160884531836
fourier,29,6,0.4385272054563439,0.870079866796732,0.11241753896853576,-0.09471425199978209,0.11242110549161831
fourier,29,7,0.44533459564286565,1.898837466786305,0.04132398249542651,-0.06545651221337417,0.04132873500590601
fourier,29,8,0.31704771016088745,0.6901623374472062,0.09125170411231617,0.04719986711085464,0.0912489701838543
fourier,29,9,0.41297865919177495,1.1285915459195772,0.054698473225774556,0.08429250242964675,0.05468916928463538
fourier,29,10,0.2874747404148654,1.396239922195673,0.07693719920886603,-0.02554466006840812,0.07693851592290836
fourier,29,11,0.2877405977083577,1.0613264406720797,0.07732253483651827,0.06505271475374078,0.07731706943983833
fourier,29,12,0.2884167809453275,1.208722066382567,0.05810393596960542,-0.06175559279508889,0.058109172373466814
fourier,29,13,0.27548272464246976,0.7015899680554867,0.028589401417411862,-0.06370101049542427,0.02859624909857909
fourier,29,14,0.2816301163818155,1.3726432790358862,0.0662039417307824,0.011939177991977582,0.06620265004845957
fourier,29,15,0.21939447049110655,1.6941557208697,0.07782813787198392,0.059590605980095766,0.07782382291334215
fourier,29,16,0.20602242500772552,1.1517780472834904,0.08688957225143289,0.03880842403353502,0.08688699283714717
fourier,30,1,0.9984454330470827,0.9598137155175209,0.10775669767366101,0.06843083091080189,0.10773576212814077
fourier,30,2,0.7711352187962759,0.9035143454869589,0.07816382796154357,0.06572207307520633,0.07811043156155696
fourier,30,3,0.7032348826409333,1.056681424876054,0.09922038762985418,0.07138230985729024,0.09920446858741343
fourier,30,4,0.6343786581641152,0.9365031845867634,0.07807129078234236,0.0646443733945489,0.0780326985133191
fourier,30,5,0.6009541003122216,1.8318530465165774,-0.018524049071614476,0.09386803687472517,-0.01858176310173197
fourier,30,6,0.5007624880425514,0.8388710501293342,0.06799051018703418,0.11572260468577346,0.06791921803669539
fourier,30,7,0.5255950137618042,0.9745483547449112,0.09316680810103814,0.12198082191559176,0.09305957653559745
fourier,30,8,0.8535887972703056,0.775295756260554,0.046560442550495885,0.11774502214781629,0.046456199457558495
fourier,30,9,0.6774955487677029,0.8168217015763124,0.03399027627213703,0.12261011493004238,0.03390642457913297
fourier,30,10,0.5169565794723374,0.9238602268199126,-0.0005102041352074594,0.128434511058731,-0.0006065521738491952
fourier,30,11,0.44804613871706855,0.7368212796747684,0.0422555499128066,0.10987074425987278,0.04211189668664398
fourier,30,12,0.48987636076552526,0.7555738814175129,0.09315630240210643,0.12171271846261031,0.09302926049567758
fourier,30,13,0.5523810442241411,1.0425289690494537,0.07370343926207473,0.1262210674933158,0.07353535957324007
fourier,30,14,0.5004068912258224,0.9221553678313891,0.05607220947276801,0.1103815693485861,0.055868609653164945
fourier,30,15,0.5125578580394624,0.8372120695809523,0.057856876652658686,0.10801996771867077,0.057672524423105644
fourier,30,16,0.5369206832514869,0.89373972316583,0.03813861470941144,0.10208803541415061,0.037956106310593894
fourier,30,17,0.4227817944945797,1.0069517999887467,0.10144057262223213,0.10661893527333935,0.10135023849240193
fourier,30,18,0.3459702999818893,0.887695546199878,0.031246682124522824,0.09884840808808804,0.03105491615909462
fourier,30,19,0.31924950798589086,0.7927452087402344,0.025798637770155133,0.10083037899263823,0.025554423443585012
fourier,31,1,0.9173549697512672,0.8306710625688235,0.10738931759648646,0.0744099585339427,0.10734683782405531
fourier,31,2,0.7573503145859355,1.200855258355538,0.09725167605405052,0.09538122675536821,0.0972032580524683
fourier,31,3,0.9916312856570123,1.0052892781794072,0.04272731460320453,0.06703564257089359,0.04269604077174639
fourier,31,4,1.3832450413869486,1.3295760333538056,0.08011395072971936,0.09551631214853842,0.08003218213561922
fourier,31,5,1.3972742770990683,1.2631527344385782,0.031170365317181373,0.07240851280900339,0.030453179264441133
fourier,31,6,1.462300384298913,1.2959633509318034,0.018661308827965208,0.036705109232570976,0.01850799840807061
fourier,31,7,1.6630199940594297,1.2890219787756603,0.03521929687873732,0.06751453547816103,0.030441816492627064
fourier,31,8,1.517205052321688,1.2751540780067443,0.040076061179085326,0.09506783956700625,0.03862916898312203
fourier,31,9,1.5952775952487535,1.267452484369278,0.006765759586899852,0.06932850451703416,0.006316720639976362
fourier,31,10,1.7613199145222704,1.3409653544425963,-0.006856846883116911,0.050342087131381656,-0.006982696648143853
fourier,31,11,1.5197683945145746,1.305573429663976,0.011102293842607953,0.024139255533615747,0.011084571837758024
fourier,31,12,1.7132696066983044,1.2911775688330331,0.011971599523288507,0.011157104555362214,0.012349909743837392
fourier,31,13,2.388082334727404,1.2919343252976736,0.002118739800789626,-0.0036340291902888567,0.002730020563224874
fourier,31,14,1.6714352901977865,1.2889752626419066,0.0015666680138868591,0.0009371055833374461,0.0027168379844321557
fourier,31,15,1.6910165609747527,1.279435964425405,0.012009545279822002,0.005665546531478564,0.012100232095690444
fourier,31,16,1.7284073020675264,1.279575922091802,0.010067336719172697,-0.00020979254816969235,0.010912992603455981
fourier,31,17,1.913120742088982,1.2731537878513337,0.010845406803612907,-0.006381961520916472,0.011413852303909759
fourier,32,1,0.9337022915955574,0.92840905636549,0.11423857517462845,0.10348540144914295,0.11419646137704452
fourier,32,2,0.7497811756200261,0.8107041080792745,0.06567230136036718,0.06958013574282328,0.06565445978873564
fourier,32,3,0.5814672865210071,0.9656301315873861,0.05134269019106388,0.0743893911751608,0.051298393103085496
fourier,32,4,0.5248215807572244,0.714909319827954,0.07013607109159542,0.10660075708292424,0.07008082174579613
fourier,32,5,0.6403343173128272,0.8798203180233638,0.058984382925943164,0.09611694052582606,0.05893846033141017
fourier,32,6,0.910094029787514,0.8814523542920748,0.10511241434141994,0.09924338837154209,0.10504639695088068
fourier,32,7,0.9412436584040286,0.9781885681053003,0.07100983144288572,0.08939268307294697,0.07093746821434858
fourier,32,8,1.2847339243642868,0.913576785971721,0.07647763725447779,0.019299795432501318,0.0764853578992188
fourier,32,9,0.786805743026355,0.9609376321236293,0.05828128718227769,0.08307571749513348,0.05823897108008775
fourier,32,10,0.9116138973169856,0.8761774599552155,-0.011950451275576294,0.07301735129052152,-0.01199360159128749
fourier,32,11,0.8550894676692902,0.6954733478526275,0.07613980814930983,0.08548625065013767,0.07602923683977375
fourier,32,12,0.8120805716349019,1.3979917685190837,-0.030405433843649615,0.02872018756121785,-0.03044703134219162
fourier,32,13,0.8129348143462151,0.9634733103215695,0.05571134930311625,0.06767410299895953,0.05565333043826589
fourier,32,14,0.7821032655617547,0.9268729649484158,0.056513161293696615,0.06167276573445027,0.056420257575033855
fourier,32,15,0.6828422397966423,0.7144489295780658,0.03805779065781583,0.06863111104103155,0.03795478866668418
fourier,32,16,0.7328516991128997,0.7216184175262849,0.03943543802791585,0.06954780978461107,0.03930585872537146
fourier,32,17,0.7103521548329838,0.7903965381284555,0.05545351663895417,0.07167189079724873,0.05539904307903877
fourier,32,18,0.6056917013511771,0.7457073826342822,0.08654501875862479,0.08038925194414333,0.0865009924552093
fourier,32,19,0.450765225918047,0.6353068628658851,0.08279913720519592,0.09038582633559902,0.08266531118036559
fourier,32,20,0.41474087228850715,0.6694435119628906,0.10609882192026514,0.08466258220529804,0.10594110896733279
fourier,32,21,0.3560340531643421,0.6311428971588612,0.06582013921579347,0.0775224183453247,0.0656940122814073
fourier,32,22,0.39610049093053457,0.600872965157032,0.09570311489515007,0.08446908604722315,0.09562350180155287
fourier,32,23,0.3556660773853461,0.6856976504127185,0.061201600685793285,0.0767681475263089,0.06103505846306992
fourier,32,24,0.3335880185994837,0.6709514277676741,0.0661544229524831,0.07668399813895424,0.06596228566825933
fourier,32,25,0.32371443084308077,0.6919092975556851,0.0707415310976406,0.07515784282392511,0.07059675727505237
fourier,32,26,0.31335483112978557,0.6937460479636987,0.06475101216929033,0.07293307154128949,0.06448192154251349
fourier,32,27,0.31340747107825584,0.5173026755452156,0.10724242857346931,0.0689290964199851,0.10710951207826534
fourier,32,28,0.31802877878385877,0.6158840748171012,0.08011287806245188,0.06982674291357398,0.07997147758724168
fourier,32,29,0.2796380551206687,0.5503044238934914,0.07015105279521473,0.06984242455412944,0.0699398226531533
fourier,32,30,0.27283311546558425,0.578246475259463,0.0903218366826574,0.07720076920037779,0.09011294972151518
fourier,32,31,0.27549849527459297,0.5848483285556237,0.06970839127704191,0.07296962396552166,0.06941747319166704
fourier,32,32,0.2608469677349878,0.5731911137700081,0.07183129716431721,0.07191331262389819,0.07153895515293698
fourier,32,33,0.26813567997444243,0.5376522071659565,0.08061238178343047,0.06843918515369296,0.080389827954059
fourier,32,34,0.2487191246852042,0.6254121199250221,0.0721015137503855,0.06806211605047187,0.07184502415669461
fourier,32,35,0.2310193945018072,0.6224196611593167,0.07333328686654568,0.06543277516805877,0.07301371776654074
fourier,33,1,0.7758650318497703,0.6400054544210434,0.12056330527799825,0.06847163094704835,0.12052461608933905
fourier,33,2,0.5846042077810991,0.5934761556486289,0.07389072744796674,0.08265503551228903,0.0738309975558271
fourier,33,3,0.6265522279436626,0.6246771939098835,0.054177010279333145,0.057381999727416165,0.05414155461767223
fourier,33,4,0.7256440704185811,0.7243599268297355,0.07104930598288775,0.07197181261920681,0.07098001819103957
fourier,33,5,1.2203841207637673,1.211109032233556,-0.02003702785198887,0.09200758886678766,-0.02015140652268504
fourier,33,6,1.2357202459658896,1.1637670516967773,0.007658592300625363,0.07718874751590192,0.0075231930105777185
fourier,33,7,1.3401221693863,1.4380275522669157,-0.016279840594991886,0.05959227858111262,-0.01778907305172955
fourier,33,8,1.2168621298162237,1.1445405254761378,-0.05655606027745914,-0.051902484110784526,-0.056463484817747184
fourier,33,9,1.2098428038141085,1.0464868237574896,0.07452764936024323,0.021485452516935767,0.07454968474727745
fourier,33,10,1.2540149855471792,1.0855318456888199,0.06565476307296195,0.08213057934384173,0.0650356499794422
fourier,33,11,1.1156514910537572,1.0044828382631144,0.0008687373056697349,0.022901338261241713,0.0015013715058254699
fourier,33,12,1.421901753940989,0.698162079975009,-0.028750204627188698,-0.029661592599586582,-0.022978609113488348
fourier,33,13,1.0412308831730606,0.7684334880361955,-0.024278498076212903,-0.040020037694678955,-0.016365915047936143
fourier,33,14,0.8636333544328365,0.8101068847502272,-0.018191855606467775,-0.01972832468842777,-0.01921232538309899
fourier,33,15,0.8062249290357743,0.6633784900555232,-0.03518597055226565,-0.02385288254978756,-0.05431177126786982
fourier,33,16,1.0803250679040022,0.6354377297063668,-0.038040187171039484,-0.016726426131329693,-0.07206380741166261
fourier,33,17,0.7660744972715278,0.5473059584386647,-0.030515622506694248,-0.014460817146270226,-0.06430494513576074
fourier,33,18,0.6960789545478941,0.473756286331142,-0.03096650735848622,-0.011410310265394704,-0.06708062803760792
fourier,33,19,1.145832295653351,0.4818225665794065,-0.02722558778865884,-0.011713837995193899,-0.05665139427874237
fourier,33,20,0.7516864227308404,0.6675083850471614,-0.03512641886093964,-0.028878494121211892,-0.060334226884879175
fourier,33,21,1.1035629085268335,0.5932691876155635,-0.030447532579031152,-0.020407779545833667,-0.053837720222266704
fourier,33,22,0.6778018119204918,0.46654867550823836,-0.03303930636029691,-0.017017241718713196,-0.04864385659263159
fourier,33,23,0.6686791429866779,0.5900066826220912,-0.04438040603417903,-0.019062923826277257,-0.05505170915954902
fourier,33,24,0.6588009472949442,0.4624015200456294,-0.025145294532800715,-0.014669391380933424,-0.05259305170426766
fourier,33,25,0.6477402945459448,0.5077401606366039,-0.028006582278370235,-0.017914381442096783,-0.05495577811573942
fourier,33,26,0.9019862911878186,0.49379031878197566,-0.02564983057673089,-0.01221538256140775,-0.04505079653657352
fourier,33,27,0.6271429618394948,0.4501652070699492,-0.03293283242431547,-0.009411728040625652,-0.05005088726466056
fourier,33,28,0.6121433834699611,0.5024611401720904,-0.026565043643737834,-0.005397035367786884,-0.054321121983230115
fourier,33,29,0.5657442288523719,1.447684109878416,-0.025020607619080693,-0.004914455651305616,-0.04283487452485133
fourier,33,30,0.5993699052310798,0.8646441616117955,-0.031337876561641075,-0.0036502198199741542,-0.04797124810672055
fourier,33,31,0.7878788178872677,0.49990101453537744,-0.021179512694167592,-0.0008660291593211392,-0.03447187118824028
fourier,33,32,0.7028280111111281,0.6818523926194757,0.004096990317339078,0.020988965610740706,-0.01705037536448799
fourier,33,33,0.8308080550526188,0.6595140434335918,0.02270597795334955,0.029005555816305182,0.012258578468269358
fourier,33,34,0.9154936012228496,0.6266021930069352,0.02847836466971785,0.02868605199425171,0.015747952787205578
fourier,33,35,0.7712078536315525,0.5733166582882404,0.022169603345294792,0.024702525270792346,0.012427090049095568
fourier,34,1,1.0264727175235748,1.0129580462972323,0.1115114600242426,0.07350905938268018,0.11147158238648748
fourier,34,2,0.745723140736421,1.2908728589614233,0.08749704702010301,0.05565483275956164,0.08749099212242678
fourier,34,3,0.6227037192337097,1.094719415406386,0.06770013032946735,0.06188362013393392,0.06766588295189042
fourier,34,4,0.6285867403069186,0.9221963408092658,0.08217637081591724,0.04436545196610193,0.08216886303465193
fourier,34,5,0.6442183797203359,1.5532152439157167,0.09473625020012454,0.07488241338869557,0.09472475736474735
fourier,34,6,0.6231770710576148,0.994196196893851,0.06379391304217279,0.09864837907565137,0.06374995152000337
fourier,34,7,0.6533104033460693,1.0265096088250478,0.05961674744030461,0.059978898183908315,0.05961196178104729
fourier,34,8,0.7098921532668765,0.8578287988901139,-0.008549973902214939,0.016492560835710417,-0.008557842862016211
fourier,34,9,0.9924505030115446,0.9067117889722188,0.10317491239790494,0.09563994288522129,0.10313486593853062
fourier,34,10,1.1256670755526377,1.265615505973498,0.09031743299371252,0.0061442487562696135,0.09023590142993877
fourier,34,11,1.1056076115559017,2.2272685393691063,0.06071030552460191,0.07592481035972014,0.06067357272938049
fourier,34,12,0.9729356292694334,1.4779438952604929,-0.012607043733199437,0.12091990305731694,-0.012687883720112344
fourier,34,13,1.0910954536899689,0.950287576019764,0.07495774922814841,0.14114380562289927,0.07486030429524058
fourier,34,14,0.914783660145033,1.663876877228419,-0.009238260547863319,0.1330869416628654,-0.009342273687555766
fourier,34,15,1.190945342774429,1.2329534145692984,0.038813753416373706,0.1300298764312174,0.03867367760467459
fourier,34,16,0.7868943384715489,0.8662446297705173,0.1036240254121367,0.134647618579523,0.10352614950679709
fourier,35,1,0.9989831792929816,0.9335747505227725,0.11036185319438421,0.052324880938977004,0.1103586025245022
fourier,35,2,0.8893054462377987,0.8507230065762996,0.09673632608901243,0.06540753680747002,0.09670183197207129
fourier,35,3,0.810654887604335,0.7806575735410054,0.06352487290860154,0.052164294175842466,0.06339486295376749
fourier,35,4,0.8373638616194801,1.007271122932434,0.08498090618134786,0.07567266280918071,0.08494849661753202
fourier,35,5,0.9974088584856381,1.1205797255039216,0.018689014254535626,0.09166158337611705,0.018626765338315938
fourier,35,6,1.1268006904967247,1.2819513579209645,0.024071389223293712,0.07332941414788366,0.023985995702726845
fourier,35,7,1.3397974802388086,1.2908795058727265,0.027290557394735515,0.04544078499796645,0.02706692204810679
fourier,35,8,1.3675766716164255,1.3228777219851813,-0.026783709476391474,0.06588828315337499,-0.029512125144538003
fourier,35,9,1.375331285453978,1.3205051183700562,-0.021758504168731936,0.06623156688486537,-0.026411756120311717
fourier,35,10,1.3919361645267123,1.3226412445306779,-0.024839391187803508,0.06840013267161946,-0.028530789477129778
fourier,35,11,1.4338717479554435,1.320885361234347,-0.023549396181867147,0.07551835815732678,-0.026996541830400626
fourier,35,12,1.4200518258980341,1.3198139717181523,-0.025061379967276785,0.07375474958098494,-0.02816972870302076
fourier,35,13,1.3971432404858726,1.319787159562111,-0.024559081566985698,0.07577835383514563,-0.02829254661143447
fourier,35,14,1.427095802057357,1.3174036224683126,-0.024184811686912628,0.07732714772379647,-0.02793117696807409
fourier,36,1,1.1741540020420438,1.124158611893654,0.1258326515244941,0.033725916791930405,0.12584135580497482
fourier,36,2,0.9208492231037881,1.0738399436076482,0.11675048700223366,0.033819952391301436,0.11678760854604965
fourier,36,3,0.6938763795390962,1.2809697538614273,0.09381781748573606,0.03145607616752386,0.09387104060782198
fourier,36,4,0.6162842347744911,1.6203137372930845,0.07975746325876874,0.0526753237490387,0.07975839245385336
fourier,36,5,0.55011357414344,1.598415982723236,0.09535811770474538,0.05627901978053463,0.095359867993587
fourier,36,6,0.4835745885022103,0.888530483096838,0.09057704508304595,0.057736679818481206,0.09055205990249912
fourier,36,7,0.46700463396689246,0.8410519865651925,0.07505601053902258,0.059973446854079765,0.07502978951670229
fourier,36,8,0.44599469455461654,1.0731584000090757,0.08397317132379006,0.0747417831250156,0.08395144037979965
fourier,36,9,0.4313109191873717,0.9715892354647319,0.07958385781385005,0.06473381741282841,0.07954932095987412
fourier,36,10,0.439189361674445,1.5017915487289428,0.08545903462218121,0.07342898356922281,0.08543913855489033
fourier,36,11,0.4017849365870158,4.12330319310228,0.07858126237212369,0.08236410083870092,0.07852550695339838
fourier,36,12,0.3965904638171196,1.1882833962639172,0.08332159714773298,0.08408426727789144,0.08326563159935177
fourier,36,13,0.4091848324215601,1.4413256168365478,0.08537231034909686,0.0736250810790807,0.08532340051606298
fourier,36,14,0.3786285546800447,1.214949755370617,0.06992711767088622,0.07122956118546427,0.069876985057878
fourier,36,15,0.36546730155509616,0.842203822483619,0.07688029265652101,0.07593812414755424,0.07681265456291536
fourier,37,1,1.1587561468283336,1.107660135626793,0.12139664295439918,0.028062892409070627,0.1214242722839117
fourier,37,2,0.8918231991784913,1.1919495885570843,0.07790558472867512,0.05951085965304325,0.07792680414374141
fourier,37,3,0.7158545385750513,1.072070814172427,0.09565915363685538,0.07129407951918741,0.09568958072147021
fourier,37,4,0.6437790439951987,1.004449480275313,0.06854287745518377,0.08141881107973556,0.06847556866220354
fourier,37,5,0.5563499957086548,0.8950761849681537,0.03941863864505043,0.07437580000065888,0.039332428791870676
fourier,37,6,0.460256347225772,0.9109665657083194,0.03580933479436984,0.08136131659460565,0.03570842120874052
fourier,37,7,0.44865739357376855,0.9994396495322386,0.03747654338173258,0.07934174122444043,0.0373737761110533
fourier,37,8,0.4375721071920698,0.8767257402340571,0.08327975184996224,0.087365450632448,0.08319917892440572
fourier,37,9,0.4141833363544373,0.8074848915139834,0.09779833087231964,0.09943250333890319,0.09770304409709449
fourier,37,10,0.43788151170999284,0.8772212654352188,0.07801353274456536,0.09933206146621766,0.0778770453374212
fourier,37,11,0.4445905493838446,0.9050441808998585,0.09856505651259795,0.09628767152704919,0.0984798949599887
fourier,37,12,0.4258776476222371,0.847290642807881,0.09494580457297465,0.10043539152538869,0.09483993022392194
fourier,37,13,0.41156245496064897,0.803546978533268,0.08987911101042603,0.09876772087688247,0.0897527713542028
fourier,37,14,0.40200765277185135,0.7499040059745312,0.08493448211811483,0.09398000311339275,0.08481620045689245
fourier,37,15,0.44856806170372737,0.7319090122977893,0.08022962543570127,0.10066457342666885,0.08008606692310423
fourier,37,16,0.393499676079031,0.8606927037239075,0.10133581276362141,0.10670666775355736,0.10117434904289742
fourier,37,17,0.40658560974730384,0.7931744044025739,0.08477503261140858,0.10456512365490198,0.08455819354470198
fourier,37,18,0.3760076763610991,0.9784486033022404,0.09315305089112372,0.10402335633213321,0.09289691219261537
fourier,37,19,0.42441689495056395,0.728593218823274,0.10311265441899499,0.10994239132851362,0.10280845277011394
fourier,37,20,0.3823928095045544,0.9221430035928885,0.09528205329358268,0.10410268854660293,0.09485710805359607
fourier,37,21,0.37242760887694737,0.7047373620172341,0.04999912822192224,0.09937737445191791,0.04954840009377222
fourier,37,22,0.3862867153116635,0.6492374251286189,0.06485084045367936,0.10281245804702242,0.06432221868696313
fourier,37,23,0.3716921492938011,0.6787909545004368,0.07430542461224832,0.10149007042249043,0.0735537119624496
fourier,37,24,0.4007716277052486,0.7108807531495889,0.06955900204290326,0.09900939495613177,0.06892540030336629
fourier,37,25,0.36335226834293394,0.782464632143577,0.07203164615978798,0.09428709874240061,0.07129842567568025
fourier,37,26,0.3555978114406268,0.7879072214166324,0.05834296449708442,0.09916300550103188,0.05716477732251709
fourier,37,27,0.3507489672019368,0.8210568313797315,0.09053010182882039,0.09788429128626983,0.0891158811088341
fourier,37,28,0.358410935316767,0.6808932654559612,0.04499130818003323,0.08319713853610058,0.04279230432972933
fourier,37,29,0.3191144047157159,0.5655515874425571,0.06640541680681053,0.08600713761212925,0.057834409091932076
fourier,37,30,0.30309450368781293,0.8471322787304719,0.07215411904035136,0.0901655070638905,0.05345998663008989
fourier,37,31,0.3239595847091608,0.6568017800649008,0.08622462663333863,0.09711735275729248,0.06921366602958491
fourier,37,32,0.2733699204002891,0.5500472123424213,0.08974774310117936,0.10377054937804739,0.0699148790697412
fourier,37,33,0.2514316960457816,0.5958533617124583,0.08789178646014383,0.10865598362870514,0.04689207477010011
fourier,37,34,0.23917653013227713,0.6818505712474386,0.08576212730258703,0.11186910973240932,0.04098431490904962
fourier,37,35,0.25156707401777295,0.5852018605452031,0.07900931456436713,0.1135458146998038,0.018529878518893383
fourier,37,36,0.2353271790539905,0.5952986591340353,0.08261528691897789,0.11352637807528178,0.027290737116709353
fourier,37,37,0.22409920679580417,0.7534808231207232,0.10173906156172355,0.12123957922061285,0.017152476460129643
fourier,37,38,0.20968341214872438,0.6651705435283172,0.10323080644011498,0.12456710618377352,-0.0035006871282045418
fourier,37,39,0.22746089059496843,0.6272845908844222,0.08278712118044496,0.12608401008959239,-0.010112898185328352
fourier,37,40,0.22337150220589555,0.7969372328040966,0.11184849490333969,0.12748657894941667,0.002288209804100916
fourier,38,1,1.005312831510627,1.0483316347002982,0.08914460065231349,0.08470101428683847,0.08909344184212387
fourier,38,2,0.8473054906205525,1.0261486942569416,0.05906812483056759,0.10137366304503909,0.058998154039727524
fourier,38,3,0.925751646596288,1.1420250962177911,0.07308873026631772,0.11630593988423546,0.07298193303092072
fourier,38,4,1.2359545601029245,1.1554083506266275,0.016867939539952203,0.10249700195466478,0.01680374559170256
fourier,38,5,1.3740635639026997,1.3526612023512523,0.043571175743515295,0.03209323923413952,0.04351164584707779
fourier,38,6,1.604512929029408,1.3507868190606436,0.05242214086853589,0.05641779913955058,0.052339897642377765
fourier,38,7,1.4908150935634261,1.2845807711283366,0.0655038867223387,0.00015658835909562185,0.065533359364296
fourier,38,8,1.5288729568895336,1.3265458623568216,0.050148375157732517,0.02761781049775891,0.050149961399923386
fourier,38,9,1.683648533853037,1.3899636606375376,0.05986628665123135,0.045199276712567855,0.05996729645412415
fourier,38,10,1.6912293970466605,1.3296698838472367,0.020716340562406305,0.08601874125112469,0.020293848119520893
fourier,38,11,1.4656111716573674,1.5098325103521346,0.05717178038418448,0.057628896296955646,0.057151822446030565
fourier,38,12,1.646044382204612,1.307358411947886,0.06364480299331869,0.03628931702696718,0.06363344520796091
fourier,38,13,1.5414059334804142,1.2598879873752593,0.05689292124006897,0.014725274111454686,0.05689465237470965
fourier,38,14,1.4251565832962534,1.2603867143392562,0.09114650686872967,0.05510505987331271,0.08970767598366365
fourier,38,15,1.4415060316049864,1.242729182044665,0.10010294759025176,0.083876838022843,0.09975193028027812
fourier,38,16,1.3356421552709348,1.2940507719914118,0.08132164684745173,0.09082942879758775,0.07745545489403109
fourier,38,17,1.7016829082535372,1.473512840270996,0.07065028744867353,0.0742443077887098,0.06723483414001143
fourier,38,18,1.5765804721574699,1.3664787451426188,0.051250056745872526,0.06344694110254447,0.040891625586906837
fourier,38,19,1.6254956983131474,1.2967787742614747,0.03959317911261072,0.05806031211589773,0.028654735610083058
fourier,38,20,1.5818389015131822,1.2632270574569702,0.037501346925273536,0.06192534178650628,0.026282583155746882
fourier,38,21,1.4750050129368901,1.2133504738410315,0.05436738699208945,0.0735580140259117,0.03235063892667919
fourier,38,22,1.447814443318676,1.1443075557549796,0.059091371522905924,0.09058542836767931,0.03881336521347597
fourier,38,23,1.4396906154791986,1.0582982465624808,0.0693066710383088,0.09220080890227109,0.018938337452709675
fourier,38,24,1.2612129429633367,12.860668179827432,0.09380769899580628,0.12122908506426029,0.040015381000315146
fourier,38,25,1.2839548373484009,3.32934715213875,0.09070695765937369,0.12470285515591968,0.04399779532880833
fourier,38,26,1.1834612957283666,13.150161719275639,0.10471331994049252,0.12484875864659746,0.057796167527946335
fourier,38,27,1.4041482219767463,1.7244468220528992,0.1073729974644569,0.13019185537705197,0.06581999694462866
fourier,38,28,1.2295407888145529,1.6010020087783536,0.11761651741495976,0.14085250596205393,0.0706162334245164
fourier,38,29,1.54300687604654,1.334430133283604,0.13223122360844475,0.1463909107221601,0.08838373062511286
fourier,38,30,1.1666871160499765,1.5227096603872876,0.1322315899422392,0.13804019559562827,0.09969227827969007
fourier,38,31,0.8930975300499995,1.1456264850940594,0.12469213171474015,0.13353255317391208,0.09242096332212289
fourier,39,1,1.1632205418178014,1.1404394865036012,0.10506348844307165,0.03824859467567876,0.1050487272751828
fourier,39,2,1.0038936199649933,0.9945512692133586,0.10842554768702636,0.05775591156755885,0.10842073816650857
fourier,39,3,0.7699748553217404,0.8220607514182726,0.10021099410563086,0.05511280632345006,0.10017704515097042
fourier,39,4,0.5371438979156433,0.7188623187442621,0.05166002623930884,0.058603309058041,0.05159480417884576
fourier,39,5,0.47842065812576384,0.8191160050531229,0.015005547551360602,0.0477641246941251,0.014971215372982745
fourier,39,6,0.42205642021837686,0.6406910133858522,0.053287648690942054,0.06508347896160557,0.05323754363247038
fourier,39,7,0.3833730501078424,0.6639728183547656,0.06076636097859591,0.053895252007835855,0.06068235190274815
fourier,39,8,0.39734041537084275,0.7628799229860306,0.0642014971235767,0.055594638322509125,0.06414108165384581
fourier,39,9,0.3592718629136918,0.65202804779013,0.05562081388197839,0.05956154666879835,0.05554307396523654
fourier,39,10,0.34929946880965007,0.6202924316128094,0.07760416800156236,0.0635245900193695,0.07754038196677963
fourier,39,11,0.3421165645122528,0.6822837514181932,0.04843405080027878,0.06587500721604253,0.04835898106296857
fourier,39,12,0.3543263192451189,0.7210694034894307,0.02718386053359912,0.06025165727090401,0.027131596702383833
fourier,39,13,0.3441214652525054,0.6840992453197638,0.0812575475933651,0.06878669915410379,0.08116588823807737
fourier,39,14,0.3405152533262495,0.684815198679765,0.028702478725851202,0.0605641398850518,0.02862500517706697
fourier,39,15,0.3331404061071456,0.6186367611090342,0.052490454904424645,0.05777159397160479,0.052405850942401834
fourier,39,16,0.34621033711092813,0.7395992308855057,0.06047398325366279,0.0585341787043338,0.06041165785863996
fourier,39,17,0.3339859141953408,0.6458121197919051,0.05969641217573856,0.054407885105077484,0.059642723959404974
fourier,39,18,0.33186372334048864,0.7554447000225385,0.038346652938829114,0.05413207764261945,0.038291651266627015
fourier,39,19,0.33860402838105247,0.7758195390303929,-0.012126620152654748,0.053132705949246885,-0.012188125673371056
fourier,39,20,0.33911899382632876,0.6951033552487691,0.0643352075945586,0.060726779505300026,0.06426232689991593
fourier,39,21,0.32734273977222894,0.6366854826609294,0.06558175555740793,0.06406196768317993,0.06550930518036087
fourier,39,22,0.32134808588122565,0.684440678358078,0.046419649692931365,0.0599532037274912,0.04635032768637757
fourier,39,23,0.31775782860460733,0.6749255903065204,0.051091364383076626,0.05895114669886728,0.051030351283649605
fourier,40,1,1.109347568144874,1.0796302159627278,0.12059212947206106,0.06926164158309499,0.12056590335268993
fourier,40,2,0.7962543118804221,1.1052585085233053,0.06448199829258859,0.07471656554650205,0.06443657394205123
fourier,40,3,0.6761729047885017,1.0749136596918105,0.08158034107764252,0.0977335374453105,0.08154309295738736
fourier,40,4,0.5754321646832284,1.1671277689437072,0.08711028085478272,0.0982955802717091,0.08708004844374954
fourier,40,5,0.6040759118539947,0.759613714615504,0.08717455428559333,0.10529178140374522,0.08713473990404358
fourier,40,6,0.5854384811624648,1.1654888073603311,0.10125465526555975,0.0893590507718424,0.10124064544215798
fourier,40,7,0.528178674715852,1.5746585324406623,0.0662073098278294,0.10452016741619445,0.06617110837930038
fourier,40,8,0.5278839137819078,0.9825175409515698,0.07167194535043866,0.11749234994640574,0.07163959279811631
fourier,40,9,0.7322736270134411,0.8377756461501121,0.07682021242799238,0.10733920158042262,0.07680171456886456
fourier,40,10,0.7884048197477583,0.8978352203965188,0.03050134622802337,0.05102772176420937,0.03049501229543239
fourier,40,11,0.5681996548932696,0.8184737970431646,0.05879748082370497,0.05522077216980203,0.058765839602953444
fourier,40,12,0.5318812291537013,1.0395522912343342,0.08460973827168346,0.06415876552152137,0.08457875962679585
fourier,40,13,0.5378775220541727,0.8080464805165927,0.0744573493876184,0.056406727243059625,0.07444517379626632
fourier,40,14,0.4856371127423786,0.935952998449405,0.09417329502951664,0.07851898956578225,0.09414423951529897
fourier,40,15,0.46996576859364436,0.9578682400286198,0.0713240555798014,0.05370774386295428,0.07129371408373117
fourier,40,16,0.4281445913135059,1.060869103918473,0.0899526140342156,0.07404458312666976,0.08991610885908206
fourier,40,17,0.42323403320615255,1.047670549650987,0.04952589447299639,0.06455709889414721,0.049469767780586454
fourier,40,18,0.4468365941965391,0.9579395400981109,0.034162456242969104,0.060160974331665784,0.03409983332579335
fourier,40,19,0.4226877943627418,0.8410859103004138,0.057653219984301056,0.0775122064553822,0.05753607296501286
fourier,40,20,0.3833863407609955,1.0610916823148728,0.07113487786312665,0.07920421673916281,0.07101262597037324
fourier,40,21,0.3675740043085719,0.9570209853351116,0.08709507485230764,0.07925664813956246,0.08696604172388712
fourier,41,1,1.1685066343772978,1.130180416504542,0.09593799607246183,0.11209823513248314,0.09587458226111872
fourier,41,2,0.8875589128288012,1.0827244808276495,0.09257743789348752,0.10465040790149942,0.09253627865109593
fourier,41,3,0.7419860941313562,1.226798452436924,0.0645172791245083,0.10694393602510294,0.06446902034804225
fourier,41,4,0.6970041654412709,1.0965155492226282,0.0779097309956948,0.07432383601941789,0.07788234243635088
fourier,41,5,0.8025488179354441,1.1684792319933572,0.06561370925046503,0.08757360260933637,0.0655803500674665
fourier,41,6,0.8296246344134921,0.9905673156181971,0.028762321400669557,0.09235351839355038,0.028723397109327684
fourier,41,7,0.9260552287811324,1.7002942323684693,0.06913742892356822,0.08356425443974634,0.0690987053802625
fourier,41,8,0.7305841995846658,0.9832717989881833,0.011734246955408404,0.1101224822147439,0.011701261153211817
fourier,41,9,0.7982957875208249,0.907384204864502,0.04636765362180692,0.11752573536941782,0.04633751418514294
fourier,41,10,0.9382304263020319,1.0717150256037713,-0.0177374723542016,0.10785441840998829,-0.0178021428330491
fourier,41,11,0.989734680406631,1.4339174742499987,0.05388154386212894,0.11190027795770827,0.05381800600832018
fourier,41,12,1.1504017573500436,1.4043535714348157,0.020471365879833076,0.10016606784580896,0.02041223435468661
fourier,41,13,1.0357327202246303,1.028118238846461,0.001335937015634651,0.09956097328104078,0.0012968645275880893
fourier,41,14,1.1759924299660183,0.9603749275207519,0.08044582799096436,0.06897166624936896,0.08042657932383009
fourier,41,15,1.123171058439073,1.4429800565044084,-0.04670073186280206,0.08872948053176515,-0.04674527231351628
fourier,41,16,1.042676406720328,1.0084802895784377,0.027236890234053134,0.10080723423549595,0.02716185764875263
fourier,41,17,0.8162966503037347,0.9424677809079488,0.08252196946802239,0.10249456332918877,0.08245789825062579
fourier,42,1,1.1638933997305612,1.1784445037444433,0.11887261029332877,0.0038721320064117513,0.11886180723086
fourier,42,2,0.9032689401554683,1.2123896469672522,0.10055295107110093,0.07482437155752754,0.10046694240688035
fourier,42,3,0.7212338362421308,1.1399756779273351,0.07712232405707861,0.07252933871156225,0.07704176861249531
fourier,42,4,0.6681113995256878,1.0847013254960378,0.11889971815204868,0.07878883939217,0.11888727617139618
fourier,42,5,0.5907432933648428,1.012855243186156,0.07973176022836317,0.10208324501290918,0.07967967751125495
fourier,42,6,0.5767670904123594,0.8584032381574312,0.09688544360299906,0.11028353864482293,0.09684826117008924
fourier,42,7,0.4782171051890131,0.8060383751988411,0.08070709279660757,0.10529585171413297,0.08065304808745472
fourier,42,8,0.45442788468466866,0.9138952568173409,0.12001420905192693,0.10340049330455561,0.11997658408557375
fourier,42,9,0.4674434689065767,1.191964858273665,0.11160545811677973,0.10872177526374192,0.11156382129217188
fourier,42,10,0.43573028322250124,0.9542852352062862,0.10552427163347602,0.1038207610991473,0.1054862195936342
fourier,42,11,0.4178165646772536,0.9959323776264986,0.08806570960587123,0.11057974741173288,0.08800748045371923
fourier,42,12,0.42212613281749545,0.7736875876784325,0.062428780109621586,0.11245037221039335,0.06232986974840363
fourier,42,13,0.4065001831641273,0.774804208179315,0.054695206601172684,0.11115224396344274,0.054620098982316755
fourier,42,14,0.41760087344381547,0.794157101213932,0.09332471145316959,0.10971292120714983,0.09326972492660085
fourier,42,15,0.398829810321331,1.0356545003751914,0.04751744611033549,0.09670310541987419,0.04746363698504865
fourier,42,16,0.4269381167869719,0.8530246034264565,0.07282457882538437,0.10292105463061792,0.07273518526926637
fourier,42,17,0.38360783292187584,0.8070358981688818,0.08184885344041201,0.09454167928391446,0.08180928068856398
fourier,42,18,0.3810840945631739,0.8253527263800303,0.04357898653688608,0.09390419851988555,0.043496818844869264
fourier,42,19,0.37172417413620723,0.8088916768630345,0.07068939910192663,0.09642559383064508,0.07062649084643151
fourier,42,20,0.3577679148505604,0.9255617494384448,0.0840950155359072,0.10524000826602181,0.08402375841202835
fourier,43,1,1.1598291671465313,1.1413930873076121,0.13117336192323517,-0.06499786547962381,0.13120756545104087
fourier,43,2,0.8660254612091988,1.16757330596447,0.09958833954491032,-0.0580687288728465,0.09969923451620465
fourier,43,3,0.7465990255512889,1.7076412598292032,0.09805287536776935,0.006653168984727623,0.09812109838433875
fourier,43,4,0.6807465418463662,1.283282529314359,0.07874374176026322,0.04148189073312096,0.07874943520291708
fourier,43,5,0.5482177678791303,1.0585017800331116,0.08945224489240597,0.06434372258372605,0.089447663561441
fourier,43,6,0.5638211591849251,1.1597380444407464,0.10150067616777961,0.07990447011155387,0.10146469336662751
fourier,43,7,0.4810257931313818,0.891763636469841,0.07630878171573083,0.10072222311670581,0.07623317008838057
fourier,43,8,0.4870481371643051,1.071936048567295,0.08553614442547162,0.09523519808426499,0.08548095071067413
fourier,43,9,0.4951923723731722,1.54279833411177,0.07474953526010115,0.07706511353608221,0.07468709709743658
fourier,43,10,0.4482829425306547,1.269488885998726,0.03386792680054593,0.06955042025074362,0.033798920549452306
fourier,43,11,0.4802061898840798,0.9232942442099253,0.06071817232877948,0.0972605961530159,0.06061926233815029
fourier,43,12,0.48681779726157115,1.0633649798731009,0.06909403354317571,0.08717429940588772,0.06897529276708762
fourier,43,13,0.45019459156762986,0.7609225645661354,0.05169857802223608,0.08350012833252549,0.05155339917982928
fourier,43,14,0.4416978735299337,0.8434776778022448,0.07301997464771072,0.08180406959727407,0.07288982463845363
fourier,43,15,0.4528997371357585,0.7421841462453206,0.07097148360820332,0.08499378504542013,0.07083262265465844
fourier,43,16,0.41076550715499455,1.822191515068213,0.09413879897135,0.09735734323815753,0.09391348580829799
fourier,43,17,0.4170157499020062,0.9697292556365331,0.06742626330815256,0.08578783694344262,0.06724397999544938
fourier,43,18,0.4613407131225344,1.155996956427892,0.05966017645938943,0.08790753241628409,0.0593909245217219
fourier,43,19,0.4520858047263963,0.9886712014675141,0.06395945707336068,0.0830632941564545,0.06370772759546525
fourier,43,20,0.4195646287666427,0.7787291427453359,0.0676195486021849,0.08200039002113044,0.06714722134250527
fourier,43,21,0.4198706950696688,1.3270767400662105,0.08334625093460393,0.0852921254467219,0.08292978828928123
fourier,43,22,0.37730465912156635,0.8408230990171432,0.07769694894086569,0.07776764674733082,0.07728993194177747
fourier,43,23,0.36278473100964986,0.9291368472079437,0.0891778644019117,0.08000334075962504,0.08861335222609341
fourier,44,1,1.2918495502736833,1.212269808848699,0.10749825791475208,0.09611331146831313,0.10746899905498139
fourier,44,2,1.0740612137412269,1.1169586390256883,0.09859144638279152,0.062158004261436875,0.09857152166526552
fourier,44,3,0.855748069901315,1.2172037680943808,0.06537299160069475,0.040674255318784464,0.06534029175527394
fourier,44,4,0.6954538886036191,1.1918144345283508,0.07414686746196822,0.06191648009310787,0.07411421037201459
fourier,44,5,0.6277228068737757,1.1528831447164218,0.0902006241803368,0.06262663701782004,0.09017810507987936
fourier,44,6,0.5449437024810958,1.0436908389131228,0.0493011350731346,0.07898934626913008,0.04923546378461954
fourier,44,7,0.5155619402963018,0.9204765826463699,0.0495739714630569,0.07981368227434965,0.049500096946333845
fourier,44,8,0.5007754660078457,0.8644849061965942,0.05676830955198966,0.0834179535023092,0.056692161209260426
fourier,44,9,0.49619325664308334,0.9524973193804424,0.050533121162637445,0.08603524574621892,0.05044682909307691
fourier,44,10,0.4855650177314168,0.9364619647463163,0.07161409056085782,0.08561329219179849,0.07150748991019402
fourier,44,11,0.4664864454950605,0.9260773380597432,0.05798308441881091,0.08295229149516672,0.05788482499774546
fourier,44,12,0.4709963778418208,1.0405015667279562,0.06878422508792331,0.08643957250751555,0.06870500186147789
fourier,44,13,0.4632366772681948,0.8315858642260233,0.0680287970501619,0.08731630065788826,0.06793662621833695
fourier,44,14,0.4695866239212808,0.9749904518326123,0.026805031416976512,0.08222987776001295,0.026714645187409285
fourier,44,15,0.48553749623279724,0.9621505071719487,0.06053101758152479,0.08440541350282729,0.06043532103285543
fourier,44,16,0.4541059015762238,0.9263069187601407,0.04697783744583527,0.07834154698842516,0.04689939300684879
fourier,44,17,0.4429031279351976,0.981408441066742,0.061636870366055516,0.08424858815657596,0.06153180323696385
fourier,44,18,0.447934790736153,0.9513742337624232,0.04500959002422557,0.07787188859656453,0.04490756707285375
fourier,44,19,0.4472865381884196,0.9276643477380275,0.0805031028110534,0.08500642164920767,0.08040599959592025
fourier,44,20,0.4264980805298639,1.0164371599753699,0.06380057208977329,0.08294248518068344,0.06370153061385887
fourier,44,21,0.42185007970011423,0.9561187863349915,0.0803698530769907,0.08463585824162388,0.080272762326058
fourier,45,1,1.1768043019941874,1.115863095720609,0.09819123649504036,0.04888891830729942,0.0981932583982901
fourier,45,2,0.9515397995710373,0.9269951870044072,0.07048612645206352,0.03680451994975253,0.07045746321479479
fourier,45,3,0.6580443508804791,0.780124710003535,0.07653733336677154,0.047189191757934165,0.07647249307483435
fourier,45,4,0.544514782253712,0.8288271464407444,0.03431699472033264,0.04203076409370018,0.03425053550842373
fourier,45,5,0.4904531516016476,0.8782433082660039,0.10221481668607642,0.05979169016160692,0.10216078367860366
fourier,45,6,0.4793117403511017,1.0518666562934718,0.0943882368815442,0.05394863240071572,0.09431102881208062
fourier,45,7,0.4361688219129093,0.96620423818628,0.08372977978239457,0.05638798722842087,0.08364526244501273
fourier,45,8,0.4140887539538126,1.0106745508809885,0.03686907067894936,0.04215941505196194,0.03682391678739805
fourier,45,9,0.4168220375265394,0.9707808385292689,0.056992364876593156,0.05727820592777182,0.05694424281052003
fourier,45,10,0.39979938311236246,1.2723852028449376,0.05459076933329925,0.058599989108430846,0.05456000458604346
fourier,45,11,0.38214817844213,0.8873841360211372,0.02252659563261356,0.06782931432438394,0.022457819896711348
fourier,45,12,0.3880726049343745,0.7997691089908282,0.06835608223918825,0.06153952359842758,0.06830912801669911
fourier,45,13,0.38339251256178297,0.9616085504492123,0.05486972283106297,0.06424028708909948,0.05482351822817388
fourier,45,14,0.3810186053788851,0.8049759164452552,0.0368849904431651,0.05624735350720585,0.03684628712750661
fourier,45,15,0.3653448498438275,0.865942707657814,0.02547916383482516,0.06575351444383462,0.025419843988493084
fourier,45,16,0.37042488406101864,0.9436969064176083,0.06041943534122159,0.06473226506107797,0.060373612431188425
fourier,45,17,0.3736356029671336,0.8116292779644331,0.07619938024630149,0.06692030554258963,0.07615772821009159
fourier,45,18,0.3796335811179782,0.8533503400782744,0.07165471328577648,0.0645640310831368,0.07160495227823654
fourier,45,19,0.35939091444015503,0.8403254131476084,0.0692866589097927,0.06432354901917278,0.06924241935679068
fourier,45,20,0.3461526200648338,0.7557409825424354,0.07462833725536863,0.062430504494113845,0.07458872580900788
fourier,45,21,0.34278967255164705,0.7585412107408047,0.06849845787510275,0.0655741365471234,0.06845010174438357
fourier,45,22,0.3407291021375429,0.7097682816286882,0.07402620503368477,0.06746104532697549,0.07397091166737178
fourier,45,23,0.3392779715950527,0.6889365710318088,0.08001174858460823,0.06554335403100899,0.07995596621185541
fourier,45,24,0.337214594559064,0.7599064556260904,0.0769404811784625,0.06381635019400468,0.07688473987703522
fourier,45,25,0.3357010075733775,0.7071087375283241,0.07025294260432323,0.06350039226623873,0.07018899867932002
fourier,45,26,0.3374248750153042,0.8348872030774752,0.07738949141154687,0.0667780935841923,0.0773254834736387
fourier,45,27,0.33829631751018857,0.7866566193600496,0.08392488701889912,0.07021907695258657,0.08384763036544124
fourier,45,28,0.34025742503858747,0.7849626628061136,0.07334245548894008,0.06781878812859456,0.07326722225795189
fourier,45,29,0.3388014095170157,0.7399213567376137,0.0847910700365901,0.06648544676912328,0.08470815947900216
fourier,45,30,0.33717207835307195,0.7863941483199597,0.08814854950954516,0.0678267599704365,0.0880606684833765
fourier,45,31,0.33288117427201497,0.7576604304214318,0.08600976051141819,0.06717192587287475,0.0859101815149188
fourier,46,1,1.3284171334807835,1.2770841757456461,0.08828643223581215,0.009871424738472948,0.08829452510302266
fourier,46,2,1.2303268431671082,1.1864672819773356,0.10870382801319162,0.07836905441557368,0.10869695997486511
fourier,46,3,1.1397895694725098,1.1153070320685705,0.11254312666133046,0.08584385293846329,0.11253069334973892
fourier,46,4,1.0175390340506085,1.00605847487847,0.12507279347628356,0.07405881937593221,0.12505729533731938
fourier,46,5,0.871472466441374,0.9163186361392339,0.1218993175153931,0.06548858663688104,0.12186239616324504
fourier,46,6,0.7842790869966386,0.8801403378446897,0.11198637957374255,0.06802833179632822,0.1119346018259724
fourier,46,7,0.7452392587586055,0.8570105413595835,0.10806685872375965,0.06435929580281179,0.10799052317937215
fourier,46,8,0.717625447681972,0.8787603050470352,0.10431393099327882,0.06388067638811966,0.10420249917854865
fourier,46,9,0.6938579324928541,0.8558641190330187,0.10423083771020174,0.06615953290214141,0.10413239412009716
fourier,46,10,0.6820974644450915,0.8480573316415151,0.10805699558307727,0.07183600200417763,0.10797699143489202
fourier,46,11,0.6415120595031314,0.8650741100311279,0.10668721646070481,0.0735413176904937,0.10654922040800253
fourier,46,12,0.6829043163193597,0.9340549826622009,0.10523111739506325,0.07018485817825422,0.10511662246038517
fourier,46,13,0.6281986555882862,0.8396434436241785,0.10330771480997404,0.07422857782900488,0.10321102992941936
fourier,46,14,0.5805633399221632,0.8419707397619883,0.10331090350324909,0.07447288418188691,0.10315539417788386
fourier,46,15,0.5820035446021292,0.8827628647287686,0.09749274399752418,0.06940544669826826,0.09735061069950461
fourier,46,16,0.58477104951938,0.936446996529897,0.09418426773821315,0.06857993042406936,0.09404450226575137
fourier,46,17,0.56915056859217,0.8677959238489469,0.09209637939929963,0.06736418008804321,0.09195688717688123
fourier,46,18,0.544834548400508,0.8751139476895332,0.08420765769357483,0.0626495333078007,0.08405217019220193
fourier,46,19,0.5111949559715059,0.9102759018540383,0.07224757919708888,0.06677167707433303,0.0720997187619408
fourier,46,20,0.4840169915604213,0.8505610719323158,0.07254483749469122,0.06599696492776275,0.0723985258800288
fourier,46,21,0.4671703925918019,0.9319840773940087,0.07185803884640336,0.06462843806172411,0.0716815782400469
fourier,47,1,1.2609530642392144,1.203320681055387,0.10617323780121903,0.006700501765590161,0.1061796279779325
fourier,47,2,0.9770764243744668,1.1145791828632354,0.09931797217189645,0.05002806870033964,0.09929631776176392
fourier,47,3,0.8065934083054936,0.90538456539313,0.0938541512140849,0.002463383063635168,0.09385184711718467
fourier,47,4,0.7351071259805134,0.9189948181311289,0.051757481185874595,0.006879256494964163,0.05176153707773968
fourier,47,5,0.6875032806207263,0.9249596213301022,0.07436563765319686,-0.003031618039434155,0.07437145054185142
fourier,47,6,0.6768634053213256,0.8923481156428655,0.03267194715608639,-0.02682389691278028,0.0326815930732361
fourier,47,7,0.689322820258519,0.9704522892832756,0.016407804075667325,-0.0143903495928195,0.016412216566580658
fourier,47,8,0.6603110729465409,1.205343892176946,0.07459440893793119,-0.02823329940244245,0.07460648534021554
fourier,47,9,0.607617762235422,1.0558680929243565,0.041014260164229197,0.01486950140291204,0.04101345576733972
fourier,47,10,0.5670369100712594,1.047184016307195,0.05328762313777891,0.08232150564241844,0.053269701992394405
fourier,47,11,0.5797124622123582,1.1005193362633388,0.052860950329340996,0.10939390486455522,0.05284333971018593
fourier,47,12,0.5391031878571662,0.883736847837766,0.044090372913827496,0.10404373321992656,0.044064348679967225
fourier,47,13,0.5340767752320047,1.0543206358949344,0.02399042502511293,0.12030863432834546,0.023975255782715976
fourier,47,14,0.5158912956951156,0.896070146560669,0.04649829333648085,0.10939235536692044,0.04648412958097955
fourier,47,15,0.5304314930524144,0.8951584388812382,0.03605106027631943,0.07186291211207087,0.0360397472162731
fourier,47,16,0.5171362689090153,0.8799045657118162,0.04190853446877251,0.10121686410857364,0.041899790552755195
fourier,47,17,0.5046802206881462,0.8857192312677701,-0.000693218840751797,0.11630595394720634,-0.0007098364527337253
fourier,47,18,0.5145811328575725,0.937349297106266,0.05638009148351557,0.08314460696128663,0.05637029298062165
fourier,47,19,0.5144874468918831,0.8910854409138361,0.04981554229452741,0.1187081413421159,0.04980827231095949
fourier,47,20,0.5189822583444534,0.9788279722134272,0.06839628921200831,0.06013152776286006,0.06839189338497817
fourier,47,21,0.519247749613391,1.073325189948082,0.04041055799461901,0.026580258858545373,0.04040774361540874
fourier,47,22,0.5139792566261594,0.8446770886580149,0.04931212644053933,0.07968370096738606,0.04930085403805909
fourier,47,23,0.5110659730576333,1.1417623003323873,0.07944058825572332,0.09001680844618629,0.0794259528319041
fourier,47,24,0.5244806803881176,0.8720923682053884,0.09229952106252312,0.08420530637182916,0.09229179201647639
fourier,47,25,0.5142531539239581,0.8938964679837227,0.08914403837601033,0.08220067381237944,0.08913045490044169
fourier,47,26,0.49292715922707603,0.8741574098666509,0.07041805281866496,0.042398320264571035,0.0704140309409316
fourier,47,27,0.4837133861959927,0.7992010215918223,0.05621894517874656,0.07344089749579628,0.056211070586383964
fourier,47,28,0.48638094535895754,0.8704417283336322,0.05265962353660143,0.08433566713162387,0.05264771105867112
fourier,47,29,0.48863993112056975,0.9207072022060553,0.05800053641044845,0.10444612856954336,0.05797596009021314
fourier,47,30,0.4893293956679011,0.981892425318559,0.04432933841987203,0.06238826870685443,0.04431918337747144
fourier,47,31,0.5074062491693194,0.8538364430268606,0.054083155227514605,0.0991632871174564,0.05404979472902293
fourier,47,32,0.4856126196091137,0.8704016889135043,0.01581134741815428,0.10850177300162614,0.01576908027830844
fourier,47,33,0.48948151902073905,1.092790520687898,0.0044628960264769075,0.08801294056077798,0.004393642748376199
fourier,47,34,0.48032131885725354,0.8677753989895185,0.04678426254540682,0.09475448050846656,0.04670817703784754
fourier,47,35,0.4735713720558182,0.9151964917778969,0.04705389484297484,0.099327801191248,0.04696918240515515
fourier,48,1,1.2313222400252781,1.227324906984965,0.11739795617759227,0.06327187646335612,0.11737538532664378
fourier,48,2,1.0041070896245183,1.263040805856387,0.10587840337927143,0.10109983563112716,0.10562416603788734
fourier,48,3,0.8597759577253509,1.2664688895146052,0.10690713813528419,0.10913153672590852,0.10661686550204953
fourier,48,4,0.7692369724076892,1.5189697444438934,0.08273831926877999,0.10873719930532388,0.0824703781021526
fourier,48,5,0.7327494369376273,1.6150851865609488,0.09274578203912824,0.11533577976127465,0.09262528955781212
fourier,48,6,0.6415429615548679,1.39247557669878,0.06929269320874785,0.11284206411801279,0.06922374436398968
fourier,48,7,0.5639817832954346,1.1189696038762729,0.07696630649734289,0.11206248166660468,0.07689930783235469
fourier,48,8,0.5027317188325382,0.9610368075470129,0.07481794075186675,0.11245795916765929,0.07471254946431145
fourier,48,9,0.4936414159952648,1.053524211794138,0.08726378664529572,0.10216460325755179,0.08722001152733962
fourier,48,10,0.46189031560742666,1.0317997584740322,0.06548936504793043,0.09363834720958646,0.065415567807698
fourier,48,11,0.4555865879806261,0.9158706963062286,0.11416785172962894,0.10272796584758907,0.11414477488336464
fourier,48,12,0.4496420374701893,1.028318346540133,0.08568244124374663,0.09796666137796516,0.08562046621421662
fourier,48,13,0.4373530363516202,1.0809291139245034,0.07792286995099858,0.08817509922276562,0.0778716361654612
fourier,48,14,0.42254461489972617,0.9406527141729991,0.09813902673049597,0.09681279087283959,0.09808883870136924
fourier,48,15,0.42925288658293465,0.9661306937535604,0.08292316496372223,0.09162331361634037,0.08286198118876201
fourier,48,16,0.42871237605337115,1.0977011303106943,0.06165496735581352,0.08765824728955825,0.06158885239177228
fourier,48,17,0.4175204802600164,0.9621656162043413,0.09080965037962112,0.08994178978415827,0.09076132683937127
fourier,48,18,0.40372691882981193,0.9142501403888067,0.08161051714171966,0.08713573402104278,0.08156060945087423
fourier,48,19,0.4000506293442514,0.9660098545253277,0.07901426925479124,0.08555281756756207,0.07895567798210928
fourier,48,20,0.4013460837895908,0.9261649851997693,0.07502332153962925,0.08843850345971684,0.07496012809763973
fourier,48,21,0.39526157471395673,0.9217587552964688,0.07709725069192548,0.090094331636404,0.07703304300860812
fourier,48,22,0.39833216026188834,0.9537656816343466,0.07101295813724089,0.0875529683350275,0.070946447205885
fourier,48,23,0.3955257155355953,0.9594148673117161,0.0721811393974349,0.0908294351461033,0.07211103371034065
fourier,48,24,0.39542540198280696,0.8783444873988628,0.08103669698612066,0.09636279515301188,0.08095512033687555
fourier,48,25,0.3950255261290641,0.8199506923556328,0.0852377201197669,0.09272511469510694,0.08517271061427892
fourier,48,26,0.39524308911391665,0.924370231727759,0.08010699313987667,0.08899836833588778,0.08003167589195073
fourier,48,27,0.3946516464153926,0.8700028151273728,0.07769900135075053,0.09064659092885753,0.0776244244693468
fourier,48,28,0.39510611740369644,0.9858498881260555,0.08187231908474739,0.09545234600858142,0.08177662319115674
fourier,48,29,0.3937015192849295,0.9466721221804619,0.08139176120360693,0.09180475644146403,0.08131394229518871
fourier,48,30,0.39470216903894667,0.9307541576524575,0.08385263918899,0.09039689149552335,0.0837616863194853
fourier,48,31,0.39439066570429576,1.009291095038255,0.09134061275229517,0.0921670210082084,0.09127006796673716
fourier,48,32,0.3929800522469339,1.0007402407626311,0.07595585117427012,0.09256670512259006,0.07585296200704761
fourier,48,33,0.39010391585410586,0.950190315147241,0.08209975657907004,0.09411674435250461,0.0820105018132987
fourier,49,1,1.143609590946682,1.141531593600909,0.0924920675655206,0.022559351696205945,0.09250012123181174
fourier,49,2,1.0450176934874247,1.0747919062773386,0.11437447162655492,0.07852203301154077,0.11437075290208061
fourier,49,3,0.9403510267535845,0.9810306668281555,0.10652752034366131,0.0969322373426015,0.10650160750374198
fourier,49,4,0.7456997557291909,0.8620366583267848,0.08694576788693667,0.09874746367762176,0.08687840054432551
fourier,49,5,0.5466242406576399,0.7572271871070068,0.07283445592038333,0.10690920618362725,0.07275301055051386
fourier,49,6,0.4180462120307816,0.7026746499041716,0.03881760541044059,0.10880605820178364,0.03869972973952827
fourier,49,7,0.3847812271662175,0.6987407803535461,0.09595738450686137,0.12089319980392853,0.09587468003543714
fourier,49,8,0.3588961913945183,0.7535786087314288,0.060461821023879266,0.1156533471463869,0.060345299353745455
fourier,49,9,0.3353715342070375,0.7383279713491598,0.0530110674056535,0.11517328906338661,0.052914042619522664
fourier,49,10,0.39733728317041245,0.8490041534105937,0.06659558532216275,0.10662103433472415,0.06650683355049598
fourier,49,11,0.3295160356968168,0.8794209326306979,0.021175459204096116,0.1102505708372822,0.02108667677215029
fourier,49,12,0.316359852041517,0.7328809641301632,0.0828935258827793,0.11437699121694701,0.08282943697025379
fourier,49,13,0.3032690144720532,0.7217825904488564,0.08641842044889927,0.11626860886462964,0.08635588007358214
fourier,49,14,0.2892948975638738,0.7956697138647238,0.0732100302974383,0.11551136886700988,0.07314164995526275
fourier,49,15,0.28161603827325127,0.8826180023451646,0.0749989534728229,0.11775572785797218,0.07492895552422851
fourier,50,1,0.7885334490547105,0.801123375693957,0.06791242603600646,0.1140577709612747,0.067657496384345
fourier,50,2,0.7956010349213131,0.9864569678902626,0.08253358789952472,0.10917745007706496,0.08250520094297827
fourier,50,3,1.1183740960227118,1.1977181216080983,0.09273920943960548,0.08716176634770818,0.09242412621776262
fourier,50,4,1.2413264678584204,1.2945514887571334,0.03646402822650998,0.09298308457558353,0.03256453301097887
fourier,50,5,1.289724511286569,1.2875524948040644,0.04233822513682147,0.09752332357068856,0.03638414336601272
fourier,50,6,1.2975283539484417,1.1352284640073775,0.041473248360368115,0.09850113210268319,0.03577951178497945
fourier,50,7,1.2845141509222606,1.2195393299063046,0.04109102860869219,0.09762404372449965,0.03664847780504109
fourier,50,8,1.3059097150015453,1.312968630095323,0.0427252069930546,0.09542108396999538,0.03775978422878931
fourier,50,9,1.3791428615176489,1.2508930583794913,0.04290517249610275,0.09419797845184803,0.03812548527772985
fourier,50,10,1.359795094955535,1.588296659787496,0.0472037095935472,0.0981488329358399,0.03942022735718638
fourier,50,11,1.316543143893045,1.346817127863566,0.04697564427430431,0.10077816922372827,0.04210437179232637
fourier,50,12,1.32389968160599,1.3359483381112416,0.042394490089888374,0.09934186280394594,0.038619596641122675
fourier,50,13,1.326126074507123,1.1533174256483714,0.04282249905712281,0.10024264577465752,0.0392611369517302
fourier,50,14,1.3675212159989372,1.2956375484665235,0.04317686503345612,0.10150180815253407,0.04006421169033274
