variant,trial_number,epoch,train_loss,val_loss,corr_6m,base_corr_6m,adj_corr_6m
linear,1,1,0.9557851205528196,1.0118420946101347,0.12481793507607411,0.12767107025720179,0.04363693879737791
linear,1,2,0.7262473825196919,1.5110438450535488,0.11506218140323957,0.11660033784185847,0.07265271514770574
linear,1,3,0.736886617760666,1.750409226337979,0.1223347701326323,0.12222461448982358,0.0822196294068514
linear,1,4,1.2238760766010115,1.9270791622673036,0.12491446395870298,0.12485573245988538,0.09930444301571698
linear,1,5,0.7579142975141653,1.7185092954547145,0.12578049719062012,0.12576799291030813,0.10855610214251404
linear,1,6,0.9711904219835756,1.6897205657582768,0.13933957590100665,0.13943242013920099,0.09142025302474698
linear,1,7,2.309272554664766,1.4324845621517548,0.13293709398809975,0.13294450177151398,0.04538015822569529
linear,1,8,1.105920090269888,1.6489972965791821,0.12448402354881788,0.12715828718889194,-0.0962027091300115
linear,1,9,1.208149698991624,1.5331944253838932,0.12439677126628036,0.12507657472694214,-0.10098586465076854
linear,1,10,1.2194500920318423,1.369872440219236,0.12139453638616639,0.12392815602361225,-0.09735222157711784
linear,1,11,1.20486789989093,1.9655026025992508,0.12947131428906383,0.12973391425524217,-0.09764103437773883
linear,1,12,1.2082568189454457,1.871265803494801,0.10549669587053359,0.12090363693035518,-0.09042590270595004
linear,1,13,1.2268363417141022,1.566774022821725,0.11276456387713552,0.1224088538205251,-0.09362570395072302
linear,1,14,1.1383257418397874,1.8073160496579173,0.11617268552072346,0.12487030648626388,-0.09145624394683788
linear,1,15,1.1459626281072224,1.9555860096642088,0.11426014463650062,0.12220282381943738,-0.08487278181279787
linear,1,16,1.1010333039457836,1.6816228403088946,0.11673283137691517,0.12035037077196951,-0.08695563317354148
linear,1,17,1.125543929281689,1.904242215057214,0.11910332293094446,0.1221288598239577,-0.08330668523752441
linear,1,18,1.1344535927923898,1.6532750095861652,0.11659804409525047,0.12205279848809975,-0.08607510580235006
linear,2,1,0.7445153013086094,0.7868015131292244,0.12528090707492084,0.12403037283414355,0.08756588448983772
linear,2,2,0.6736877023818485,0.6994221492942112,0.1300843164732214,0.12927534032496624,0.05912896701095936
linear,2,3,0.6071260030878457,1.0279330405396954,0.12193626279865082,0.1222965391857239,0.0029381626343820246
linear,2,4,0.7671222919810726,1.0208272039793882,0.11460316178612023,0.11481187416551014,0.04367222935507016
linear,2,5,1.2049062330485276,2.304368573292716,0.1270044661864328,0.12707767118699848,0.05982553138552855
linear,2,6,1.2506240576920693,0.9305071528797271,0.11389177691889926,0.11392768778411361,0.06105177407541002
linear,2,7,1.0654017355391117,1.5719930486210312,0.10446891148264209,0.10450610765450014,0.0189934508545169
linear,2,8,1.3393664484066816,1.1036798763752813,0.09698175922191392,0.09705584260470156,0.04574871615332086
linear,2,9,1.0804502363130684,13.573996203176163,0.09410298734922738,0.09500753634492867,-0.07171015159547096
linear,2,10,1.2677004501548788,1.6219051572319585,0.1058186578253905,0.10579436638702949,0.0012108617462217807
linear,2,11,2.0467494314592813,1.2211838778600699,0.11223342010634951,0.11218463027228912,-0.09336474619728202
linear,2,12,1.1908012202969234,1.2433288446627557,0.11352587376410762,0.1135780794856449,0.0755273025870944
linear,2,13,1.0944067276297276,1.3403145016496032,0.11710626175336074,0.11708528632492138,-0.07327629659945765
linear,2,14,0.8329387568727948,0.8924281055612179,0.11652854284911882,0.11654631146423829,0.06319650382890056
linear,2,15,1.2952220977932947,1.342512631478409,0.11622193472770354,0.11626388232689351,0.04235361928973968
linear,2,16,0.6817599883818094,1.6217298484082372,0.11137392333087821,0.11144820614329849,0.01678656496039063
linear,2,17,0.7305896813845648,1.69640077209624,0.10903345693756515,0.10943980642672008,0.023803399400397513
linear,2,18,0.9046689711636674,1.5949810994012903,0.10326735275254274,0.10342650034775337,0.016811357005887356
linear,2,19,0.9921594580566148,1.7136507574206916,0.10954963361922031,0.10967352063162253,0.030842065595788882
linear,2,20,0.9449410113383137,0.9803797665052116,0.11126584774853351,0.11148288989788853,0.03108665612138187
linear,2,21,1.1462405718269846,0.8754103136986183,0.11236022111455289,0.1125413661415223,0.024228451781285305
linear,2,22,1.0060341564352537,1.5055674845954248,0.11305148133736415,0.11322733147147422,0.021788572099952337
linear,2,23,0.9278873372444189,1.5512845311195027,0.11276373827276984,0.11283953351182087,0.041862382234830874
linear,2,24,0.5811843094149466,1.5680781743885746,0.11443855200874774,0.11449218406535995,-0.021524409635458142
linear,2,25,0.7973432564899884,1.6044863757585215,0.11279960298561491,0.11276719570572216,-0.07767899504397065
linear,2,26,0.641095788597297,1.5652198156594144,0.10990401744687309,0.10985406489732365,-0.08073571885858352
linear,2,27,0.720771695634626,1.4029801798993504,0.10899390731162081,0.10891542960113536,-0.08403076506607855
linear,2,28,0.6863775742526091,1.4465874642208292,0.11155957319618513,0.11148200213598708,-0.08941120650694453
linear,2,29,0.7155867371066484,1.4981759856576293,0.11093951237744477,0.11089461449731365,-0.07432088412897428
linear,3,1,1.225584650560031,1.1719345013300577,0.0945556736861666,0.01725104678795712,0.0947573409997858
linear,3,2,1.06259471816676,1.0493084718783696,0.10599722397552493,0.07423827002445857,0.10783633805319065
linear,3,3,0.8570162230540835,0.8994011978308359,0.1075091224732508,0.07493592894946535,0.11508033227873966
linear,3,4,0.7639041815012221,0.8457844664653142,0.10619590155123054,0.07653670208868182,0.1125356433680281
linear,3,5,0.6963745805006178,0.8489636724193891,0.10682096007779668,0.07942820017924532,0.11265286043829595
linear,3,6,0.7153356697942529,0.9391040076812108,0.11036519134747019,0.08282318355923053,0.11524662287750592
linear,3,7,0.6200881894263957,0.8930233386655648,0.11023056675524762,0.08699671755700061,0.10712461402096475
linear,3,8,0.5540525313052866,0.9611532866954804,0.11619620872661471,0.09051401814989125,0.10796299347227128
linear,3,9,0.5738921680354646,0.8214205854882797,0.11730267884753023,0.09099882579175755,0.11137492109555751
linear,3,10,0.6337502520043581,0.8762917470186948,0.12313049233828982,0.09419218560991188,0.10712938010886622
linear,3,11,0.5006928947913121,1.3081397384405136,0.1175270250843217,0.09413930940597008,0.10264893207446828
linear,3,12,0.4589597333886934,1.847382078319788,0.11696991412900389,0.09362080528129203,0.10295614999874185
linear,3,13,0.39950035542567514,0.9714829242477815,0.12097366808447987,0.09923067841057977,0.10472708945162594
linear,3,14,0.3512275777258245,0.8303101597043375,0.12554894561762922,0.10124537342538437,0.10039306344309201
linear,3,15,0.3692918058668655,1.410638143743078,0.12361839176931728,0.10203432873822749,0.08845577651712423
linear,3,16,0.269471033692493,0.7351429650715242,0.13080623988062143,0.10813671665576598,0.10228278862584071
linear,3,17,0.22815187647060994,0.7675142514519393,0.1298315438015076,0.11007185991232595,0.09269419856136665
linear,3,18,0.23474912888496108,0.8817172144850095,0.1294540126439339,0.11019716261265179,0.08613979876972735
linear,3,19,0.21547652893729272,0.7212607002506654,0.1328500338771846,0.11194601686050494,0.09286775957443752
linear,3,20,0.20698133675660568,0.7562543141966065,0.13140050830940406,0.11254609200793007,0.09339167841826565
linear,3,21,0.21584042199815268,0.8868682836182415,0.13226160099729894,0.11476364988872471,0.08335719018941745
linear,3,22,0.20055604191397183,0.801747916949292,0.12904931605638315,0.11323194213910029,0.08137821101117879
linear,3,23,0.1849089767566612,0.7124484509540101,0.13578985015628858,0.1157070429821033,0.08077802765280163
linear,3,24,0.18582513145104582,0.9140494252244632,0.13527777255803813,0.11701485887697345,0.07875476018137609
linear,3,25,0.17559766120050174,0.6921178200282156,0.13642427187490588,0.11820224155283844,0.07890074207816725
linear,3,26,0.17105857995089277,0.8005236620083451,0.13702290490618907,0.1191460981965065,0.05468467288495352
linear,3,27,0.14696803505706604,0.8094868992455304,0.13774399396497755,0.1191491445681701,0.06166259771368156
linear,3,28,0.14363413409464845,0.7051362088570993,0.1346367329970235,0.11714345896422552,0.06778115775141487
linear,3,29,0.1562745914223284,0.7895707077851208,0.1407414665678516,0.12376033864760151,0.05667292934958823
linear,3,30,0.14585847208085367,0.7132677382168671,0.13725912865096082,0.12175357065473993,0.05896984615440791
linear,3,31,0.14542227263847876,0.8118185767283043,0.13811915046535433,0.1221758827540422,0.04874999732128345
linear,3,32,0.1412510728327366,0.7755218419091156,0.1408887632501622,0.12486692823320784,0.052454023420189816
linear,3,33,0.12614195710274442,0.7578836482018232,0.14141994655753176,0.12492775299469941,0.05386004081616799
linear,4,1,0.9726769779882734,0.9450569222370784,0.10990457203006372,0.10665797329274937,0.10508916803325216
linear,4,2,0.7259797556769281,0.7929727258781593,0.1263211158492292,0.11931848043265442,0.09680771517838972
linear,4,3,0.4332974688390211,0.623591263856118,0.14069061074502923,0.1361727465390383,0.0700511236830304
linear,4,4,0.41073832972832613,0.8292622103976707,0.13494288459575424,0.13052090918645262,0.06585303122798601
linear,4,5,0.39946446461452445,1.0203763543317714,0.12910397119824968,0.12407036238873843,0.06250627899037985
linear,4,6,0.43564793404394075,0.6884193565347232,0.12783536644031604,0.12593236804629365,0.00917178848679517
linear,4,7,0.3244463603495718,0.8732078247373768,0.1294352441482867,0.13190131220035256,0.014382395338422308
linear,4,8,0.29563306991633637,0.6542346055774639,0.13385771656176076,0.12885710098198616,-0.025626692499887818
linear,4,9,0.2854923524708803,0.5451213010353968,0.1353549459396163,0.13076990029609684,0.019107100587765064
linear,4,10,0.23057705220540695,1.1289762843594267,0.1311953903757967,0.12483941639463107,-0.005952046586511036
linear,4,11,0.23975711027092725,0.592368607413179,0.12266362973799308,0.12414211884800655,-0.016928908419019232
linear,4,12,0.2493309972419483,0.7368233312338514,0.1250453011520828,0.12941617407874825,0.016590315856349964
linear,4,13,0.18177348213396452,0.8540351907412211,0.1199365986782747,0.12589190871998046,0.03367782672867179
linear,4,14,0.1987819566431484,0.7700671672277773,0.11638278626681615,0.12161264453704158,-0.02442721463739872
linear,4,15,0.19925015431259194,0.7093241616462668,0.12562148491754974,0.12707911502705732,-0.018791358875265965
linear,4,16,0.18794206428592877,0.7297887117718347,0.1290756395532905,0.12422462195778887,0.014448290522947597
linear,4,17,0.10594322064652159,0.7449172824039124,0.13726862509114046,0.12897054123459384,0.006108809999811153
linear,5,1,1.0801294547697855,1.0423703084389369,0.11076007126830519,0.0822940257404601,0.10827857841116686
linear,5,2,0.8682803545324576,0.8952802290519078,0.1205554723351573,0.09837765578801433,0.11492281648485611
linear,5,3,0.6286436813691306,0.790131863206625,0.13565237854296963,0.11974859910551458,0.1050617568893358
linear,5,4,0.4865339837657909,0.680316902215903,0.13443808987891923,0.12801345126936212,0.08897631319705397
linear,5,5,0.37988253943215583,0.7613445331652959,0.13524799820346137,0.1335984844015911,0.0713162161797906
linear,5,6,0.321097396550786,0.6658244541535775,0.13283527395687997,0.13384407207292195,0.04330761633076084
linear,5,7,0.307890251128161,0.7536040234069029,0.1354211315958916,0.13516384706211587,0.039286373547899225
linear,5,8,0.2558168865673776,0.6567697626228134,0.13211524138396272,0.1368862553523892,0.0319928204776564
linear,5,9,0.33041656217917786,0.6494552440941334,0.1336323098531769,0.14163726019517828,0.015045270490615319
linear,5,10,0.2682879211019359,0.604599095818897,0.13118806011819592,0.13671850920848858,0.02323096058971714
linear,5,11,0.34705433951291653,0.6560683595327039,0.1283585625118576,0.1354248440436398,0.002484860721354683
linear,5,12,0.20454622556858268,0.576178279115508,0.13017899651022163,0.13558701941510662,0.0077751634026450725
linear,5,13,0.3453494739198562,0.7034722057015945,0.12555219801094306,0.13362004209775477,-0.013086310149325679
linear,5,14,0.30053113710961216,0.6995773022101882,0.12706392219891616,0.13661246860477452,-0.012549227116202625
linear,5,15,0.2574539863036036,0.5794563479333495,0.11877704396999131,0.1312723013261954,-0.018964746439208587
linear,5,16,0.2566584578605779,0.5979290504163752,0.12739445181699313,0.1367320624034619,-0.0178387390760084
linear,5,17,0.16496136517052368,0.640045385233437,0.12034725332050585,0.13083296820987017,-0.03915106669689218
linear,5,18,0.20215931202567713,0.567189094707525,0.12135658585466444,0.1325040700758109,-0.011345333308175517
linear,5,19,0.1297373895663657,0.5791294222678213,0.11921094781040059,0.13256269555616504,-0.015700966822138677
linear,5,20,0.16475319407006267,0.506975480983965,0.12146347030065954,0.13312710652438303,0.008617857991096874
linear,5,21,0.15083107365792367,0.531054326146841,0.11749506494379602,0.13270631441070388,-0.0035651496824963638
linear,5,22,0.14450274214484832,0.5838918140817744,0.10382239815662615,0.1272605222572262,-0.026813061627278027
linear,5,23,0.1472772319647779,0.6509880715612477,0.1146397061025103,0.13256649693357758,-0.04377918774674375
linear,5,24,0.12847888514922473,0.6217786905316947,0.11331976974421802,0.13406375928801328,-0.03739975288432713
linear,5,25,0.16202251984098454,0.6498610167007428,0.11039777096399726,0.13356025441510913,-0.04119039696342952
linear,5,26,0.1376964208668921,0.7066417079622624,0.09978621774547113,0.1312562258836503,-0.04407047113054432
linear,5,27,0.10955455837901108,0.6597416234357903,0.11640418803629776,0.13573646025518732,-0.0466616057164174
linear,5,28,0.11955197380761785,0.6267336811171844,0.09046541958426436,0.13191017014129708,-0.035396543472112775
linear,6,1,0.8873596086743332,0.8420426198591788,0.12463561036226262,0.11425373489813258,0.12145785574490825
linear,6,2,0.7302096301919803,0.8678352247613171,0.14351681048816925,0.130028812152644,0.029415440208200985
linear,6,3,0.6216335590618814,0.9936560352371695,0.12387352819787338,0.12017634821434815,0.062126520959039526
linear,6,4,0.5964751796356202,0.9133754277174982,0.12749463356352256,0.12870733078258734,0.09207010013051331
linear,6,5,0.6829540648542451,1.0731251636054366,0.12611045395800222,0.12664211943435172,0.08784875484804312
linear,6,6,0.5760661840585748,1.02564867354619,0.12219860342908456,0.12142592224602898,0.09362066068376104
linear,6,7,0.5413255285149918,1.3986640381272688,0.11219096657199164,0.11164445175478856,0.07509546163491905
linear,6,8,0.5254848207815874,1.505585512549927,0.11547472062908734,0.11589663998844722,0.08458208691639205
linear,6,9,0.5125070579341275,1.3807622952697178,0.116280618791158,0.117094446978687,0.08338873000078213
linear,6,10,0.3385815734880972,1.4922756353585405,0.11199251920528089,0.1139591264402649,0.08162588331809578
linear,6,11,0.503781445567801,1.2877694399290098,0.1091530996801642,0.11640478365976985,0.08077320776258906
linear,6,12,0.4305151775245158,1.2870353841741842,0.11400664713340423,0.1180563049914781,0.07266000566693644
linear,6,13,0.3159072250875022,1.4628979433793574,0.1173352266458096,0.12330080471098578,0.07243769794004037
linear,6,14,0.2356929636804587,1.3868460857852674,0.09634907953053092,0.11565122461761349,0.050766739939960344
linear,7,1,1.081695124270424,1.0657466133435567,0.11332930487114937,0.08599645405774936,0.10812393740379775
linear,7,2,0.7180813594336902,0.8226069564620654,0.12213488556559847,0.11318576305638998,0.10067669187944071
linear,7,3,0.5385987220040064,0.7377580353990197,0.1296424809571666,0.12198850929271429,0.09250778222291653
linear,7,4,0.3966666139470088,0.7228394767890374,0.12123310211269805,0.1226830291406562,0.033132723462767896
linear,7,5,0.46469071906176396,0.6868342528430124,0.13337956339431306,0.13540979367947634,0.014324747497448697
linear,7,6,0.27589598368054824,0.6768105966116612,0.12753866718849166,0.1312664487437966,0.04257184654149266
linear,7,7,0.3489349480775658,0.6877242031429583,0.12893100673876082,0.12864175346354992,0.057739969932784636
linear,7,8,0.2138919049547916,1.0249736103217097,0.14080577330508579,0.13482528682798148,0.05088198841549456
linear,7,9,0.28296005019607645,0.685939729384457,0.1347468364983797,0.1301880195373087,0.036303791621079044
linear,7,10,0.21644036445552103,0.7833415052543083,0.099141950084595,0.12103213568916545,-0.016608918520311513
linear,7,11,0.16192382737648991,0.8466281008829052,0.12542590266481662,0.13004859993234277,-0.043406841040511304
linear,7,12,0.17859981889745946,1.389609653535687,0.10520842364057899,0.12388944472865357,-0.01803253716789186
linear,7,13,0.11815707890237385,1.3118208702556633,0.11550743276408564,0.1290327570226509,-0.015004097464649627
linear,7,14,0.10398370710650592,0.837976145913126,0.10815967945381999,0.12224664946164315,-0.02071204736518363
linear,8,1,1.1510003634861536,1.04481701006492,0.12062264449195936,0.10887299305371319,0.12130129064122835
linear,8,2,0.6253605029833991,0.7492779944247255,0.13107559534643468,0.12276156243363706,0.09823444753856166
linear,8,3,0.4228306516546697,0.6817796493414789,0.13140006668594045,0.12783152315144738,0.0832682910760468
linear,8,4,0.5343289618811844,1.1661243907331178,0.13412167770438826,0.12931710037519223,0.062493352017675835
linear,8,5,0.6605761123937555,0.983677149816261,0.12922172191319986,0.12670524118972631,0.05418293256661855
linear,8,6,0.7200780902634188,0.8543968387568991,0.13277407343460557,0.13141999502452867,0.04351881710657229
linear,8,7,1.047242406624964,1.0352780619869009,0.12550904300005641,0.12668937633667762,0.02945023836606803
linear,8,8,0.47171383750907936,0.6734048417701464,0.11769175221173403,0.12442856893564264,0.0072149530392683426
linear,8,9,0.44056893929371743,1.0375468907877803,0.1296851203078404,0.1276046199297222,-0.02846004246190811
linear,8,10,0.6117894195500296,1.0553476617361108,0.12340635010041297,0.12635849641713623,0.005276682055167233
linear,8,11,0.551971947383064,1.0097064293610554,0.1335655371580894,0.13404277687271435,-0.011897507070292098
linear,8,12,0.4757007397085314,0.9336849636592282,0.11842435973764319,0.1256735607011554,-0.03079624713282101
linear,8,13,0.359365838868331,0.7431468105021243,0.11063986640656367,0.1216377821789744,-0.03985518388605366
linear,8,14,0.3461556232343557,0.9505936004260245,0.11307043413010737,0.12159655681753065,0.022070964383116613
linear,8,15,0.2824215270878966,0.6454554099584736,0.11172624993826806,0.12587687006065001,-0.05809009054210037
linear,8,16,0.22241654853675596,0.8826150307082571,0.10912299153860658,0.12678296224524577,-0.05038826296319409
linear,8,17,0.2044412789170839,0.6204845362866763,0.09620000580713774,0.12495452952959264,-0.055904798302799465
linear,8,18,0.17611214663527733,0.6138203710492235,0.08289354093528042,0.12344550940518578,-0.04893474877268697
linear,8,19,0.3782468630656478,0.6473867457554054,0.10198409706354142,0.12415128744517763,-0.06789640334512417
linear,8,20,0.21790400487398506,0.5796389515249757,0.09450356643064879,0.12587933375810584,-0.034101462809727916
linear,8,21,0.21439772327733134,0.6452670572434727,0.09943538095903932,0.1234116729736949,-0.07283332551984738
linear,8,22,0.1743996491235492,0.7992082707161898,0.0813094723969698,0.12237322596095813,-0.07353414592022697
linear,8,23,0.1838889467558941,0.6643412556227607,0.06860552649692787,0.12055987356967914,-0.04393421702552587
linear,8,24,0.20364272374951856,0.5881801857579073,0.09780444202867027,0.12571302098222076,-0.04102885716905196
linear,8,25,0.20562710156313158,0.8239124487251198,0.07334563482242326,0.12349325013152944,-0.05126255824191806
linear,8,26,0.1505124984418332,0.771496083815858,0.10277538119593525,0.12437810259871185,-0.06761877209258577
linear,8,27,0.194424117226354,0.8704985585636071,0.08576354652953645,0.12349902775604278,-0.06254647095314188
linear,8,28,0.11513711207509106,0.7977910121553577,0.08418570224797198,0.12390232967348615,-0.055191061234412093
linear,9,1,1.0091971184999224,0.9931533614794413,0.1186094487279964,0.05540875607014944,0.11899935031154503
linear,9,2,0.7868807465281515,0.788391391808788,0.1219979353576491,0.09571767453259478,0.11677072145976126
linear,9,3,0.5634428906284036,0.7118688281315069,0.13123132331917683,0.11533571063555428,0.11190673653036357
linear,9,4,0.42331169424892684,0.6687606961776813,0.13429333872239416,0.1239226490923708,0.07532193544320762
linear,9,5,0.30643554016142077,0.6170553896265726,0.12452655589828888,0.1257450863204819,0.03350963666695558
linear,9,6,0.28848895230441396,0.5861996489266554,0.12877730135320842,0.13076976493854697,0.022038263316547575
linear,9,7,0.2676035137560647,0.6558726127569874,0.11854899735117215,0.1257746554093804,-0.0011137793170443425
linear,9,8,0.23931646435235124,0.6168702836148441,0.12328176932157173,0.12611948942261128,0.002039232621124635
linear,9,9,0.1981370882062442,0.6847006477493172,0.12702386972960084,0.13053376131186573,-0.001675090035617662
linear,9,10,0.17537994979902,0.6694840531408166,0.12705181762964154,0.1270160293095008,-0.0010062365035992116
linear,9,11,0.17522574565904622,0.7224116487467351,0.1190207542909775,0.12377743608667516,0.00025696779581873365
linear,9,12,0.15132257503726232,0.7425017764791846,0.11972865669134383,0.12523777885362505,-0.02130263211632458
linear,9,13,0.14465797820444024,0.5844534068678816,0.11481672848264377,0.12596923145465552,-0.019888833256360764
linear,9,14,0.12337094826571479,0.6475279953253145,0.1127827624247099,0.12385852830581522,-0.011965063020276527
linear,9,15,0.09162754031629244,0.6108560175712531,0.11825930334161967,0.12460870586025218,-0.018309463616848612
linear,9,16,0.09780377103474859,0.6024412887791792,0.11111279701581225,0.12234949896810576,-0.017053003263814995
linear,9,17,0.10729502709583603,0.6582524180101852,0.11702593588173234,0.12325335102893102,-0.009288074551538255
linear,9,18,0.10292728185676323,0.6772903624145935,0.11849695518612861,0.12422370482042121,-0.0038865667787225298
linear,9,19,0.16644190306801143,0.6807488099953237,0.12188924790792346,0.12798385886126198,-0.014244103279027816
linear,9,20,0.08810354111881766,0.6252623279782711,0.12333842768954734,0.12786259545052114,-0.019888335087064963
linear,9,21,0.079442173688077,0.6900922860174129,0.11924077709360668,0.12543383862357588,-0.015343243572715437
linear,10,1,0.8625005827181869,0.7724669521053632,0.11333988932310604,0.10727499941519152,0.1102689360847459
linear,10,2,0.575759819178659,0.7749788756482303,0.1270288426700669,0.1269790035711291,0.05164188773293669
linear,10,3,0.4525061059288823,1.1349184647736061,0.13385721654243146,0.1255066210210013,0.09320132518187166
linear,10,4,0.5497068683265723,1.1060480684352418,0.13518532320546608,0.12773484289646148,0.09900824803238113
linear,10,5,0.5033323024311084,0.9251620436863353,0.1260752811213024,0.12563521829045687,0.0647556958021596
linear,10,6,0.5958022824393877,0.863038892733554,0.11448511249618605,0.11727325144941764,0.05027162689754429
linear,10,7,0.6197916815425353,0.9341502754386359,0.11898292218878244,0.12370898579417068,0.09282144824198137
linear,10,8,0.3855026039342943,1.0593144906742964,0.12583849287281434,0.12843088913553705,0.08422924050391885
linear,10,9,0.43469233206381447,1.398621137525576,0.11930939481341435,0.12395420923033575,0.014080405758189347
linear,10,10,0.32878911208827627,1.098621091428989,0.12901596239147087,0.12982433101860807,0.051192092973118025
linear,10,11,0.34837691259322345,1.0364475196557275,0.12092497908549073,0.12694803168609117,0.08105727253326525
linear,10,12,0.30287216374213927,0.8796318979002535,0.11927109759805414,0.12669169814422881,0.07776262452583373
linear,10,13,0.24039311849882655,0.8682478439994157,0.11877478770911694,0.1272413788130507,0.07014591611320307
linear,10,14,0.21207742152537754,0.9923251843390365,0.11983575723522032,0.12535716793499888,0.07560948604756655
linear,11,1,0.9481514430404382,0.8222520025433672,0.11812434775444368,0.11965412691545983,-0.022574610984884204
linear,11,2,0.9257053658609891,1.1746957066934556,0.10802518955121437,0.10804397001629695,-0.018512996619877715
linear,11,3,0.8757925956801739,1.537789442987802,0.103291975807709,0.10393381455602745,0.02327035790658556
linear,11,4,1.4075092812926169,3.7925414033463616,0.09846179184193413,0.09901198432780803,0.0018002175609581172
linear,11,5,1.1614431083675414,2.0977255470315868,0.09750552253711552,0.09767946563661098,-0.014273572746121014
linear,11,6,1.1532936687507327,2.094583414743344,0.09228336375187306,0.09267239988936732,0.006322589888198612
linear,12,1,0.927673406662449,0.8692834069331487,0.10371526264789281,0.09567688760580495,0.10472975289449096
linear,12,2,0.5882139450293922,0.647501656288902,0.1173463219529367,0.10749853725622718,0.10788364935045441
linear,12,3,0.499164540158023,0.5184335039928556,0.12973376201310505,0.1195811577878582,0.07757186515955254
linear,12,4,0.3237624161013786,0.7057502028221886,0.136487430621249,0.12682865239912644,0.062336312723346055
linear,12,5,0.2834405038692427,0.8398370910125474,0.13768804118347663,0.13297662849848468,0.04372013295845439
linear,12,6,0.2855266038197211,0.5946316758015503,0.12351549586552817,0.12115696954230468,0.020519455949154993
linear,12,7,0.27855021495951593,0.5476030273828656,0.12851330817757117,0.12405510319319243,0.038549690121241535
linear,12,8,0.1914366327232745,0.5862032465714341,0.11857526518118296,0.11686717350967228,0.012083988495335991
linear,12,9,0.19117005289294794,0.5550778298483541,0.11922480112019306,0.1148233554752854,0.0381642999399143
linear,12,10,0.15520139612800404,0.4917926655461391,0.12457498941609325,0.12042293300813374,0.031294154754141344
linear,12,11,0.24957493349026505,0.46707900097438443,0.11551871110374728,0.11367770505942948,0.04045178438876367
linear,12,12,0.16308198502889673,0.5236689305864275,0.12003891786541014,0.1146229551717018,0.054781540964419645
linear,12,13,0.10383799077415402,1.0106405478785745,0.12161432517459617,0.11909400616229202,0.031316070941102225
linear,12,14,0.11143104816714879,0.5886389988668573,0.1209564836230129,0.11675614515552298,0.018261637610460943
linear,12,15,0.20863679587406325,0.501643198216334,0.11936585026608858,0.11516520790755749,0.022234544737148098
linear,12,16,0.13380318853676956,0.6552525634596047,0.1250673174780483,0.11754819497582503,0.024250585037710454
linear,12,17,0.13706259507512547,0.5205146317835897,0.11686323642691908,0.11403989772164398,0.0354965711691572
linear,12,18,0.07461352453447395,0.5477020950599883,0.1203551392944064,0.11493049672571942,0.04792654076130323
linear,12,19,0.06777873114102505,0.7269617840705905,0.11544583002105355,0.10860460563950862,0.04577536947714786
linear,13,1,0.93033626238032,0.8803805977106094,0.11182817900795877,0.09951677830152524,0.11308899419382215
linear,13,2,0.6539515276986455,0.6766444931427638,0.12335868659623278,0.11348407373588998,0.11615909281135828
linear,13,3,0.419397422119916,0.5630337983214607,0.13299478029318076,0.12149720802359903,0.06793383625335991
linear,13,4,0.7506359345538335,0.4780023002997041,0.12464050703420071,0.1213981887868916,0.038738126610405745
linear,13,5,0.4442586971563287,0.5726614612465103,0.13273831857853413,0.12639648215069124,0.03766383668019747
linear,13,6,0.42061178747468464,0.4611482007584224,0.13944800555861245,0.12858402380758585,0.025522859037543335
linear,13,7,0.3739285380233057,0.48692063317575957,0.13937051281488191,0.13503588414750994,0.017968085726412633
linear,13,8,0.39687407042993794,0.5642219421143333,0.12658480973138164,0.12158232035095959,0.028280109508583944
linear,13,9,0.39213046253222733,0.6528350410672525,0.1271601202315651,0.12490760428675761,0.013018149482862403
linear,13,10,0.3266018452118188,0.56787708766448,0.11553132689247529,0.1218122588043722,0.007412417232990265
linear,13,11,0.32605181327496197,0.4999884563498199,0.13215903748447697,0.13284337493144752,-0.02286547286833714
linear,13,12,0.287598316872073,0.8250960803202664,0.13030522737341624,0.13146170048664013,-0.0025528044264016597
linear,13,13,0.2601849040596761,0.49580082658988733,0.12653511721485605,0.12950711344989638,-0.03627708694354321
linear,13,14,0.1891414006614858,0.6737741265756388,0.13409765587033082,0.13573383949697018,-0.030771258665481582
linear,14,1,1.0679997924774411,1.0313841452201207,0.11470107331115287,0.09594647246412932,0.11279930311332767
linear,14,2,0.7038110005521466,0.6630671128630639,0.12540605382746434,0.11924420911430691,0.08379240843545024
linear,14,3,0.5114289896141383,0.8085619225477179,0.1361913193599321,0.13274892296273416,0.08970975658933943
linear,14,4,0.386547634051004,0.7249742921752235,0.13601844171450164,0.13470949755671124,0.08847597358641603
linear,14,5,0.44895893073015264,0.7696703649678966,0.12911883569710578,0.12742635597436067,0.08609008758309453
linear,14,6,0.36188001431929434,0.7220115777881195,0.12373792369301857,0.1224196941505094,0.0902419341757195
linear,14,7,0.38283185953066945,0.7330918352119624,0.12502393542866533,0.12389731909497641,0.0669132725102827
linear,14,8,0.3023081462926048,1.0097158127076302,0.11707644634880125,0.1187309135721686,0.04423894333497932
linear,14,9,0.2699591350075415,0.8948433893267065,0.1168106135679409,0.11850679229246452,0.0282931504092024
linear,14,10,0.3237523574752563,0.9111205123054484,0.11964699060966572,0.12120105823269114,0.013639853817100327
linear,14,11,0.25881777290897295,0.7152725822757929,0.11551400446721043,0.11777859521874537,0.005561979699026173
linear,14,12,0.3058015707874657,0.7393587607579927,0.10918300092841188,0.11139255226007663,0.04811720354021721
linear,14,13,0.2813292500896851,0.7207299876647691,0.10998072259438535,0.11651629166153725,0.028437818039674313
linear,14,14,0.2554555378125178,0.7601942947444816,0.11633875805418939,0.12269827974184105,0.039100188319571315
linear,14,15,0.21434585840498108,0.795494079651932,0.11932493445153038,0.12549785332618438,0.026002695707453918
linear,14,16,0.20859309795225042,0.7617990029975772,0.11209491598419845,0.11606638399340834,0.02261064574122429
linear,14,17,0.2072787397912526,0.8862625915401926,0.11114969794871285,0.12176461255245764,-0.027157496792885163
linear,14,18,0.15193194693272252,0.8925444138236344,0.11046516244920591,0.12241357616658206,0.017858421810281775
linear,14,19,0.11555475635661482,0.8048357070578883,0.10693257688593197,0.11839027896276093,0.028699162202732015
linear,15,1,1.313974670237965,1.2621720065673192,0.11753633317518203,0.10494573653365175,0.11372050354257227
linear,15,2,1.004081918517985,0.9999404286344846,0.1284396364586428,0.12216376832414728,0.12243089108572652
linear,15,3,0.6405087752703814,0.871313792009217,0.12913676301638286,0.12309415395526836,0.09452104237570894
linear,15,4,0.647805901776467,0.9026971089964112,0.14161249900159115,0.13474549751263112,0.1015544695003579
linear,15,5,0.5987070830583218,0.8914150327754518,0.14111137866614928,0.13836160441472506,0.0856850956013659
linear,15,6,0.5102008576255425,1.0545722933951764,0.14092685437232527,0.13923412321601064,0.08093728929428229
linear,15,7,0.528510020470426,1.3187987035613333,0.13359363907948135,0.13140695810628433,0.08023781299125403
linear,15,8,0.7446072080307954,1.3109675789639974,0.13649452595661085,0.1333236352695773,0.06860885308124125
linear,15,9,0.43554327663427794,1.4042495727733089,0.13775363517925143,0.1355065539634476,0.07896029145437448
linear,15,10,0.45091368145811084,1.2162745782484612,0.1434933715826446,0.1414376266746937,0.08726035297537843
linear,15,11,0.4507748200621069,1.2374864589655772,0.14120351541011283,0.13928724071010948,0.06754715830514518
linear,15,12,0.4589561075387922,0.9676848190681387,0.1383665697959562,0.13631168749804298,0.07462297134722272
linear,15,13,0.42175958471310127,1.2115757998117866,0.13052393934534243,0.12904476265927467,0.04144525948698477
linear,15,14,0.4060367550811775,1.169423951084415,0.1370153897209093,0.13319641162718956,0.08700417655830582
linear,15,15,0.3175026169582712,1.2011870295042173,0.12463207346348402,0.12222998609261898,0.070958203158807
linear,15,16,0.33776382773990804,1.1788115995470434,0.13899313240932923,0.13620026443774502,0.051050196380432074
linear,15,17,0.34518699345465265,1.1994066391101417,0.13640074903378263,0.13352875058383992,0.06235317345708609
linear,15,18,0.2713489415923414,1.1795539025062074,0.1302344060735777,0.12708087592181982,0.0838097749518056
linear,15,19,0.28580819583603156,1.1126424938614945,0.13774574242221813,0.13593584553649027,0.07543031826304893
linear,15,20,0.31719296539386194,1.1849592056852998,0.13754859167772035,0.13521648947304735,0.06774430408519644
linear,16,1,1.0741595242704665,0.9964826380213102,0.12478184258798138,0.11756367969016233,0.11243033407393645
linear,16,2,0.6719462148963459,0.8844462936744094,0.1254183781798929,0.12738050563105693,0.07619403532298748
linear,16,3,0.6941785370295365,1.1485326522029937,0.1379912568993556,0.14038245817064307,0.07215904382464941
linear,16,4,1.032497011027151,0.9223853053990752,0.12663917182168613,0.12946932444441092,0.06021049953318046
linear,16,5,0.7293095815536891,0.995450624714916,0.11415523421019316,0.12834490097205464,0.05725655547576025
linear,16,6,0.6708969588969864,1.0075388153937335,0.12549039056757466,0.13661751723848284,0.08417524569570863
linear,16,7,0.5261619287350822,1.0234792266739532,0.10659041053731926,0.12309270084757978,0.06497413108979042
linear,16,8,0.7568705925931436,1.1250981640575144,0.11424971295831104,0.12734265086473898,0.04870294865880472
linear,16,9,0.5217248558903289,1.0106077382806689,0.11006813533313106,0.1273862541206957,0.049256059393519534
linear,16,10,0.5475637780646283,2.0235924126953857,0.12500176367660362,0.1387718412743804,0.09062234159791842
linear,16,11,0.48688841302022673,1.42343743853271,0.12139345783507452,0.12999849925690796,0.06951594243291766
linear,16,12,0.45385976311673215,1.415089970700016,0.12134432919168224,0.1212823042102779,-0.056338265352193655
linear,16,13,0.36532643421999217,1.18650706280993,0.11534194555933937,0.12602343144826592,0.05828152443476332
linear,16,14,0.45468836465720197,1.2354842888268953,0.11385312409305091,0.12349216013681144,0.06149056477103538
linear,17,1,1.0107232830117618,0.9454156801104545,0.12017150471510832,0.11213261357042939,0.11544170508471628
linear,17,2,0.6525389203535659,1.0337795610850056,0.13483017879383016,0.1292168034473434,0.06688319050784533
linear,17,3,0.5605875339254179,0.9431206563487649,0.13513981131836772,0.13373148403091667,0.06579184983953988
linear,17,4,0.5558904487979672,0.8739795799056689,0.11356037171402325,0.11725106863693023,0.03894868693993582
linear,17,5,0.6410602286868241,0.8938235848559998,0.12001869306404842,0.12573479250228653,0.03719123366948528
linear,17,6,0.4527373129579549,1.237535572486619,0.11386535550118423,0.12062437455169857,0.08704727774408336
linear,17,7,0.3832851513732402,1.0520124855907247,0.12551474596063297,0.12373573379591107,0.11223195636024078
linear,17,8,0.38850789749365444,1.2767382125991087,0.11204900076069559,0.12639535816852004,0.02319732997372436
linear,17,9,0.37030146572809797,1.275268507260868,0.11774400350016852,0.12824676459810386,0.0737502920635355
linear,17,10,0.34371623586972305,1.0228380844928324,0.11877600482645599,0.13072594961461922,0.08458296280587092
linear,17,11,0.36514355596337406,0.8728041325230151,0.10589809961190137,0.11641255561068344,0.06008935348557619
linear,17,12,0.26482365526525037,0.8999553912959527,0.11600967742463884,0.12033188975571345,0.08690404664569845
linear,17,13,0.3479708222813705,0.8005209655500949,0.11737221010844223,0.11995631654281169,0.08784100819611922
linear,17,14,0.3496252514821893,1.2813965639409919,0.1160919792096441,0.12250270746493092,0.06970105958947291
linear,17,15,0.3752659590753619,1.1345033200380081,0.10296416274892788,0.1209661010390846,0.03955781572343161
linear,17,16,0.30034983439356205,0.9514047098035614,0.06511505106464029,0.11094640429752568,-0.007420152267635179
linear,17,17,0.2959604014411323,0.9689765468550225,0.08626355786497394,0.1154835952950331,-0.0073026448061379295
linear,17,18,0.23332883995559198,1.2075920899243404,0.08877657906462749,0.12104387917788699,-0.0746593747093963
linear,17,19,0.22821809441117535,0.8588790549275775,0.09257938442751765,0.11689887365015844,-0.004095176484164161
linear,17,20,0.17080123039335057,0.9257443897426129,0.1007374287272493,0.11747138516123717,0.006752472865143014
linear,17,21,0.21631718745623993,0.9378907016478479,0.08129061621924241,0.11326744221150875,-0.022724277436888467
linear,18,1,0.8136449071859556,0.8667829810020824,0.11702995732193813,0.12745003352174536,0.028430607325086992
linear,18,2,0.6603828483110568,1.454120232257992,0.12031504331971518,0.12636693301950194,0.014837456090026535
linear,18,3,0.6087825532168276,1.27324610510841,0.11171250287443399,0.11530227031713973,0.069958565182363
linear,18,4,0.708286106088203,0.8649864152073861,0.10240358468921235,0.09932765623088927,0.09201196475769394
linear,18,5,0.69427578233552,0.8550840945565141,0.1121314570074901,0.11219827211461961,-0.043833897239528595
linear,18,6,0.9232045308236838,0.6819652876453498,0.10314283814902107,0.10318099204450845,0.04252839200053131
linear,19,1,1.1125735896565612,1.0526013722022374,0.11707733669318258,0.08885760497754897,0.11498982273818305
linear,19,2,0.6886894863157992,0.8865654604509473,0.11835363040057321,0.11042011029785499,0.10164733143052823
linear,19,3,0.5307046385326734,1.316784572166701,0.13445540067429343,0.12640825984999537,0.07551571311584364
linear,19,4,0.6312047667193433,0.8621612470674639,0.12800478432327508,0.12942508679116144,0.053819563833530995
linear,19,5,0.49234608201229657,0.7710838912675778,0.12038128044999515,0.12211227382067591,0.08167162190463083
linear,19,6,0.539511527818254,0.7448077527806163,0.12509361621996504,0.12592105319102606,0.051032613528271514
linear,19,7,0.42967171190823483,0.7780794313177466,0.1221554124300989,0.1264845446809583,0.08371876805710296
linear,19,8,0.3460815521229672,0.8718707139681404,0.12664394142921082,0.12698102950428922,0.09796579275280237
linear,19,9,0.25696759738419794,0.7693252118343177,0.12917162162387588,0.13165533368786175,0.07496492586409052
linear,19,10,0.24678771370502414,0.8351251955764989,0.12622466617261427,0.1284073786965261,0.07719031097367406
linear,19,11,0.2979540310851816,0.8047714186521868,0.12962907510809601,0.1308547639947695,0.0734702586196363
linear,19,12,0.2728027040324782,0.8392057902412489,0.1201323542627506,0.12537562020588666,0.060797427177749344
linear,19,13,0.16616018767892513,0.825889856989185,0.12531440070985506,0.12971827358317872,0.037506317102815954
linear,19,14,0.14316998665751834,0.753887452185154,0.1255679936381057,0.12815829712781124,0.03802534127462422
linear,20,1,0.956682647046234,0.8465174220191936,0.12448064554482699,0.12092438766655202,0.09640598697587847
linear,20,2,0.8942127636280872,0.7404110084132601,0.13386984353807443,0.12988385574596276,0.06213019430094088
linear,20,3,0.6162318868443276,0.8662508875209217,0.1254201104127181,0.1359983078475731,0.07163083689132084
linear,20,4,0.6596436170850268,1.2487787566089537,0.11465151393786073,0.12254861671341738,0.08927727686241269
linear,20,5,0.5129596831587454,1.3542214433681996,0.1276455314286674,0.12630477054820707,0.09122708725432555
linear,20,6,0.6781529621283491,1.6020134305465035,0.12830890705808998,0.1280532521312125,-0.08028787771860758
linear,20,7,0.4583085619094726,1.2876215197204146,0.12792512383311988,0.13105110909091308,0.10170078194350936
linear,20,8,0.5309366434064956,1.0913823689877367,0.13379414942270765,0.13209113144160559,0.08153012614541998
linear,20,9,0.5051390803585362,1.322774425940588,0.127706538940159,0.13320079144323244,0.07877188135947412
linear,20,10,0.4164722469209837,0.9131386267166818,0.12845146967253337,0.13007573616535714,0.0819359967126123
linear,20,11,0.3915055572612064,1.216544605321057,0.11527817911701277,0.11903633624703312,0.07299614336613255
linear,20,12,0.4168453444553528,1.0082708484097869,0.11394956732789675,0.11959445549873635,-0.04037419311547031
linear,20,13,0.33523455054690865,1.1992122945482455,0.11726840124077474,0.12250803561958795,0.019267269705596845
linear,20,14,0.3724815366417066,1.1599780349817592,0.12005271617866432,0.12833400752861052,0.05955076996057566
linear,20,15,0.3758833351774748,0.8515842170570977,0.12164649255185699,0.12533085088361987,0.06891704142423502
linear,20,16,0.385654887646192,0.654515141423326,0.11794336575549096,0.1205352817894891,0.07259003384436559
linear,20,17,0.29428571450094637,0.7049497862656912,0.12639751593427112,0.1271681875262099,0.08027358313750786
linear,20,18,0.20557842452607084,0.5769836369649662,0.11238532869028858,0.12012466430120791,0.06039270098747996
linear,20,19,0.2550690552899531,0.6757876223800849,0.12244016942180072,0.12765198507307407,0.07432078546456372
linear,20,20,0.24325586997114232,0.8008753883652389,0.12337748633775239,0.12903510805141802,0.07228056254971307
linear,20,21,0.20549539777615908,0.8453212513627174,0.11593575127772056,0.12281436306269218,0.08730232432717458
linear,20,22,0.2631364946113868,1.1477712903163289,0.11746466053494563,0.12342899172217585,0.07723607533262111
linear,20,23,0.22143579918055264,0.9890957928286904,0.11653574749361724,0.1246448321423183,0.07380027564746948
linear,20,24,0.2055788028477735,0.8569981332228054,0.1161309826837775,0.12558870346013767,0.0738472910966569
linear,20,25,0.16271740460901388,0.9197589294315549,0.12230594395126294,0.1300439328653738,0.07422466309283966
linear,20,26,0.16789348780690083,0.8476986657478847,0.11753481545795998,0.123669667314122,0.08208690903071934
linear,21,1,1.015391397984728,0.9799861555298169,0.10295385714077081,0.0846496593701886,0.10698750295947927
linear,21,2,0.6320338302129318,0.7713433740954012,0.12391976024803929,0.10886586011620239,0.11894487392661783
linear,21,3,0.5151000808118769,0.6872887793094075,0.12334701512396956,0.11431187833659351,0.10855147807548443
linear,21,4,0.407280043863307,0.6782446194440126,0.1222828270518221,0.11847984975708338,0.08016408764378866
linear,21,5,0.52289670250944,0.6618901366678377,0.1287226299008277,0.12905637638565773,0.04476696437539734
linear,21,6,0.41625987800482167,0.8344395164400339,0.11943908722605556,0.12247695115656825,0.021453471884524334
linear,21,7,0.5288664726029975,0.9332027168634037,0.12315949951686586,0.12726285958585018,0.030332791118841365
linear,21,8,0.25320004869689233,0.7160639729350805,0.10387777916621417,0.12098458407757183,0.015147613139318613
linear,21,9,0.3120751241901258,0.9966812616718622,0.1110557998685787,0.12356521433854747,-0.014178299925212438
linear,21,10,0.19479669492411342,0.8499004024779424,0.1152727981840144,0.12646902509926197,0.033934722864069046
linear,21,11,0.20647399339589081,0.8578733269746105,0.12044627275317907,0.12988257319666446,0.04477083045640029
linear,21,12,0.1746505136114946,0.8355133613101012,0.12258279249848177,0.12974718397211593,0.06105736470538735
linear,21,13,0.16367307858831015,0.9808066628446492,0.12440444884899383,0.13062806391196016,0.05391913158237003
linear,21,14,0.1541589446908816,0.8817323878640309,0.11223504405934363,0.1261069418474411,0.007288842120518287
linear,21,15,0.10022174927008376,0.8170971052876363,0.1178919239823396,0.12709054490648367,0.04711990481737303
linear,21,16,0.10130478864379083,0.8411471577050785,0.11394212500502666,0.1288113973181074,0.04427383725511997
linear,22,1,1.0863456843746087,1.0881780381004016,0.11953959022260581,0.09703481031901902,0.11470304431083302
linear,22,2,0.6837200780328925,0.8114075782398383,0.12013764831935987,0.1090177711545645,0.10483160787504554
linear,22,3,0.6564112222727595,0.7466220241971314,0.11588302494443875,0.11664300460057954,0.05422996616853197
linear,22,4,0.5625929925128788,0.9677897932628791,0.1330866042073467,0.13209964444007102,0.07701420773907254
linear,22,5,0.46429608696618946,0.820988487972257,0.1232232536189258,0.12755709066210935,0.07482328446349129
linear,22,6,0.4124081769988975,0.9081876970206698,0.1263790996405684,0.1310792537406087,0.08334670123003889
linear,22,7,0.47530016212447895,0.9144910947652534,0.12695291778848816,0.13113392209706945,0.08390701153160383
linear,22,8,0.4066624835967169,1.011795113759581,0.11741271196903351,0.12366770334580603,0.07444094594199366
linear,22,9,0.3601592922919764,0.6774796397735675,0.11619419934383284,0.13119931608283272,-0.0031669403981747263
linear,22,10,0.3582874633818089,0.8907380153735479,0.11551883593201637,0.12740574959898368,0.006503838475327939
linear,22,11,0.28200772968195076,0.894096854251499,0.11273805329110473,0.12759768998851845,0.030063514578553927
linear,22,12,0.2680872334414513,1.0483296133588738,0.11389519343307862,0.1261859724938404,0.028040305041940883
linear,22,13,0.21735189777482736,0.8693434425241624,0.1034775705775246,0.12330588893964886,-0.006629184633493423
linear,22,14,0.19711910387491477,1.2795308582756357,0.12360315716747815,0.13244440854565862,-0.010840273886060459
linear,22,15,0.2373064580644409,1.2956804405276974,0.11768140278679008,0.12974610502909248,0.0465012837065539
linear,22,16,0.14193231513179075,1.0643507526877025,0.12328428866652151,0.13305701596643,0.03145237101610595
linear,22,17,0.16103626270070515,1.2484174968577766,0.12312755649424313,0.12554557926487178,0.03874422390593584
linear,23,1,0.9156412658473801,0.808151854077975,0.11205378634670828,0.10506028906675055,0.10760161930617566
linear,23,2,0.5240619364711974,0.771109229978174,0.10746924618336683,0.10844536269141827,0.07893720185384154
linear,23,3,0.49873471595550195,0.7876526959938929,0.1298909350608786,0.12831088226133336,0.09881116449832916
linear,23,4,0.5199036521413031,0.7481352858555813,0.13004803935667344,0.12983027699713906,0.10535378149361349
linear,23,5,0.7554449414982671,0.9219716175459325,0.12895066851439577,0.12222837685646179,0.10001637721434235
linear,23,6,0.6019772934176881,1.4161468872713159,0.1261963569035288,0.1273894045307922,0.10062138638071096
linear,23,7,0.5192374218190888,0.6169532240290816,0.11756365074155231,0.12208647485240362,0.0980525508755818
linear,23,8,0.4380696430711223,0.9148964659965714,0.11706962999887764,0.12446819172085573,0.09362743225986682
linear,23,9,0.38594835722078785,1.0487755965664596,0.12278842822027704,0.12969996338554968,0.08847243743948638
linear,23,10,0.31997463977099944,0.7356686734630784,0.12094228590237131,0.12985231041869458,0.06418614992968893
linear,23,11,0.317689269663528,0.8449786428187508,0.13005579575838055,0.14153176924834648,0.07930245246582975
linear,23,12,0.23762542728925545,0.812606356368633,0.11131704052289328,0.11778054586611689,0.08154770938272123
linear,23,13,0.32278402068283274,1.0313589831588614,0.12362136899804076,0.12308417731740823,-0.024102562964738658
linear,23,14,0.2652610902910452,0.9682939375479085,0.12925344929875185,0.12871870530458787,0.09615178826885919
linear,23,15,0.2126550179179994,0.9330215838815396,0.1259175663096054,0.1262876889978846,0.09983502135146409
linear,24,1,0.961057304981209,0.8715075440704823,0.12014331826358102,0.11739798947625484,0.11394644326064736
linear,24,2,0.6226460670910051,0.7610502170864493,0.13048969369459276,0.13215711441256037,0.07972073482039074
linear,24,3,0.5215199331929427,0.9407881424917529,0.12001374681325008,0.12244577683353176,-0.017144694435410203
linear,24,4,0.5335334896552388,1.0868211375083774,0.11265070506681998,0.11735926622447247,0.07021546285250224
linear,24,5,0.4540710589638957,1.3010741874575615,0.12560304670284192,0.12711223864462226,0.08962336806968475
linear,24,6,0.7272720730328556,1.2129892112396192,0.11831155219891419,0.12081123151195546,0.06385619613380793
linear,24,7,0.44914407251238275,1.330586080889528,0.12448895837490757,0.12452373655881578,0.09504906242946162
linear,24,8,0.5379730450726966,1.2879190187280376,0.11316027007997036,0.12833366362319792,0.003871225253290807
linear,24,9,0.3998603416482746,1.3908159220552383,0.12298224075736168,0.12720528395536046,0.09465893571420263
linear,24,10,0.4764160361948944,1.3913045953105514,0.11754610531497747,0.12203036469436483,0.08518685329084595
linear,24,11,0.3286567891356739,1.0860610410949447,0.1095695700632253,0.12153884741516473,0.0690128138056025
linear,24,12,0.3992910028789619,1.284449150324023,0.11782144414707242,0.12106775647650163,0.06998136788271457
linear,24,13,0.2996386104655574,0.9463880886760307,0.12018785516168767,0.12557761840289458,0.07541442783937478
linear,24,14,0.34953169084250446,1.229999056396385,0.10186089289685091,0.11789117344499876,0.03658807939888599
linear,24,15,0.2855875929933049,1.2631399173904962,0.12333144632672581,0.12759639841193954,0.04977405709638939
linear,24,16,0.2540337185116028,1.139780782739399,0.11721779015497305,0.12087499663660613,0.05942174246926394
linear,24,17,0.3211729959998809,1.5323066279893587,0.10972424707918739,0.11862436019970725,0.051430787103405845
linear,24,18,0.24500334224161172,1.7582289231242612,0.11060970024749016,0.12263120683298136,0.06088847356149927
linear,24,19,0.2528374700545401,1.3342644360782288,0.12198230744106695,0.12874433458394682,0.07484802436859657
linear,24,20,0.24689861601028598,1.2267423957566885,0.10396039001449632,0.11891145049206292,0.0572554270067485
linear,24,21,0.22178501288660285,1.2634021753290048,0.10872386008268223,0.1255271994761036,0.048400942071263366
linear,25,1,0.6552243845552088,0.6598599101882427,0.12918547389029603,0.12240461770367499,0.1076608025158445
linear,25,2,0.8176998631713234,0.7756843916450937,0.13061596075228105,0.12883332062435027,0.105610683640892
linear,25,3,0.6508038628514715,1.2845352595943647,0.12628338466165587,0.12665258273482322,0.09462663302159248
linear,25,4,0.5387492097656904,0.954759610700421,0.11343544006037215,0.1158922971788949,0.08145657248569478
linear,25,5,0.6393847811315128,0.9375824060873128,0.11297227041019747,0.11258348108652474,0.08476404864344052
linear,25,6,0.9775721315196452,0.8316724114131223,0.11321188318931187,0.11679251234357556,0.08246153068030253
linear,25,7,0.6733406605779901,0.789082497664155,0.10045287092604364,0.1029962160740979,0.0801560658122374
linear,25,8,0.6127781341666478,0.7350627355355148,0.11437922202264114,0.11836866016189257,0.08418734879232943
linear,25,9,0.47681828040052976,0.6763589572500981,0.11092473743483425,0.1124183444713708,0.08976614220494715
linear,25,10,0.42415563249189636,0.9009763390000444,0.10897274073407365,0.11062588884184758,-0.0013257460319437086
linear,25,11,0.4833438811093936,0.8398597961581497,0.11648125188463988,0.11634856250214701,0.04444544956786558
linear,25,12,0.5470403112029176,0.8043678079188491,0.12054708423869064,0.12497738577076234,-0.060048202436883004
linear,25,13,0.5788341621842442,0.6746005905714507,0.11531783360599851,0.11831981538089167,-0.07935103266111886
linear,25,14,0.3869512316706956,0.6809926623439727,0.114377478013436,0.11373197436720754,0.009153671107295243
linear,25,15,0.37694186933564444,0.6306455449218143,0.11396737359464168,0.11383886706704895,0.06502223759307527
linear,25,16,0.4243661798705828,0.997085732918155,0.11647651776438579,0.1170950321344814,-0.040431022950603315
linear,25,17,0.42351895223655917,0.6654431769818377,0.11024959352992786,0.11264629497503241,-0.08080986100248992
linear,25,18,0.27579039984361375,0.6696475205472476,0.10098763914623608,0.10623354152000199,-0.08637704626501848
linear,25,19,0.39237332160070626,0.5319027392756349,0.10844585939776152,0.1094758136353145,-0.0594115392123058
linear,25,20,0.33514753495598726,0.7102048199585018,0.10924493656105673,0.11296496135182679,-0.08041989360547935
linear,25,21,0.2906711401830098,0.6346449603959627,0.11350827441783622,0.11352790188975632,-0.07596490277598301
linear,25,22,0.30908980720864965,0.5575329037137029,0.10325303483599176,0.10299570409115404,0.04815631980697314
linear,25,23,0.3365200910942576,0.6696859538761297,0.09567343310142556,0.10066602045359711,-0.05359307935965869
linear,25,24,0.27800307179087874,0.6035543328771988,0.1171454508168002,0.1179650319662566,-0.08300142149479749
linear,25,25,0.2703824605644816,0.6062896648819636,0.07430983291318019,0.09908616899823149,-0.07447098798390167
linear,25,26,0.23756193917280316,0.5341286165542746,0.08890663720279311,0.11174010193596283,-0.08270480345624188
linear,25,27,0.22914145219584273,0.5923339105661152,0.09662400197703391,0.11395536182293048,-0.07027970001411935
linear,26,1,1.0158374697738697,1.0309697265426319,0.11664579355294033,0.10036425016005524,0.09900437177469333
linear,26,2,0.5820244438428845,0.8595131441485137,0.13125699198183913,0.12414506097751049,0.09118015740437689
linear,26,3,0.5590620255081578,0.710426316720744,0.1345458408507208,0.1348361698483738,0.05621805675618816
linear,26,4,0.6349526132837618,0.7814825283984344,0.12389056285222372,0.1388700992615971,0.024949782752353638
linear,26,5,0.6241564963287572,1.1209870475033918,0.09526151701963197,0.12118899550987408,-0.008697855150300408
linear,26,6,0.5049268634410553,0.7703219654552717,0.11312802780109148,0.1275715119903907,0.07232091621651003
linear,26,7,0.4512738827564005,0.9229619217997728,0.09982872613860914,0.12258314603762605,-0.02873131770757027
linear,26,8,0.48081271255894475,0.8524293235095683,0.10454399570492873,0.13024276829479883,0.018188488714804406
linear,26,9,0.353846602184358,0.7667133153280399,0.12288996485682825,0.13211710384639447,0.0776560202520462
linear,26,10,0.4155643028160927,0.890560758098339,0.10440872967398415,0.12689525934426152,0.04029763538079957
linear,26,11,0.5137271129577938,0.8045807251066435,0.10942166193077961,0.12909255819007134,0.027727485704235732
linear,26,12,0.304729289015923,0.9014296678108319,0.09947438599774613,0.12306655731420808,0.012090579830328352
linear,26,13,0.3382720449892134,1.0178340216982178,0.10189426246409615,0.1263554953960314,0.03695978219814909
linear,26,14,0.2954686332235262,0.8777551290229895,0.08683599420667937,0.12211972960891823,0.029456255916738883
linear,26,15,0.3552897754282654,0.7090936984245976,0.06411336947542925,0.11939043022381762,-0.0230014834436588
linear,26,16,0.30376590183426283,0.6005047228187322,0.09622044871406009,0.11751131741330027,0.022284222622207986
linear,26,17,0.38582539131693055,0.6403623223304749,0.10788210876004693,0.11933152159132684,0.03687001568808531
linear,26,18,0.30296462170580135,0.7261662302354428,0.09607030696546039,0.11929771268429855,-0.002391491628562411
linear,26,19,0.25403939105291057,0.5773091342338982,0.1071326212103789,0.12088910512781391,0.035360003169625995
linear,26,20,0.22516375299014654,0.5692473394408201,0.10460816287474396,0.11959011850412934,0.013558225244438896
linear,26,21,0.2309857888242169,0.5884448144953542,0.0965707644757155,0.12110163869801908,0.023550730582792313
linear,26,22,0.2789439121560362,0.5740889923666449,0.08179749282911265,0.11769292408547093,-0.0035031742649152876
linear,26,23,0.2243146789774434,0.6306541965246045,0.09113003867290294,0.11749942551056544,0.03166529325923572
linear,26,24,0.2262103131518141,0.5191337692784146,0.08212249675222362,0.11846859056386165,0.020430312546280523
linear,26,25,0.16766551990376827,0.5906296435947297,0.05209961677416383,0.11438351589846812,-0.005997218102371941
linear,26,26,0.2171956898070372,0.5115524048916995,0.0631068638448293,0.11652424434044709,-0.005636049715879683
linear,26,27,0.2084055909576602,0.5321104881198456,0.041063798734588396,0.11750424349641737,-0.008813251423998737
linear,26,28,0.153024471591957,0.5184223936065488,0.06997537308974036,0.11626857865291337,0.01411906760185957
linear,26,29,0.17344984613937992,0.5498364815866807,0.08206485730285445,0.11440616968320683,0.026599001575959846
linear,26,30,0.18169449807408541,0.5819634835080554,0.08001268436200917,0.11534189156567057,0.006988029698065171
linear,27,1,1.1425736297572415,1.1099887162446975,0.11528453529075099,0.0848241257520082,0.11604056606690089
linear,27,2,0.8037947695702314,0.8918944704035918,0.11769234460856144,0.10220333156175912,0.11339508537203073
linear,27,3,0.6386780034721135,0.8360591327150663,0.11165622075107724,0.11351357646465961,0.07732778137045292
linear,27,4,0.6350800472042349,0.7162824811103443,0.10927623341679767,0.11950607387625496,0.04261305150963987
linear,27,5,0.5187251704434553,0.8842991696670651,0.12224041904943685,0.12042956845083003,0.06071819160824058
linear,27,6,0.44135619196874487,0.8206594428513199,0.1262000630920132,0.1244855728931725,0.03441839660517872
linear,27,7,0.543796662847377,0.7052406444679946,0.12547092150198297,0.12549790975560124,0.018755908221161615
linear,27,8,0.29154155153221273,0.7962719812057912,0.12655268109780687,0.12447139149298891,0.03708323287622382
linear,27,9,0.23850038375784938,0.9663879458171626,0.13088495239887077,0.1261271520779701,0.05782761521986686
linear,27,10,0.3000173579881332,0.7827804827364162,0.11825230267519753,0.11886077441546755,0.04405679145129397
linear,27,11,0.2129715761744765,0.7705887104695042,0.12495211368659512,0.12302600307157263,0.037041714608979724
linear,27,12,0.23079571247332736,1.0061400464425485,0.1278370237230168,0.12571161713955614,0.04567027242543797
linear,27,13,0.28776026115577674,0.8317141662507007,0.12780332122929394,0.1258310070144944,0.0727392753974224
linear,27,14,0.1775905693808916,0.7218045748770237,0.1303589475185921,0.12732850855682046,0.029720329183813496
linear,27,15,0.12608135611997798,0.7446342740655685,0.12895979402431598,0.1250309542020356,0.04277682874817401
linear,28,1,0.8134871118384163,1.5602928824722766,0.12948846707586198,0.1320444570214022,0.043323339770237605
linear,28,2,0.8744700921656442,0.7594834650866688,0.10811896627613654,0.11455441252328455,0.08490678282056857
linear,28,3,1.012561381798208,2.174531853074829,0.11326524802134372,0.1144849874622499,0.06059563878613214
linear,28,4,0.876928520866025,1.0164146938167202,0.10864263367063055,0.11386915304271193,0.0731074886318917
linear,28,5,0.7572590929000383,1.0571511313940087,0.10901442765801524,0.1140619710854177,0.066143731456638
linear,28,6,0.7478818238390064,0.7573892197804526,0.10924906330959251,0.11329264149923499,0.07410403251415118
linear,28,7,0.6584885950136278,1.4080106053190926,0.10917298662631462,0.11602689998399,0.06705636033342065
linear,28,8,0.4451470325343363,1.368216171891739,0.10624408319514865,0.11046435808918129,0.06951763948939818
linear,28,9,0.48559805725282845,0.8581953341005525,0.10838469774462282,0.1115533770682911,0.06380810669312874
linear,28,10,0.6357655344573228,1.5529487783574345,0.10291985337195607,0.10691846245899797,0.06260170383999746
linear,28,11,0.4150170938128934,1.0281975679699826,0.11324638368678279,0.11758710783130179,0.06035847835203943
linear,28,12,0.3717893703293186,0.749096778795744,0.1140081722784089,0.11849868540496876,0.060818987696742016
linear,28,13,0.45981812601628136,0.6812712383791222,0.11058863472038259,0.11674269536354889,0.06338280542986467
linear,28,14,0.40979766847869714,1.2721652225736761,0.1103641285400954,0.11357391248457134,0.08003567884443327
linear,28,15,0.4654053308956871,0.7451718726486434,0.10718121029203757,0.11104149473443006,0.07756285659076335
linear,28,16,0.4138490596374934,1.1145701221073978,0.10633262245294949,0.10936035840422846,0.07791115359092753
linear,28,17,0.3190799521596221,1.2644367106346182,0.10693655186332762,0.10924254727627461,0.07549687392699221
linear,28,18,0.3605272793370565,1.8349213752468738,0.10094040264424015,0.10091552827507258,0.0727701072813943
linear,28,19,0.2686649492456964,1.415062348766272,0.1089135599982304,0.11100967954068135,0.07711926481376091
linear,28,20,0.2616605016286889,1.3228902794255797,0.1110135832199982,0.11096392655357097,0.0783946201011228
linear,28,21,0.2372168783324144,1.1538649820101758,0.11381545190815814,0.11568195795941089,0.07897124778634558
linear,29,1,0.8724528419238234,0.7842419128865004,0.12766950151417406,0.11773461608875853,0.12152961725369096
linear,29,2,0.5792164155799482,0.9142668524136146,0.13121071831167985,0.13370044158558206,0.093160688484204
linear,29,3,0.5621305472431852,0.9884895131612818,0.13221700788708404,0.13985517680412157,0.07845833024087673
linear,29,4,0.6067088996638227,0.747282265976537,0.12641005571931602,0.13031212487258018,0.07967661556322128
linear,29,5,0.4893805223757573,0.7994138720212505,0.12235297873460999,0.12616407101353008,0.06059584626324674
linear,29,6,0.5013923242906226,0.7899894708224262,0.1174792804478784,0.1224807165757132,0.08548060498045136
linear,29,7,0.6073800900759297,0.614944098641475,0.10901085813141738,0.12153632112313062,0.00701483244802148
linear,29,8,0.5521119179041033,0.7421106404928044,0.1249983295526666,0.1293512651832619,0.09610433601774275
linear,29,9,0.45386392976018086,0.7174715271481545,0.12947152248816565,0.1284085760746772,0.09301315607347836
linear,29,10,0.3564709858941829,0.6277739560386787,0.12926327233199117,0.12798350598022806,0.10098458472833348
linear,29,11,0.4294942717309794,0.6487629191949964,0.11726726395427249,0.11940358897360663,0.09139695040260752
linear,29,12,0.45482995388976544,0.8666647630976513,0.12166670753116099,0.12450564445462078,0.09261896693302939
linear,29,13,0.4230110320804579,0.5802982412123432,0.11916298203868791,0.1203760969840611,0.09745837197018166
linear,29,14,0.4391902472250097,0.5750208147180577,0.1238733789573113,0.12720862400407593,0.08871247015583018
linear,29,15,0.3425873445737832,0.5488791089815398,0.12476279696323521,0.12879283562215277,0.08096290392592588
linear,29,16,0.3631680049217851,0.5417094936827198,0.1110624357922158,0.11997471021992775,0.07581092612138794
linear,29,17,0.3091486281987327,0.48370217441115526,0.10941409350537773,0.11159665583012005,0.08058851608851304
linear,29,18,0.3704514263826284,0.5479056978602027,0.1201878338198488,0.12352658705979896,0.08982650024699979
linear,29,19,0.3443208065102717,0.744501040969044,0.10262201438114668,0.1223694350667453,0.05496221331607861
linear,29,20,0.29066837119968286,0.6196556622361338,0.10104424001547159,0.1227769353077747,0.06380719823452334
linear,29,21,0.2734354249129706,0.8407709725433961,0.10479112813870112,0.13191906609087406,0.07115165247329666
linear,29,22,0.25776835200354575,1.3141804712581993,0.11004553552484139,0.12542416606253634,0.07339004719688091
linear,29,23,0.25756741048248916,0.7478853801811056,0.1129588574268079,0.13400837951727831,0.07582502445050826
linear,29,24,0.23542099010706077,0.7169836582596569,0.11636409376515075,0.1279359030770138,0.08500626597863932
linear,29,25,0.1474880765326166,0.6982672341458965,0.10503833279556905,0.12599418060660053,0.0712976532105434
linear,30,1,0.8649350804321113,0.7567297777161002,0.13933014732319862,0.12189438831701409,0.11735841929912567
linear,30,2,0.6578276045657399,0.6816273340955377,0.1318506497996471,0.12195963077247143,0.1230705227824122
linear,30,3,0.7562259930906178,0.9862083496642299,0.13461686176403115,0.14620698833217224,0.033822392359919226
linear,30,4,0.617538098009441,0.7339266616618261,0.11919878222203503,0.12411695793271064,0.09914356969917813
linear,30,5,0.6915198043028045,1.00373215599296,0.11330377298872918,0.11622358326355121,0.08773710012901574
linear,30,6,0.6613627000347367,1.1442715603703013,0.1218355786074729,0.12379355547794452,0.08998731508230169
linear,30,7,0.5286656986099265,1.1373800223693251,0.12603632973283918,0.12543359437646964,0.09783723076495031
linear,30,8,0.49174065181298265,1.0964082405533797,0.1185854887822643,0.11993400600040331,0.06717476332560182
linear,30,9,0.4370192985221538,1.2030430547893047,0.12412906557389457,0.12581535794306548,0.08891771820296222
linear,30,10,0.5577808241674026,0.878274466216764,0.11496250243120205,0.1256427172726641,0.07044923812694227
linear,30,11,0.518075006085628,0.8063557709703066,0.11135001083215078,0.12128930557519198,0.0747634940315038
linear,30,12,0.3464415433141218,1.151283742505863,0.12270021001071048,0.125548630830599,0.07622149259404978
linear,30,13,0.4295122870507406,1.159190493831799,0.12273204302376446,0.1268864070744409,-0.0641964030393865
linear,30,14,0.5514731525419327,0.9623796518503999,0.1308382294490002,0.1400079238296409,0.08309752649317186
linear,30,15,0.42773463124502176,1.1296436860517134,0.12506509305288394,0.13443413778052976,0.08198249542426007
linear,30,16,0.2707964608983722,0.821021580065523,0.12223175511074563,0.1311097993282601,0.077660592928684
linear,30,17,0.3719778949767166,1.0529482131668677,0.1159467215805004,0.12949726201283435,0.07513813252250354
linear,30,18,0.3275627860672727,1.0303902975740735,0.11189884809039843,0.13186792305205017,0.0727486182450472
linear,30,19,0.23681137935544405,1.084443814920572,0.11284472498421867,0.13140271962232267,0.0753293587360531
linear,31,1,0.8030217206438205,0.7815567918121815,0.13425638938400272,0.12918772023928493,0.09454236504777024
linear,31,2,0.6992539375196285,1.3266831588669448,0.12312283619830851,0.12334589927146832,0.10639055711217224
linear,31,3,0.6598679839175136,1.2849962896667422,0.11546724542276934,0.11536834628786892,-0.030540805244042228
linear,31,4,0.9701532464770054,0.6216796280702207,0.12417699102976863,0.1256345564344277,0.07286405502818524
linear,31,5,1.2243806441098088,0.9193650448197634,0.11380791435270415,0.12052310002036393,0.06651449068837488
linear,31,6,0.8211910367786365,1.258758009811087,0.12133179215452401,0.12519892196481427,0.08586115576326847
linear,31,7,0.8484534615287148,1.4856042569594137,0.1167720327541853,0.11955711093420783,0.08279390043656652
linear,31,8,0.49745182536606347,1.4643056594009978,0.11952169619811077,0.12296895088317493,0.06619106674334034
linear,31,9,0.5644907843637152,1.8606718337716301,0.12392145716682232,0.1270065895320537,0.07809786081779749
linear,31,10,0.5962525525216646,1.6895418566768057,0.12576721170917154,0.12906307045389742,0.0725221933433204
linear,31,11,0.5364390147078377,1.352876097286935,0.11598784802481532,0.1206499927599604,0.06259844087180681
linear,31,12,0.5141018145276619,1.674394412816764,0.11297850391129031,0.11882275032500426,0.0825664470748355
linear,31,13,0.5026904489074862,1.5449799298131741,0.1117950756225279,0.11851882339493992,0.06574617077130825
linear,31,14,0.4636294050304723,1.6605555416468027,0.12042077516865296,0.12883920987757544,0.06278591656834275
linear,32,1,1.052150566071745,0.9533846060434977,0.11963509750785306,0.10631987996554623,0.10764443334968139
linear,32,2,0.6426692412101797,0.8457731608146181,0.12928026478014848,0.12492635118154188,0.10046957420612064
linear,32,3,0.6047987678191729,0.832791907650729,0.13259190742392093,0.1298282636445947,0.07217698195696963
linear,32,4,0.7267412721077331,0.9096065941887598,0.12134253503997267,0.12314928800333291,0.009832177565840539
linear,32,5,1.000487816657701,1.0465699686668812,0.12360256626464737,0.12474960631225258,0.05301441955768193
linear,32,6,1.0446808213835914,1.0595857013482601,0.1122882751825576,0.11519142111452917,0.01531667195473953
linear,32,7,1.6643165695314233,1.1502767387855177,0.12466078944659481,0.12469764956428359,0.08576052342541515
linear,32,8,0.6300473574608206,0.889736551597404,0.1238977288400444,0.12565670935825135,0.09589040523084501
linear,32,9,0.9623056363908247,1.3482088949220876,0.12289020087725172,0.12324210766334241,0.0824169378882895
linear,32,10,0.6272972520193203,1.3320848682759485,0.11887917371156315,0.12143667327666965,0.07255187764531001
linear,32,11,0.7014244073690937,1.1665150792648395,0.13129103085957466,0.13079576479891936,0.05209296026732772
linear,32,12,0.9990985320167792,1.4529237632329266,0.12588148736782992,0.1254431016393937,0.05733940595055174
linear,32,13,0.9056417041802556,1.3947852669516578,0.12148591468188291,0.12310959139528374,-0.03375448760731767
linear,32,14,0.8365496135697218,1.5481495737098157,0.11934822751257647,0.12206309347626908,-0.02514336766519894
linear,32,15,0.5887992469038831,1.712772907098497,0.12318041805798809,0.12498167743130277,-0.018527435415793055
linear,32,16,0.5064594206145601,1.5856176496046828,0.11142486821627244,0.12522737259957165,-0.07216203781329872
linear,33,1,1.121576589014795,1.0858998407920202,0.11523936345862845,0.09834303595125675,0.10852698048887154
linear,33,2,0.6802534803984657,0.9417957924927275,0.11283201267166684,0.10560939725643645,0.08673746592830867
linear,33,3,0.5513349153759283,0.8436097126454115,0.12178312471757333,0.11346461058128625,0.09496859191761663
linear,33,4,0.5420009002887777,0.7141612712293863,0.12413904359564185,0.1198986981374522,0.07946924758337749
linear,33,5,0.49247325197234565,1.1293201343466839,0.13783405540743843,0.13584089051000775,0.042261117027373986
linear,33,6,0.4671093622621681,0.8834962029320498,0.13980946241839168,0.13879154756044348,0.04298254480430235
linear,33,7,0.4945411557509076,0.8926335572885971,0.1459236304857768,0.14278628864946466,-0.020957896630473746
linear,33,8,0.4963147420584435,0.7532777864796419,0.13198091790545732,0.13473780094645918,-0.030672561760487344
linear,33,9,0.4442611026443335,0.8871755683173735,0.1353996688965708,0.13456541387228452,-0.08307841883555132
linear,33,10,0.32891467086093534,0.9212810322797547,0.13262714678761162,0.13619296043762005,-0.016750983979242542
linear,33,11,0.3957723698769105,1.296039606941243,0.13565421713283285,0.13778717597015203,-0.0642764286933622
linear,33,12,0.2661960888723288,1.128986061209192,0.1305383999676754,0.13752091104785602,-0.04337684647956242
linear,33,13,0.2765889499603959,1.248713322247689,0.13288413380505518,0.13796670225759347,0.014844812596372018
linear,33,14,0.2536443392119032,1.417619331801931,0.12783554318205764,0.12929686785015898,-0.07528179297805764
linear,33,15,0.45046838153581437,1.4861815351527183,0.13657599160602937,0.13815069336123997,-0.06533010946586729
linear,33,16,0.18803929671273745,0.8442297704207401,0.1298686777629579,0.1367250806846035,-0.0733182149483279
linear,34,1,1.0939058692209305,1.0254533998668194,0.11674709890115385,0.09548948419590791,0.11289270576119938
linear,34,2,0.6657487016008605,0.8325324592490991,0.11045349078097691,0.10203934346694345,0.09446170877781697
linear,34,3,0.5337499404429562,0.9830984633105496,0.1132455554252374,0.11714502196749284,0.06066443313393392
linear,34,4,0.49920029295026325,0.9058312468851606,0.11850583280514305,0.11791752680243614,0.03307373167675299
linear,34,5,0.5886968520233438,0.7851458456056813,0.1285095220276465,0.12749251093094546,0.03125312045255366
linear,34,6,0.6138123174434498,1.0680950406938792,0.13570487383403815,0.1351219720452112,0.05819039065002774
linear,34,7,0.4388257153988225,1.0681443984232222,0.12792884921461034,0.1276692509049705,0.04975833094783108
linear,34,8,0.5046628817459956,1.4778931071826567,0.12476538642464827,0.12615641561957697,0.052687822509324175
linear,34,9,0.4032515279670608,1.1863485209100568,0.11827950150667069,0.12587531051988965,-8.117817342281341e-05
linear,34,10,0.49808090396839233,1.3779596180887892,0.13171321081075196,0.13444106018481156,0.05771294448059052
linear,34,11,0.5639188782199256,1.0664415637108808,0.12480037726151447,0.12799167076591403,0.028861182359833037
linear,34,12,0.5225650552395867,1.290079515624287,0.12271412367214604,0.12633168012447035,0.06796955398264497
linear,34,13,0.3475925859063517,1.2599317794976135,0.12644696784894524,0.1316608901533982,0.01772098457052683
linear,34,14,0.40277796889463463,0.9200771838931057,0.13062048049566025,0.13437552501054598,0.03056166754492248
linear,34,15,0.6840840677111358,1.1616657860654718,0.12067349061835557,0.12546301812593205,0.03237126531894319
linear,34,16,0.47402174719755996,0.7480669866020132,0.11859508224297315,0.12039284880835718,0.015389860642608255
linear,34,17,0.3413098817048497,1.0528605649558207,0.11947084217196485,0.12239282892163222,0.016016257282656928
linear,34,18,0.3785870779353308,0.9394229146263873,0.12124775691578786,0.12125384428848823,0.05984567327347274
linear,34,19,0.4055587951471959,0.9797079381610577,0.12183600865925352,0.12321643217777213,0.03271512636759629
linear,34,20,0.2781062762810579,1.1479968234508608,0.12365992077005407,0.1251095403684303,0.057174600296032926
linear,34,21,0.27835092685295204,0.8522396675796092,0.11365321671279768,0.11361904676693181,0.06502873206433529
linear,34,22,0.2166121431629209,1.3156596467054138,0.11866443386146178,0.11996433155945851,0.031088935770094396
linear,34,23,0.21523247182080418,1.2091673539718613,0.12308170972585988,0.12075219061613704,0.06345109958395673
linear,34,24,0.21365382975594882,1.377703114094523,0.12066974094680821,0.12101849896328834,0.02684436064446345
linear,35,1,1.2334319949150085,1.1870406647523244,0.11824414305544148,0.09113191201662024,0.11863869520214697
linear,35,2,0.8162934382165236,0.9264358296990395,0.12309374064207076,0.1078217866170841,0.10738367320930896
linear,35,3,0.5843855993349164,0.8390629043181738,0.13141912957653404,0.12023336994752754,0.08009168059409906
linear,35,4,0.4830945134125946,0.8552202157055339,0.12735993906486934,0.12505925240305563,0.08033585254258166
linear,35,5,0.4732796725953767,0.9261783809711536,0.13915486292292675,0.12892923917194518,0.09534669986072307
linear,35,6,0.35547777763401556,0.862848104039828,0.13684330296625072,0.13186024367751087,0.05414604726441515
linear,35,7,0.5193698853106489,0.8595454465054596,0.13785513452409456,0.13516282093478366,0.08351246506014529
linear,35,8,0.403267781703829,0.9290538623929023,0.14028942537649225,0.13769326793650785,0.045584183263902865
linear,35,9,0.3197470876958317,0.7439935967015724,0.12917265098464364,0.13218775629842033,0.020401023147375477
linear,35,10,0.2687023998938486,0.9569281954628726,0.1392454465298215,0.13912962958274874,0.04515202279047419
linear,35,11,0.2103363181574553,1.2587388063237692,0.14064288892162344,0.13766951279988765,0.009397152865615984
linear,35,12,0.23807653616596428,1.1546161719132215,0.13709896586588002,0.13601899657029815,0.010106352003640495
linear,35,13,0.22210127659436404,1.1304566917320094,0.13647869094177925,0.1366912158826987,0.00023600022735384603
linear,35,14,0.21391953032965946,0.8576804377914716,0.13766187368892133,0.1364736004790757,0.01799978971442518
linear,35,15,0.23653931329583486,1.34395947145919,0.13907671192040047,0.1385619862334958,-0.04381471341475844
linear,35,16,0.14484884043007523,1.036250705770605,0.13386369756190106,0.13447979458918174,-0.04172450389596634
linear,35,17,0.13642959265104895,0.9057674122741446,0.12886639652618517,0.13170403795860086,-0.043387271043805714
linear,36,1,1.2931074944753496,1.2405660768349966,0.09689786039525643,0.07151885594551761,0.09482334361139995
linear,36,2,1.0556627141223067,1.0809771517912548,0.11086144782408762,0.08933456308635263,0.11569804986938834
linear,36,3,0.8140781162868417,0.9558081969618797,0.11819423283110761,0.09565685629689445,0.11891615158334995
linear,36,4,0.6922733481559489,0.9435122872392336,0.11758429667097517,0.09576812124190232,0.10891298252778749
linear,36,5,0.6113343004965119,0.8207796952376764,0.11275149775901809,0.10332438599628707,0.10748921952132756
linear,36,6,0.5709634422110246,0.8709214868955314,0.12132246843151127,0.11309742264080948,0.1064219404089575
linear,37,1,0.9211753007793237,0.9036420916517576,0.1291478997529642,0.11029394243184167,0.120587805340377
linear,37,2,0.5657126749828754,0.836135974774758,0.128159022036319,0.11822206858875385,0.10640469736730059
linear,37,3,0.4726129483199671,0.6829343043888608,0.12928062638578317,0.1298196183536978,0.0647081987427858
linear,37,4,0.41709569320341366,1.1010382229462266,0.1283676550956443,0.1243888873665128,0.08868425972759723
linear,37,5,0.42815319101981236,0.8039133111325403,0.12579842605628072,0.12697757293159764,0.05710558195520813
linear,37,6,0.42028713132516254,0.7436225966395189,0.12560628675855695,0.12828759265442688,0.056197137823134354
linear,37,7,0.5185104274196275,1.144466907872508,0.10737521113672605,0.1273510256006072,0.0031419361897860655
linear,37,8,0.31557923883635325,1.2742407231902082,0.08860780093042801,0.12142436803939442,-0.04113390803298292
linear,37,9,0.3287752230188426,1.0336069905742382,0.11918234837939963,0.12601648564450443,0.04798294289891298
linear,37,10,0.25997529031017275,1.3619765900919447,0.10148654203706732,0.12216761621530167,0.0035175263876832713
linear,37,11,0.2981812538122222,1.3491019261768087,0.11045208221767097,0.12725250848258535,0.05338846431501831
linear,37,12,0.252160761835151,1.316182574990671,0.10956911187192114,0.11989969756299008,0.060541574157347594
linear,37,13,0.2510059684339035,1.3645445722000054,0.10306807000888511,0.1239582716138102,0.033852280460026425
linear,37,14,0.18981343688051672,1.2330841375495463,0.0982487903694467,0.11651982016046532,0.06447347388602793
linear,38,1,1.2376548348674699,1.1786787668863932,0.11279835113552204,0.06474025173423191,0.11580753071854512
linear,38,2,0.8863676311596046,0.9492830390731494,0.11300547128970113,0.09138636227386693,0.10832223468654169
linear,38,3,0.6895993706430235,0.8434003503993154,0.1158603310973073,0.10766094945914423,0.10945187103546535
linear,38,4,0.5432714634604515,0.840575463155983,0.11936370757951711,0.11724026585385824,0.08353309436934069
linear,38,5,0.47754781491479775,0.8032117108659198,0.12765780417830683,0.1238995923815916,0.0593843236429772
linear,38,6,0.38791234682254966,0.780800084474807,0.13153244925973315,0.12604626656199494,0.030262158363863517
linear,38,7,0.3281709893808944,0.8199587890412658,0.13410860646205644,0.1300820322726698,0.06261503274630134
linear,38,8,0.27925622795379557,0.7395467055030167,0.12832473471644334,0.1265379040608726,-0.013890862156404182
linear,38,9,0.2408108161138703,0.8710395272045086,0.1279950969639079,0.12762101297751846,-0.006056220802323272
linear,38,10,0.21476281638278455,0.75300656799227,0.12777640137064736,0.12973981951751437,-0.009965519653633237
linear,38,11,0.24532267985872866,0.7659614079631865,0.13231346904455374,0.13031283280967423,-0.008599757426418364
linear,38,12,0.18253346173797683,0.937247220131879,0.12848662494216115,0.12910779181402177,-0.01718424413896476
linear,38,13,0.19637822759885615,0.8097808338391285,0.12496415621135384,0.12591008433955722,-0.01899515159893781
linear,38,14,0.1606354338222272,0.8958207207576682,0.1258541329453389,0.12740082256301927,-0.019257928101190678
linear,38,15,0.1292786774101264,0.8437357579668363,0.12872604113072156,0.1290398908002923,0.0045374191618369275
linear,38,16,0.1082091697939581,0.8308583861372123,0.12778635637757058,0.1283344116663405,-0.012473123283901563
linear,39,1,1.063694201646343,1.0629959295193354,0.11931110082853896,0.09096357824552494,0.11288479436576987
linear,39,2,0.7540544787096599,0.8399878508877009,0.11150820647211125,0.11142632605042309,0.09109325116151012
linear,39,3,0.5753572526617006,0.8772131448534007,0.13023969611967914,0.12989092251324716,0.0770862879930064
linear,39,4,0.549066522525483,1.3167141350607077,0.14359679132627814,0.1386001613456756,0.024995479962187043
linear,39,5,0.47952696722357013,1.053381877633122,0.13592770406588292,0.1371522736561019,-0.01313576396399488
linear,39,6,0.5847846744494284,0.7425894099908571,0.136043686994041,0.1436678902672914,0.04569497576643092
linear,39,7,0.4563088543870854,1.5227363865550918,0.12917025222171408,0.1356663213169668,-0.028648385788255838
linear,39,8,0.33226897987668286,1.2416274924762547,0.12473040396774498,0.13232784815384852,0.05468300695841511
linear,39,9,0.3813270254785681,1.0778643070099254,0.10855843485721077,0.1388598379679024,-0.04705306031634488
linear,39,10,0.3282035173980394,1.3203464993353313,0.09649095631514987,0.13630426431191153,-0.05551574676452826
linear,39,11,0.2884438905557978,1.1448612991468206,0.11721709131961688,0.13298314286754856,-0.016174359254849453
linear,39,12,0.24752075847636518,1.2585614233161322,0.07234895197713437,0.13694785859746236,-0.09093671623850241
linear,39,13,0.18647602513287675,1.4404303067441409,0.0712635653714339,0.13922315199548999,-0.08623427279526368
linear,39,14,0.15530680602039373,1.3285920329246437,0.09543685178893307,0.1348211885507529,-0.06589252867658311
linear,40,1,0.8928067590745669,1.0491573135058085,0.1085645326054267,0.10599807663820685,0.06467585923225366
linear,40,2,0.6361841841763447,0.7332802337904771,0.12410046322390068,0.11993504150692995,0.04464512195748587
linear,40,3,0.5672569567215673,0.7286689816042781,0.12838550707674584,0.12607876490995598,0.027700793343926004
linear,40,4,0.7400611369955604,0.9320305571425707,0.11985382369020954,0.12900010939144219,0.018807485117577016
linear,40,5,0.567768251691993,1.168437351998485,0.11668618950837602,0.12943504983753276,-0.1076529546873644
linear,40,6,0.6883124549832058,1.1033883746669744,0.13177477531717158,0.13697483644840153,-0.04507956544402987
linear,40,7,0.8318325535479484,1.1782193627712938,0.1286607314211627,0.12956105051950242,0.0014126589056104421
linear,40,8,1.0746558756202123,0.8983136468722175,0.13094960116238022,0.13128316171932966,0.008447962268110131
linear,40,9,1.1330715721197766,0.867181373507871,0.13527349050467213,0.1367578015177666,-0.027445121949616198
linear,40,10,1.062754679744738,0.7515802705582852,0.12728674109481897,0.12697461715433747,0.010669089368699739
linear,40,11,1.0866627745335646,1.1541738742822683,0.1289051347839025,0.12844968937182177,0.08486703038021612
linear,40,12,1.066977062513904,1.0915713606712718,0.13893669515188473,0.13780144900471594,0.08324996800317118
linear,40,13,1.0667885310120053,1.089351940593527,0.12730062076977144,0.1263342740945518,0.07895750494596238
linear,40,14,1.0449150487603176,1.0981606291568218,0.13285481703933327,0.1327192832560589,-0.012370963833139589
linear,40,15,1.0343685441369574,0.7641260463822012,0.1270187056720412,0.12783800335600973,-0.025217490823585344
linear,40,16,1.0296661685708732,0.7290137351878608,0.12279806244187057,0.12606075010456455,-0.01618284945434425
linear,40,17,1.0590017752514944,0.658436110507076,0.11384746015537531,0.12303595195213954,-0.0224310177572382
linear,40,18,1.0569256681298453,0.6607440334835701,0.10491509781848739,0.1246935922827106,-0.02750469761995191
linear,40,19,1.0703760281441703,0.6215225120385488,0.10586760104633867,0.1285084352673342,-0.02192433807213092
linear,40,20,1.0636645646558867,0.5820930078548069,0.12172980971323948,0.12762832189134013,-0.01743486495227747
linear,40,21,1.0610288953970348,0.769131395011209,0.10412515804127906,0.12875331728403883,-0.015924016365897842
linear,40,22,1.0548822534462763,0.6581776900481296,0.10000616442121099,0.12914586338059356,-0.0032584843815129717
linear,40,23,1.0554510421223111,0.6810884467093274,0.10306222536601126,0.12649062277050688,-0.0037913337456605706
linear,40,24,1.0499403107733953,0.6775112661998719,0.09475766841787844,0.13075723517686128,-0.016450847083857904
linear,40,25,1.043820784205482,0.5580330437375778,0.09200953624676914,0.12085289990839859,-0.005803672423644457
linear,40,26,1.0418451116198586,0.6359248148665453,0.10326326322586586,0.12887272732526375,-0.02834777870157268
linear,40,27,1.0628292722597954,0.62479041377325,0.0893106151605025,0.1262445673889791,-0.022719966534835597
linear,40,28,1.0356806400749419,0.6446500607727406,0.06055866062330703,0.1232312853137652,-0.024192319265178716
linear,40,29,0.9945250112814681,0.6156693450834912,0.12139230446191504,0.12429566271603107,-0.05999936696074049
linear,40,30,1.0237825541269212,0.6932356561688114,0.11798316004375617,0.13110655917941283,-0.06846769261561955
linear,40,31,1.0234085717755887,0.7097472272095425,0.10739010128503045,0.13336928594702233,-0.06244497753214091
linear,40,32,1.0179179607047921,0.6949201875647607,0.1055545431173717,0.13139320175008226,-0.06689526813667422
linear,41,1,1.054098589316247,1.0227928519248963,0.11750246002338827,0.1085277410922572,0.11329435225925408
linear,41,2,0.6952617546277386,0.8653958025077979,0.1109519214524577,0.10908004911422418,0.0883217640997221
linear,41,3,0.5291691694467787,0.7579653647883485,0.11335659824156513,0.1093914182643251,0.08798373026462893
linear,41,4,0.39818444081567345,0.755975237985452,0.12075815768524384,0.11929107788018882,0.06056207135940592
linear,41,5,0.3414700566754041,1.0428194870551428,0.1270256850834509,0.12212658564094454,0.07667581825614131
linear,41,6,0.31795767084732357,1.1717223376967012,0.1265893568090784,0.12291679893775533,0.05786032046113784
linear,41,7,0.26919341076254133,1.2967359046762188,0.12622642305213957,0.12355186177883297,0.04374298402981367
linear,41,8,0.2697232730634924,0.6240110092990411,0.12725465485515694,0.12680811470684905,0.059738466604540005
linear,41,9,0.20492676319877823,0.9036930850512969,0.13110607277509795,0.13052847739697124,0.03193293241589951
linear,41,10,0.20436859983232034,0.8241235505013417,0.13271250063941503,0.13173080975053988,0.03483978975564241
linear,41,11,0.2122105396073681,1.0782221293232093,0.1279020782172059,0.1278481177520007,-0.011455801686194415
linear,41,12,0.21902699093634653,0.600817627304544,0.12382999503364166,0.12892906544730068,-0.015660723314310114
linear,41,13,0.1920502254573558,1.2690920749679209,0.13858757147875925,0.1372020152164623,-0.02164934675868911
linear,41,14,0.1563570648322061,1.0908986361289863,0.14160417985015858,0.14164542131111374,-0.02213258408786108
linear,41,15,0.2049332055829591,0.7672637635997186,0.14283251048376164,0.1442101983644534,-0.04095091068399294
linear,41,16,0.15185583233814834,0.7424344215837967,0.13452210499575207,0.13850517905472468,-0.045927876967471096
linear,41,17,0.2151265001569603,1.307525034858554,0.13864835808053613,0.14327267792541534,-0.018325185396436912
linear,41,18,0.1501312856680237,0.7127349770472695,0.13248137837896745,0.1349278038018383,-0.05141553023131564
linear,41,19,0.1456080371067473,1.074120649245257,0.13563185918998594,0.13719307337257003,-0.04168497180896035
linear,41,20,0.1130770216473427,1.2269729073741473,0.1325914090576892,0.13514746002620087,-0.040420697929221205
linear,42,1,1.0167586420263564,1.0061833741764228,0.14024221850947166,0.14141829418173682,0.09848908237181604
linear,42,2,0.7104492447355629,0.8190341769407193,0.13911840738437603,0.14102354585193097,0.06393780179399376
linear,42,3,0.672758144407814,1.0447010042145848,0.12954612230726828,0.13320492889227656,0.054219654962556284
linear,42,4,0.8159580510677881,1.3680081208236516,0.1364463792492946,0.1415763268780817,0.04051736866531428
linear,42,5,1.0801963740888159,1.5193990912288426,0.13196020997129382,0.1327591051018923,0.0854232411259242
linear,42,6,1.0391672309804216,1.1639786176043951,0.1327088389118823,0.13525767718092538,0.06951439918290513
linear,42,7,1.0334825492595088,2.3847846297275583,0.12050421756769841,0.123361531253128,0.08811306355831523
linear,42,8,1.0203237092059607,1.403510699987722,0.12482402479896942,0.12646664368609586,0.09673450187935183
linear,42,9,0.9119746844554024,1.082256120426852,0.11155719973224526,0.11485625354107469,0.07026748958742246
linear,42,10,1.2342905640169712,0.8045324170263484,0.11712555119690175,0.1179109849074545,0.09897958574195703
linear,42,11,1.2572280991161178,0.9455451161639454,0.11175119775968294,0.1187520297273295,0.01230722268713483
linear,42,12,1.1525378132742297,0.9649333734065294,0.10984488787750403,0.11191013655625284,-0.07297845637076535
linear,42,13,0.8781682076350845,0.7855888908131116,0.11165258775775631,0.11155451651429757,-0.06679344467684131
linear,42,14,0.7368423892313287,1.1934870099004304,0.10443888041190803,0.1119211786116163,0.017484828102654622
linear,42,15,1.4776815900926492,1.2036080454747207,0.11683434653872003,0.11874254673797016,-0.004035814653616398
linear,42,16,0.7187454213915714,1.8262176401301682,0.12060286834991227,0.12124258355082324,0.023617349178918327
linear,42,17,1.3307321329471702,1.9088311197507817,0.1267077086144127,0.13287367260042326,-0.015499571327745798
linear,42,18,0.6946161003476253,1.0796851175410362,0.12467042360221967,0.12765865275481095,-0.013997155873706408
linear,42,19,0.8525452862647528,1.4385538849591588,0.1251914631129087,0.1261337620206177,0.03955160655174647
linear,42,20,1.0510153482786306,1.4872323974734172,0.12336572271306068,0.12448420425256093,0.010320185427553951
linear,42,21,0.6223263104482266,1.6044481105792026,0.12508071179424102,0.12966402852519726,0.06585817044057572
linear,43,1,1.2265530117447414,1.1670264552036922,0.11289203737590772,0.09377094833180308,0.11160595334586106
linear,43,2,0.8171633679774546,0.807418507997257,0.12650628926542898,0.12144957484755044,0.10666845490923152
linear,43,3,0.5821215033490535,0.9205929289727162,0.12620019577249575,0.12647081580168257,0.09165869206772186
linear,43,4,0.5360610327565126,0.8132999028661289,0.13376620507915504,0.13371039629370596,0.08134396606280157
linear,43,5,0.47428576148619567,0.9333988450157146,0.13204056932590902,0.13296913778370556,0.008104936675711846
linear,43,6,0.5895704929271088,0.8511347653965156,0.1314410355271927,0.12920449359480699,0.036765798113386455
linear,43,7,0.38287044507899465,0.7665566068259068,0.12705047352355905,0.12511746048985514,0.005284274218138307
linear,43,8,0.5090341882039664,0.8805583793669939,0.1325755344936624,0.13464948338417645,0.03982250441476935
linear,43,9,0.5530933988565165,0.8238400314003229,0.130862458817622,0.13235437755987126,-0.008836116731072253
linear,43,10,0.4478897705902787,1.0166461562504991,0.12963159539892027,0.131131683299706,-0.013176042020010452
linear,43,11,0.48826459803459576,1.1699339497524004,0.13324106192255084,0.13742237972522464,-0.045692244272989534
linear,43,12,0.4333008003237728,1.1021931854542344,0.11567792423302307,0.12975169204873965,-0.06129002204397693
linear,43,13,0.34686591440313064,1.3178840269722665,0.11576140047206233,0.1340220326014484,-0.005814370093867182
linear,43,14,0.36070948588709895,0.9878180229648327,0.110122077477475,0.1312239220716947,-0.06915081876213662
linear,43,15,0.25671202796377385,1.1291969647320608,0.11696132336122295,0.13407958894968033,-0.054439064735439996
linear,44,1,1.1281952842596978,1.0688306932648024,0.11403375530305009,0.09620097369576494,0.10388084412552416
linear,44,2,0.6271286291321592,0.766516956857716,0.11041919382599492,0.11184123581430565,0.05644234891515225
linear,44,3,0.6289780763816828,0.8596733067456322,0.12227593776769936,0.12343229905236512,0.04070481409629186
linear,44,4,0.5106503670916908,0.8886228261205057,0.13187289772710453,0.12996494528682281,0.05191798144175361
linear,44,5,0.5721599495995583,1.1905214473605157,0.12058776298169202,0.12022684256371577,0.025231284536615325
linear,44,6,1.0698202848324732,0.9891298185335472,0.12460720047044258,0.12610874923993834,0.059709729263947034
linear,44,7,0.6651659744046421,1.2339034989786646,0.11144344285373033,0.12005908186838496,0.04892586441710591
linear,44,8,0.5196474668935278,1.333815526055211,0.11330431177436064,0.11814179567154497,0.01725974432192743
linear,44,9,0.45696100869509604,1.2355646459802907,0.12427205942415943,0.12354970176626617,0.025487394370914747
linear,44,10,0.493243515589711,1.2439288383660216,0.12305376350025957,0.12638483686217417,0.06088040591760849
linear,44,11,0.5469074219016774,1.1845676390260147,0.10684529123051713,0.11989822855781919,0.030932173893476526
linear,44,12,0.5205473239716772,1.2876539623054366,0.11453460105694831,0.12409158977485883,0.04530808076184864
linear,44,13,0.43442904710279856,1.285240570952495,0.1126445428856338,0.12360633644566406,-0.022861168282543077
linear,44,14,0.3436433022437064,1.15273724187961,0.10191586763539817,0.12258811935510797,-0.04816529233163844
linear,45,1,0.9024084411738884,0.8176712671139588,0.1280311505155017,0.11899932910843442,0.12430317318843057
linear,45,2,0.7310303644326124,0.7944993956480175,0.1354652128832337,0.13479968040871124,0.09298982459295076
linear,45,3,0.9547507357889867,0.9864456534385682,0.12450996647433689,0.12793334717474256,0.03684065304987598
linear,45,4,1.3868622050798125,1.0525912190477054,0.11896027856661627,0.13605985089670866,0.06618584762715424
linear,45,5,1.528805680506579,2.0007159943401347,0.11789476901758462,0.1209860605148909,0.05475964843450735
linear,45,6,1.6049274534933151,2.438886666538504,0.11216744085540994,0.1350819507710791,0.03270366662375939
linear,45,7,1.4181875768635008,1.7081215117126702,0.10576147021104892,0.1318677345989272,0.033857999181297296
linear,45,8,1.4930464265838501,1.6438785476610065,0.12251095137714098,0.13462951576026777,0.03369746532692564
linear,45,9,1.3840375471682775,1.9043582770973444,0.11797670230735094,0.12869914274197072,0.03181080708745867
linear,45,10,1.572417299898844,10.720219334996848,0.10434676926510443,0.12025219888892025,0.038607240046015553
linear,45,11,1.5370467390332903,11.125878238677979,0.10664647531035977,0.1219975061637039,0.041274682389727486
linear,45,12,1.5126695912035684,10.264234271273017,0.11898920320672915,0.12777972689364106,0.035748656505408385
linear,45,13,1.665571310690471,11.410814621594424,0.11029238955428203,0.12395704981560508,0.039493443025761125
linear,45,14,1.4255969259474013,12.703312433262665,0.11509368282277137,0.12077972313854843,0.03836058474795815
linear,45,15,1.4974377789194622,12.996917756888433,0.11520405863411724,0.12031497956874469,0.039735692702621846
linear,45,16,1.4380671727278875,12.873150849381151,0.11450668935819218,0.11897708069882355,0.04157700008508982
linear,46,1,1.0129395773900407,0.914738109583656,0.12758337386776475,0.11231071290870508,0.10898053175284682
linear,46,2,0.9201206065647837,0.9217202105248968,0.13511008684678624,0.12782891066550897,0.0848036769971562
linear,46,3,1.002891221911543,0.7227269993964001,0.13199312035382416,0.12495557612952932,0.05696824537978197
linear,46,4,0.8271381109294625,1.096241638188561,0.12964459417853505,0.12940583928332974,0.08028400994080584
linear,46,5,0.8717064651697463,1.1134898165861766,0.12756790119068076,0.12847839574387762,0.11385114183649421
linear,46,6,0.7757022585008397,1.0036896854018171,0.11056120661863436,0.11367085049666154,-0.03417750032992141
linear,46,7,1.2640249848593865,1.3287844847965364,0.11908233986080935,0.1204345822314887,0.07757400684058666
linear,46,8,0.8596311365093691,1.691029042463439,0.1251381810560512,0.12985509260712813,0.06629036315716803
linear,46,9,0.7573671343868935,1.4660592724142285,0.12194429462542758,0.12378850582366188,0.006928970533287308
linear,46,10,0.6863641724967959,1.3425879464911608,0.12928346342329558,0.1312299573755202,0.07123705918347696
linear,46,11,0.8011601899709591,2.2502713747312857,0.1276157348106305,0.12622239048359915,-0.03804497340024682
linear,46,12,0.6420406975044349,0.9280306611229511,0.12907753033408273,0.12935389851530393,0.03643392398856425
linear,46,13,0.8231785349364925,1.7822362024429215,0.12247430363616635,0.12470054731238633,0.001426155603743003
linear,46,14,0.8003652836011915,1.0605021745558285,0.12416417278776255,0.12465700193618735,0.10121297448252638
linear,46,15,0.7245427875528722,1.4807127907324078,0.12261995275427277,0.12297240641394941,0.0638206483485798
linear,46,16,0.811405473596394,1.681307613706061,0.1303240691156437,0.1306107932779317,0.04786869338713586
linear,46,17,0.9175772346645695,1.9160827419099709,0.12790198311558926,0.12865180031706888,-0.07569021598707575
linear,46,18,0.7326691324851131,1.7626830728275915,0.12559255186934024,0.12667956760463614,-0.08579602773631147
linear,46,19,0.5723409604547092,1.2594059160566151,0.12849863779265433,0.12886067173288515,-0.0031105425965506583
linear,46,20,0.46717913566484753,1.4759926901363845,0.1297624126736385,0.13038317178434228,-0.09889786222483962
linear,47,1,1.0918754702877431,1.0160424287120502,0.1163683862114946,0.1027600538257199,0.11487379551787551
linear,47,2,0.7143140479863163,0.7997766024122636,0.1281918611881944,0.1269152840666114,0.0442982811461358
linear,47,3,0.5405904520247575,0.903338581820329,0.1277201844243488,0.12354768424314291,0.028847645116426672
linear,47,4,0.6670778597518432,0.7241383370012044,0.1022463873688442,0.11671212010163193,-0.004799770559960355
linear,47,5,0.8203825565571952,0.9742732274656495,0.12202586504475524,0.12657655141859625,-0.08392981266758094
linear,47,6,0.47804921375872156,0.9574592841789127,0.10425942268533012,0.11692135772318579,-0.00846785412262155
linear,47,7,0.4631219005640892,0.8755148076452315,0.11310909686144441,0.12092745096888394,0.022933939157398223
linear,47,8,0.36517801932582405,1.6242459361907096,0.12054682212571304,0.12133617008318348,0.060262564267031846
linear,47,9,0.559011678138054,0.9180816762770215,0.12268666863868323,0.1263294085113254,0.05141265029863765
linear,47,10,0.26653408361524933,1.1162245670954387,0.11818394867004826,0.11827935440290578,0.07936236887471751
linear,47,11,0.43691582139985663,1.0223911583423615,0.10643346091480149,0.11370622172641258,0.0026493527892550144
linear,47,12,0.37063679194074617,1.1015103885903954,0.12348832833425452,0.12847217780072243,0.005948600526122997
linear,47,13,0.2899871010598735,0.9594903074515363,0.10958986718324012,0.11775170999850768,0.03746615647590564
linear,47,14,0.20034322189582912,0.9850264822443326,0.11596865857378967,0.12248837155445168,0.06299850241436313
linear,47,15,0.22169063773954112,0.9296908220276237,0.10498593761973704,0.1178469323941196,0.027085214348820347
linear,48,1,0.6647123304151353,0.6368967943824828,0.12426468627527357,0.11672243944679697,0.0865623815334402
linear,48,2,0.546295783858532,0.8402301447466016,0.12438267699908465,0.12389709410102417,0.09712065774947405
linear,48,3,0.6720325362259737,0.9830469126153427,0.11416185217773697,0.11775591301266104,0.07472878660385808
linear,48,4,0.9780759377510462,0.8650373485560219,0.1182925981915711,0.12300645416738311,-0.06880176940467209
linear,48,5,1.1644307572561436,1.0133451768235924,0.11132312116678804,0.11189192051339585,0.020849608822027223
linear,48,6,0.7254686921997846,2.8130543130605172,0.11810188462841324,0.11879377149937985,-0.058199407331024605
linear,49,1,1.1165653221782237,0.9796538641055424,0.10760224321080993,0.09890832177285726,0.1072317920353574
linear,49,2,0.9040104955553062,0.8831387264033158,0.11369294258765876,0.1019822837629666,0.11298812368089178
linear,49,3,0.8145869736825782,0.7569178094776968,0.11985151240175279,0.11812733298478027,0.047122691396604445
linear,49,4,0.6501255715106492,0.7653238321654499,0.12193061168460796,0.12398893105564639,0.05570862799262007
linear,49,5,0.764663256238453,1.0038662062957884,0.11498364225650827,0.12801871603975692,-0.027625446657960614
linear,49,6,0.6670436397578756,1.0086084396888813,0.12233011353916177,0.12224702270323178,0.02533196891818079
linear,50,1,0.9960695648240665,0.9373337944348653,0.11975495137254863,0.10154878409618201,0.11881011410150677
linear,50,2,0.7320028537780874,0.6788175878425439,0.11241112263815012,0.10254461696216216,0.08848598489227394
linear,50,3,0.5691526888136101,0.7928474960227807,0.12988017210154795,0.12517555382898232,0.06531552563925895
linear,50,4,0.6395083133977587,0.6904468342118586,0.12502617166998486,0.12470492414819698,0.03014793541515246
linear,50,5,0.6832355363947008,0.8760045615024865,0.12689124718405462,0.1241437708105271,-0.005977300453620652
linear,50,6,0.6579117714344258,0.747475467765859,0.12918764752103015,0.12943060925075164,0.05413983583227188
linear,50,7,0.6841339405280971,0.8755122785281856,0.11731507430862015,0.11764667546764637,0.08591515673324465
linear,50,8,0.7300225719691731,0.9084067683865821,0.12024522082453283,0.12804098255583085,0.04154369639970052
linear,50,9,0.3614266191187429,0.8679989903816022,0.1313409224230175,0.13121165653331748,0.03670963935655891
linear,50,10,0.3776093879403936,0.7676939406199381,0.12964454726316035,0.1358496717371357,0.0924111599723498
linear,50,11,0.39145628884799655,0.8592026708337168,0.13061210945015772,0.1309835684252903,0.03789232953859027
linear,50,12,0.4268210354946657,0.7901014554003875,0.12983395086678987,0.1279665633730474,0.05220972533182552
linear,50,13,0.31571071672771633,0.785287283671399,0.11090005873426587,0.13012546795628926,-0.006464286725289033
linear,50,14,0.3262349333667699,0.6655286535543079,0.12172383183302979,0.13242757524518917,-0.05008463355479762
linear,50,15,0.24059731058840708,0.9067260183820811,0.12326421251442904,0.13223449541255833,0.025646312263173363
linear,50,16,0.35672273268501736,0.7632595914338405,0.12052980510052294,0.13153985207124302,-0.03853523826692253
linear,50,17,0.2938379943226455,0.7889885622037885,0.12029795261720816,0.13656707730066653,-0.009860235173012674
linear,50,18,0.20758107604180825,0.7888938752313455,0.10073578137671575,0.13167223950537543,-0.01994404499103742
linear,50,19,0.17923738404836817,0.7081459417628745,0.09545629739198679,0.13148266387870536,-0.0685456235378903
linear,50,20,0.1696651075689015,0.8176306137504677,0.10767515609065109,0.13500382628602287,-0.06795546037804646
linear,50,21,0.1356789039315435,0.7609494779879848,0.11853264917153865,0.1347629700709755,-0.04159289794818809
linear,50,22,0.16123285491105183,0.8047703784580033,0.09632467254996299,0.1305485730408691,-0.03106045359939647
