{
  "universe": "EM",
  "fm_characteristics": [
    "be_me",
    "ope_be",
    "at_gr1",
    "ret_12_1",
    "me"
  ],
  "market_long_only": {
    "ann_ret": 0.0826111191294685,
    "ann_vol": 0.15797462437482898,
    "sharpe": 0.5229391711257103,
    "se_sharpe": 0.055353134602967015,
    "max_dd": 0.5313810146283942,
    "n_obs": 371
  },
  "factors": {
    "value": {
      "long_short_scaled": {
        "ann_ret": -0.015118254642416118,
        "ann_vol": 0.14371982700330665,
        "sharpe": -0.10519254689938001,
        "se_sharpe": 0.05206083772562933,
        "max_dd": 0.7625175605878501,
        "n_obs": 371
      },
      "long_short_unscaled": {
        "ann_ret": 0.019719581558388155,
        "ann_vol": 0.15623349716783647,
        "sharpe": 0.12621865295125578,
        "se_sharpe": 0.05212377902740892,
        "max_dd": 0.5508368379682116,
        "n_obs": 371
      },
      "long_only_scaled": {
        "ann_ret": 0.013638334468045743,
        "ann_vol": 0.15152578024894903,
        "sharpe": 0.09000669355167593,
        "se_sharpe": 0.052022455301907425,
        "max_dd": 0.6088214264366675,
        "n_obs": 371
      },
      "long_only_unscaled": {
        "ann_ret": 0.047522437981965204,
        "ann_vol": 0.24282114035222443,
        "sharpe": 0.19570964007924305,
        "se_sharpe": 0.052412194102068654,
        "max_dd": 0.719328707040857,
        "n_obs": 371
      }
    },
    "momentum": {
      "long_short_scaled": {
        "ann_ret": 0.14477717554836422,
        "ann_vol": 0.15772408818869718,
        "sharpe": 0.9179141703146599,
        "se_sharpe": 0.06189468518374753,
        "max_dd": 0.43833508732420967,
        "n_obs": 371
      },
      "long_short_unscaled": {
        "ann_ret": 0.159748698798168,
        "ann_vol": 0.2051171685707828,
        "sharpe": 0.7788168094912112,
        "se_sharpe": 0.05926953853178699,
        "max_dd": 0.6235921280619138,
        "n_obs": 371
      },
      "long_only_scaled": {
        "ann_ret": 0.05628866419852163,
        "ann_vol": 0.14184573636457454,
        "sharpe": 0.3968301454888109,
        "se_sharpe": 0.05392260306949825,
        "max_dd": 0.3709107538714914,
        "n_obs": 371
      },
      "long_only_unscaled": {
        "ann_ret": 0.0957021967131193,
        "ann_vol": 0.21420619242245723,
        "sharpe": 0.4467760508266518,
        "se_sharpe": 0.05444660134822298,
        "max_dd": 0.5759941987913754,
        "n_obs": 371
      }
    },
    "profitability": {
      "long_short_scaled": {
        "ann_ret": 0.12316601067921273,
        "ann_vol": 0.15779975161263515,
        "sharpe": 0.7805209413862647,
        "se_sharpe": 0.05929974272956948,
        "max_dd": 0.40754861101472867,
        "n_obs": 371
      },
      "long_short_unscaled": {
        "ann_ret": 0.1549432567093627,
        "ann_vol": 0.21162823596530642,
        "sharpe": 0.7321483166110384,
        "se_sharpe": 0.05846234023508905,
        "max_dd": 0.6529691558683982,
        "n_obs": 371
      },
      "long_only_scaled": {
        "ann_ret": 0.04967834291732265,
        "ann_vol": 0.15254720852510023,
        "sharpe": 0.3256588134102011,
        "se_sharpe": 0.05327614151177241,
        "max_dd": 0.4553331180282154,
        "n_obs": 371
      },
      "long_only_unscaled": {
        "ann_ret": 0.09668109669162339,
        "ann_vol": 0.193751788978843,
        "sharpe": 0.49899460129465245,
        "se_sharpe": 0.05505444024780321,
        "max_dd": 0.5778291373069293,
        "n_obs": 371
      }
    },
    "investment": {
      "long_short_scaled": {
        "ann_ret": 0.02140564630111985,
        "ann_vol": 0.13879722315892606,
        "sharpe": 0.15422243913777645,
        "se_sharpe": 0.05222520898779511,
        "max_dd": 0.7004722652022106,
        "n_obs": 371
      },
      "long_short_unscaled": {
        "ann_ret": 0.042870561698837406,
        "ann_vol": 0.11980752661291011,
        "sharpe": 0.35782861820818024,
        "se_sharpe": 0.05355352664059809,
        "max_dd": 0.4908986539479634,
        "n_obs": 371
      },
      "long_only_scaled": {
        "ann_ret": -0.0030022826923888912,
        "ann_vol": 0.1481480755940147,
        "sharpe": -0.020265418098419,
        "se_sharpe": 0.05192274334538173,
        "max_dd": 0.5641541494085283,
        "n_obs": 371
      },
      "long_only_unscaled": {
        "ann_ret": 0.010046005838245886,
        "ann_vol": 0.2648669229311167,
        "sharpe": 0.037928502838606715,
        "se_sharpe": 0.051936081534242715,
        "max_dd": 0.7615810977929922,
        "n_obs": 371
      }
    },
    "size": {
      "long_short_scaled": {
        "ann_ret": -0.14128523256766679,
        "ann_vol": 0.1907720968975602,
        "sharpe": -0.740596947170599,
        "se_sharpe": 0.05860558281546832,
        "max_dd": 0.9919991157476294,
        "n_obs": 371
      },
      "long_short_unscaled": {
        "ann_ret": -0.11592277007328289,
        "ann_vol": 0.18125409251814653,
        "sharpe": -0.6395594629769648,
        "se_sharpe": 0.05697964249276177,
        "max_dd": 0.9802975803833477,
        "n_obs": 371
      },
      "long_only_scaled": {
        "ann_ret": -0.028413048800661977,
        "ann_vol": 0.14187915454091515,
        "sharpe": -0.20026232107598452,
        "se_sharpe": 0.052435366416861626,
        "max_dd": 0.7734004770354699,
        "n_obs": 371
      },
      "long_only_unscaled": {
        "ann_ret": -0.03868425199622594,
        "ann_vol": 0.24671653109040856,
        "sharpe": -0.15679635176959505,
        "se_sharpe": 0.05223553715835004,
        "max_dd": 0.9139510924088581,
        "n_obs": 371
      }
    }
  },
  "fm_regression": {
    "n_months": 371,
    "n_chars": 5,
    "characteristics": [
      "be_me",
      "ope_be",
      "at_gr1",
      "ret_12_1",
      "me"
    ],
    "coefficients": [
      {
        "variable": "intercept",
        "mean_coef": 0.00522,
        "se": 0.00302,
        "t_stat": 1.7269,
        "p_value": 0.085,
        "sig": "*"
      },
      {
        "variable": "be_me",
        "mean_coef": 0.0142,
        "se": 0.00272,
        "t_stat": 5.2203,
        "p_value": 0.0,
        "sig": "***"
      },
      {
        "variable": "ope_be",
        "mean_coef": 0.01168,
        "se": 0.00281,
        "t_stat": 4.1597,
        "p_value": 0.0,
        "sig": "***"
      },
      {
        "variable": "at_gr1",
        "mean_coef": -0.00685,
        "se": 0.0015,
        "t_stat": -4.5508,
        "p_value": 0.0,
        "sig": "***"
      },
      {
        "variable": "ret_12_1",
        "mean_coef": 0.01931,
        "se": 0.00342,
        "t_stat": 5.6398,
        "p_value": 0.0,
        "sig": "***"
      },
      {
        "variable": "me",
        "mean_coef": 0.00584,
        "se": 0.00299,
        "t_stat": 1.9561,
        "p_value": 0.0512,
        "sig": "*"
      }
    ]
  },
  "fm_portfolio": {
    "long_short_unscaled": {
      "ann_ret": 0.21248021771314596,
      "ann_vol": 0.18400541951313237,
      "sharpe": 1.1547497800627624,
      "se_sharpe": 0.073206827806894,
      "max_dd": 0.44109703150489527,
      "n_obs": 311
    },
    "long_short_scaled": {
      "ann_ret": 0.19212087294053637,
      "ann_vol": 0.15681008990463172,
      "sharpe": 1.2251818301831205,
      "se_sharpe": 0.07502486744236306,
      "max_dd": 0.2953697622354335,
      "n_obs": 311
    },
    "long_only_unscaled": {
      "ann_ret": 0.1146590478313716,
      "ann_vol": 0.18668971436835766,
      "sharpe": 0.6141690677459484,
      "se_sharpe": 0.061821281205820575,
      "max_dd": 0.563352270726776,
      "n_obs": 311
    },
    "long_only_scaled": {
      "ann_ret": 0.05583855904578372,
      "ann_vol": 0.1613155314216533,
      "sharpe": 0.3461449654207849,
      "se_sharpe": 0.05837863351107861,
      "max_dd": 0.45536655290758715,
      "n_obs": 311
    },
    "rank_corr": 0.06682308637594549,
    "n_oos_months": 311
  }
}