{
  "universe": "EM",
  "fm_characteristics": [
    "be_me",
    "ope_be",
    "at_gr1",
    "ret_12_1",
    "me"
  ],
  "market_long_only": {
    "ann_ret": 0.09426807730570941,
    "ann_vol": 0.15355211436653524,
    "sharpe": 0.613915853224187,
    "se_sharpe": 0.14192659462326213,
    "max_dd": 0.25548553874876606,
    "n_obs": 59
  },
  "factors": {
    "value": {
      "long_short_scaled": {
        "ann_ret": 0.02041158578629254,
        "ann_vol": 0.12029267429167659,
        "sharpe": 0.1696827001850509,
        "se_sharpe": 0.1311226692685876,
        "max_dd": 0.2862503753636566,
        "n_obs": 59
      },
      "long_short_unscaled": {
        "ann_ret": 0.05987722905996318,
        "ann_vol": 0.14933219041637288,
        "sharpe": 0.40096665623809263,
        "se_sharpe": 0.1353205315767964,
        "max_dd": 0.2744071801090044,
        "n_obs": 59
      },
      "long_only_scaled": {
        "ann_ret": -0.030095395547652615,
        "ann_vol": 0.13210488997842268,
        "sharpe": -0.22781439470233267,
        "se_sharpe": 0.13186727400241136,
        "max_dd": 0.26219137488267624,
        "n_obs": 59
      },
      "long_only_unscaled": {
        "ann_ret": -0.0845294483123491,
        "ann_vol": 0.23800935463305278,
        "sharpe": -0.3551517899062037,
        "se_sharpe": 0.1342314215239948,
        "max_dd": 0.5581131353225528,
        "n_obs": 59
      }
    },
    "momentum": {
      "long_short_scaled": {
        "ann_ret": 0.21945705681308314,
        "ann_vol": 0.15127827317358172,
        "sharpe": 1.4506845709513805,
        "se_sharpe": 0.18650409466119808,
        "max_dd": 0.2259616389004272,
        "n_obs": 59
      },
      "long_short_unscaled": {
        "ann_ret": 0.4773222022220782,
        "ann_vol": 0.20970441337829396,
        "sharpe": 2.2761666983184474,
        "se_sharpe": 0.24668883231223793,
        "max_dd": 0.25481214265607693,
        "n_obs": 59
      },
      "long_only_scaled": {
        "ann_ret": -0.01079678364684955,
        "ann_vol": 0.10821368207999857,
        "sharpe": -0.09977281466929355,
        "se_sharpe": 0.13051250393200636,
        "max_dd": 0.24035053923218574,
        "n_obs": 59
      },
      "long_only_unscaled": {
        "ann_ret": -0.011146404092591156,
        "ann_vol": 0.1887190247894223,
        "sharpe": -0.059063489253553585,
        "se_sharpe": 0.13030240237918286,
        "max_dd": 0.3644068171729845,
        "n_obs": 59
      }
    },
    "profitability": {
      "long_short_scaled": {
        "ann_ret": 0.2666739144387409,
        "ann_vol": 0.13391526042699395,
        "sharpe": 1.9913631470262678,
        "se_sharpe": 0.2248450913695984,
        "max_dd": 0.16275119775999763,
        "n_obs": 59
      },
      "long_short_unscaled": {
        "ann_ret": 0.5793113772510134,
        "ann_vol": 0.21755319501916723,
        "sharpe": 2.662849319220405,
        "se_sharpe": 0.27756151397715967,
        "max_dd": 0.14092302969858028,
        "n_obs": 59
      },
      "long_only_scaled": {
        "ann_ret": 0.036002721919903946,
        "ann_vol": 0.13317693468212868,
        "sharpe": 0.27033751757266744,
        "se_sharpe": 0.13254619832304818,
        "max_dd": 0.1442071781463117,
        "n_obs": 59
      },
      "long_only_unscaled": {
        "ann_ret": 0.05288311190926853,
        "ann_vol": 0.18552868635197112,
        "sharpe": 0.28504008166663053,
        "se_sharpe": 0.13280697883938586,
        "max_dd": 0.23885453508240598,
        "n_obs": 59
      }
    },
    "investment": {
      "long_short_scaled": {
        "ann_ret": -0.04966034238401851,
        "ann_vol": 0.1009343476218339,
        "sharpe": -0.4920063739855796,
        "se_sharpe": 0.13784264770303628,
        "max_dd": 0.4953368311222928,
        "n_obs": 59
      },
      "long_short_unscaled": {
        "ann_ret": -0.0017744572323834529,
        "ann_vol": 0.12769804811081048,
        "sharpe": -0.013895727136280584,
        "se_sharpe": 0.13019519541346844,
        "max_dd": 0.4908986539479632,
        "n_obs": 59
      },
      "long_only_scaled": {
        "ann_ret": -0.09670878527649929,
        "ann_vol": 0.12990993207484522,
        "sharpe": -0.7444294961279966,
        "se_sharpe": 0.14712427799472574,
        "max_dd": 0.46114893874305235,
        "n_obs": 59
      },
      "long_only_unscaled": {
        "ann_ret": -0.21153074871601918,
        "ann_vol": 0.24162913281035264,
        "sharpe": -0.8754356159612725,
        "se_sharpe": 0.1531142123199268,
        "max_dd": 0.7615810977929924,
        "n_obs": 59
      }
    },
    "size": {
      "long_short_scaled": {
        "ann_ret": -0.4218759831716835,
        "ann_vol": 0.2278659029637971,
        "sharpe": -1.8514221640203465,
        "se_sharpe": 0.2144714439019121,
        "max_dd": 0.9341319126103567,
        "n_obs": 59
      },
      "long_short_unscaled": {
        "ann_ret": -0.40779470510112825,
        "ann_vol": 0.1958077065419272,
        "sharpe": -2.0826284741444,
        "se_sharpe": 0.2317461601041659,
        "max_dd": 0.9294694543833275,
        "n_obs": 59
      },
      "long_only_scaled": {
        "ann_ret": -0.1935624157779109,
        "ann_vol": 0.12727977008399097,
        "sharpe": -1.5207633990081888,
        "se_sharpe": 0.1911765825795737,
        "max_dd": 0.6698265852658092,
        "n_obs": 59
      },
      "long_only_unscaled": {
        "ann_ret": -0.3746186325846228,
        "ann_vol": 0.2435594167153938,
        "sharpe": -1.5380995636985593,
        "se_sharpe": 0.19234833928538322,
        "max_dd": 0.913951092408858,
        "n_obs": 59
      }
    }
  },
  "fm_regression": {
    "n_months": 371,
    "n_chars": 5,
    "characteristics": [
      "be_me",
      "ope_be",
      "at_gr1",
      "ret_12_1",
      "me"
    ],
    "coefficients": [
      {
        "variable": "intercept",
        "mean_coef": 0.00522,
        "se": 0.00302,
        "t_stat": 1.7269,
        "p_value": 0.085,
        "sig": "*"
      },
      {
        "variable": "be_me",
        "mean_coef": 0.0142,
        "se": 0.00272,
        "t_stat": 5.2203,
        "p_value": 0.0,
        "sig": "***"
      },
      {
        "variable": "ope_be",
        "mean_coef": 0.01168,
        "se": 0.00281,
        "t_stat": 4.1597,
        "p_value": 0.0,
        "sig": "***"
      },
      {
        "variable": "at_gr1",
        "mean_coef": -0.00685,
        "se": 0.0015,
        "t_stat": -4.5508,
        "p_value": 0.0,
        "sig": "***"
      },
      {
        "variable": "ret_12_1",
        "mean_coef": 0.01931,
        "se": 0.00342,
        "t_stat": 5.6398,
        "p_value": 0.0,
        "sig": "***"
      },
      {
        "variable": "me",
        "mean_coef": 0.00584,
        "se": 0.00299,
        "t_stat": 1.9561,
        "p_value": 0.0512,
        "sig": "*"
      }
    ]
  },
  "fm_portfolio": {
    "long_short_unscaled": {
      "ann_ret": 0.6485029400086642,
      "ann_vol": 0.1953567998271095,
      "sharpe": 3.319582121444395,
      "se_sharpe": 0.33216834435514453,
      "max_dd": 0.16611058637499804,
      "n_obs": 59
    },
    "long_short_scaled": {
      "ann_ret": 0.3067922919538779,
      "ann_vol": 0.11661186570433431,
      "sharpe": 2.6308840022484508,
      "se_sharpe": 0.2749661093644832,
      "max_dd": 0.09492532788349346,
      "n_obs": 59
    },
    "long_only_unscaled": {
      "ann_ret": 0.08714222736305133,
      "ann_vol": 0.17020262816563625,
      "sharpe": 0.5119910797044042,
      "se_sharpe": 0.13845806027479338,
      "max_dd": 0.1690025573010552,
      "n_obs": 59
    },
    "long_only_scaled": {
      "ann_ret": 0.04006451881037143,
      "ann_vol": 0.1273533634136432,
      "sharpe": 0.31459333100015613,
      "se_sharpe": 0.13337118345244808,
      "max_dd": 0.14631831754996924,
      "n_obs": 59
    },
    "rank_corr": 0.12778120693259304,
    "n_oos_months": 311
  }
}