month,kor_ret,twn_ret,chn_ret,bra_ret,are_ret,col_ret,mex_ret,tur_ret,ind_ret,idn_ret,mys_ret,tha_ret,phl_ret,chl_ret,per_ret,zaf_ret,pol_ret,grc_ret,hun_ret,qat_ret,kwt_ret,cze_ret,sau_ret,egy_ret
1998-12,,,,,,,,,,,,,,,,,,,,,,,,
1999-01,0.033479665828753946,-0.029549588828012285,-0.18587349943411102,-0.2765867605552701,,-0.23349375353601975,-0.012724460656218906,-0.057981111012605946,0.119377488962781,-0.031393290266841456,0.015345158321272478,0.02385992243024604,-0.009852079621575971,-0.023440950466016575,-0.023663722374067997,0.05728414008863836,0.17176261103247392,0.1459205799120986,0.05442073848182116,,,-0.09022929702916382,,0.323621360067184
1999-02,-0.11282098645115557,0.04800436615333448,-0.042378963008992465,0.07224558283609017,,0.07176101606422458,0.09816229241278096,0.41792308652935795,-0.03325103088680681,-0.04155572162303933,0.10114520240092983,-0.09516946549160676,0.006758888534184937,0.04617388052898552,0.02872499108857207,-0.0049310297675513315,-0.19880350981485218,-0.012928705596958578,-0.14842372066869403,,,-0.20783318231667836,,-0.055709064671247366
1999-03,0.18035223863014416,0.09696269760019383,0.13610754957785964,0.37700590762162745,,0.045136461964844665,0.18561614505615953,0.12742137709523527,0.16826877837798682,0.025218031344122593,-0.0745210386462174,0.06076084084790834,0.052828958649380864,0.14047379234996793,0.0561714538945306,0.07702132084529167,0.08974560616905669,-0.03458122716506107,-0.055102522029921164,,,0.13705955967279393,,-0.0089954363735546
1999-04,0.26592636687520055,0.08725970231786073,0.25132705294133895,0.12080114375930262,,0.2772120181576758,0.11792995223496128,0.12311088931972614,-0.12426723285049113,0.3960458291163025,0.3909805934508295,0.433060073128688,0.23968377600395407,0.08006049235303103,0.13804694641951154,0.11869808743166965,0.12671615087500787,0.05437682025879176,0.05400640978572979,,,0.06166161064441322,,-0.0030398351029129467
1999-05,0.0021689701778895287,-0.03732506678993286,0.002418363808999402,-0.037666383970387685,,-0.028796597127671686,-0.025486954658510586,-0.08904568118372169,0.19090697905539944,0.21045521061543027,0.11573847278587901,-0.04203252681599956,-0.05184057685120591,-0.027831940680043576,-0.012841322396202504,-0.10707504949278934,0.008009071734352835,0.04439196107744392,0.0653853792562682,,,0.23282208646272773,,0.00042947923669367505
1999-06,0.29661180460988246,0.2246549225893475,0.47040432545456357,0.041361966993273436,,-0.2283703077371857,0.08571666916561504,-0.051736714650500115,0.03802506103288339,0.31180405091722485,0.10605408174343056,0.17460320052886136,0.0326187161451148,0.0573924491538802,0.010439780248705066,0.1508626022367885,0.12689180920058973,-0.005071531550032371,-0.03968185875852881,,,-0.015683794761213177,,0.07413061300378021
1999-07,0.04072346779072933,-0.1232378515629492,-0.12413251030327677,-0.09890416426440551,,-0.06597580422682714,-0.0961124294103628,0.12762434526338184,0.11085495845926019,-0.1364350510238438,-0.04576324179296887,-0.1272051426960501,-0.09673157818314793,-0.0020292353052956402,-0.010448918673819474,-0.03284882946492229,0.02590396649712945,0.08204773961634437,0.14213855779183926,,,0.11512427151747562,,-0.016454741520366745
1999-08,0.018986828838205794,0.12316265966460205,-0.007478448931613757,-0.03254557998255958,,-0.07106086767103725,-0.03272321546033574,-0.16956334294828934,0.09253472652109584,-0.1503246902444112,0.16721502391185816,-0.03114117318018972,-0.09368795819074327,-0.016740028621873848,-0.04233866511441675,-0.011070616737188121,-0.022892685227080545,0.15626074456904515,-0.018625671230494967,,,-0.04327048806007738,,-0.05769997773580304
1999-09,-0.14716945699554995,-0.06591267227232289,-0.0413874618065907,0.044729530362347836,,-0.0030964945718289227,-0.0132384464192431,0.15233239502655715,-0.00048214478152164286,-0.11590626258987569,-0.12948374350406333,-0.19652261585879316,-0.06730098068109369,-0.04288925738043259,0.060811369188587205,0.015430172879830284,-0.21428458331919154,0.06600179769862291,-0.11334758408286649,,,0.006250671948464515,,0.05789790638522607
1999-10,0.012275856558174425,0.03424044113674829,-0.08290010311122487,0.03413964138492709,,0.028474443825107665,0.05329772511975195,0.06266369916266878,-0.07070823243865776,0.34385595441802197,0.131977186111631,0.13904360043724107,0.017791117670981293,-0.036903626099869746,-0.060654998083948586,0.045251717902041744,0.032126561665569264,-0.0522924882317759,0.03677319876172991,,,-0.031198301641486625,,0.10502610198478823
1999-11,0.21824495587919146,0.010209168299164517,-0.019067103529180507,0.1880339086731011,,0.14840997322457294,0.14040082039339885,0.2285229879091335,0.06264779420160282,-0.12338026341214214,-0.011685204846080377,0.045755434668059536,-0.04665418658656528,0.09608849624334104,0.035573012841062734,0.04907096996940985,0.038362580952583825,0.012176776874433637,0.03201623099496631,,,-0.05845866677750844,,0.12691963984892674
1999-12,-0.029726173163154956,0.11260260465051175,-0.07525500145163633,0.2624837185760509,,0.021139915594430514,0.14087997215786086,0.7230342380728312,0.144384489394894,0.19927406967056172,0.1124506777775045,0.14730444757349392,0.09878763655269762,0.08858209761549718,0.016140254517102104,0.13630064201787095,0.18998273303994018,-0.0210238493897984,0.1509937311650802,,,0.02214665193072607,,0.1682630832109513
2000-01,0.013243494242940246,0.16350493166090518,-0.04362969113309845,-0.045241642299796325,,0.1270008078586169,-0.10161023846246242,0.04855877567879219,0.10754683983532898,-0.12436641508201052,0.14840647395730922,-0.028223254737133163,-0.08750628124581517,0.04795168051637,0.11441238563874956,-0.027163600276534527,0.03807549994013004,-0.10675203492227969,0.0710534856499454,,,0.12932713216035574,,0.10104709364528475
2000-02,-0.14320332282800707,-0.0426981755477116,-0.183580581756996,0.04201554962704401,,-0.15149764081064876,0.1385841346047394,-0.04772426357634463,0.18345308007992434,-0.09291566029187304,0.07349158008294232,-0.2287369938998718,-0.15920579795759238,-0.030019557068193148,0.08424124688705459,-0.0257006859531832,0.15081113205229202,0.024986523011337525,0.09482117348148278,,,0.13842906030063218,,-0.09252937108503834
2000-03,0.12272630529979756,0.03884154884820079,0.026198413930242026,0.04105187229025664,,-0.018015354016345575,0.023867359208052275,-0.061342527286323834,-0.10073451923087351,-0.008820664339727058,-0.008666512989102482,0.1047719707246304,-0.010892699895085234,-0.0026537979149524604,-0.09905393957717101,-0.04738811811181032,-0.004015173223460344,-0.058352265918292456,-0.034373426301739785,,,0.010052203888778921,,-0.016838848011480945
2000-04,-0.11448977148706896,-0.1143684961542707,0.09445374135305995,-0.1307226416831626,,-0.06652177524890113,-0.10970489881151857,0.24821769760068357,-0.1566012576801341,-0.12781673884218647,-0.07736008583100717,-0.06074659888461842,-0.07368783016701341,-0.07089558869021284,-0.04736536972850924,-0.0909631308047184,-0.1550400934804549,-0.16104418488816985,-0.18387914208836198,,,-0.10942655751610875,,-0.10512442217122364
2000-05,-0.014733051385831364,0.0216283198845022,0.026793751360176588,-0.015155431707349232,,-0.16132923625141782,-0.10228767510202752,-0.12985007327289377,-0.11852765561708045,-0.26407692633590185,0.030970714409493505,-0.2098901834778386,-0.09705777792783632,0.021901092510799858,-0.10185645823277267,-0.027640219331411142,-0.0027470246186692693,0.10731044853986083,0.026433629855326934,,,-0.02123694051588021,,0.012281725895070705
2000-06,0.1404089821411496,-0.07140915576363871,0.13273373092611296,0.12162980521786326,,-0.11919062626460997,0.12310195237120491,-0.11864381568351567,0.10131549704183662,0.1163021420591821,-0.10473491599824125,0.0407262764571068,0.008445984980485433,-0.037541467569385145,0.040359009826869574,0.061589920396195375,0.01248255186257774,-0.07313983197518081,-0.027984896769765788,,,-0.06385355888194666,,-0.13823574641712078
2000-07,-0.16045330529531177,-0.024108658211764666,-0.018940793345536888,-0.010204789050371366,,0.14158939068903287,-0.022865248216670464,-0.06825035896815979,-0.10851954773662675,-0.060031982494969105,-0.046884169741698845,-0.2229052149675007,-0.1441146810812094,-0.04165224844862425,-0.046761801061227515,-0.020629463962860695,-0.044674208881491095,-0.04237690862127341,-0.052074390256187986,,,0.08002459559273278,,-0.10216865898079042
2000-08,-0.031758473363740714,-0.06301095997158979,-0.04070069806003096,0.025475041673928,,-0.1332302297150495,0.046799093626822774,-0.08881407754522208,0.044465296951254674,0.011686305770108207,-0.008821857533056532,0.1396741195027662,0.08241279758094344,0.016637208103684964,0.027478147399401243,0.10526667058891381,-0.050167001429337055,-0.159426500206035,-0.08482328354035606,,,-0.10098011956804565,,-0.027635399313651665
2000-09,-0.1243980386751764,-0.16077563606798484,-0.12184938337927875,-0.06394821584164379,,-0.0002231117184148257,-0.07748555513302668,-0.16251769819473216,-0.10899480801465844,-0.13803921317227819,-0.11872417787131129,-0.19638168385100496,-0.07686200274682198,-0.02166615371325431,-0.10219061156578846,-0.05811176607510404,-0.1170432747423319,0.1411085245415804,-0.057638674768171305,,,-0.08075639952340763,,-0.10442536400392144
2000-10,-0.18908784270150358,-0.12946436885063184,-0.046657570199683196,-0.07827566108548734,,0.010790851652599187,0.0216793427803339,0.17110315972214485,-0.08559647649194158,-0.11677228929303463,0.06675188112889985,-0.03271306691677689,-0.17166092030516877,-0.03980636687298289,-0.05868621502986482,-0.08224352683852876,-0.10898153625437768,-0.11797760355286857,-0.05310701143252039,,,0.004576769063007857,,-0.08098601361560764
2000-11,-0.06559038123869032,-0.0770911697454647,-0.13319028255657728,-0.1118800964959622,,-0.012853017433172131,-0.10202152972527379,-0.33778958024460515,0.07256800283523313,0.027587123177848394,-0.023313967080186848,0.04105193936057905,0.10710489569662607,-0.003607050622944419,-0.07091592497809585,-0.06938486040564351,0.09689791417072668,-0.13183889153150563,-0.17781351244663024,,,-0.1792706199401537,,0.058658142638774224
2000-12,-0.03803272421383608,-0.08123752440659837,0.008183471976734635,0.14142853396846622,,-0.042118765244477885,-0.02361989920899099,0.09752953889451965,-0.00516845784296327,-0.0945506948023428,-0.07057165343668415,-0.047055372643725946,0.0942052996402436,0.004240545188293199,0.021514199553506197,0.11761231529201899,0.20668450478903,0.11704477237619937,0.24730202046789107,,,0.30079433221917595,,-0.03439918753923754
2001-01,0.27520288090175815,0.29245675588490005,0.14499985746182054,0.1328436148836114,,0.1588858925652894,0.15081476443480635,0.15357767685907375,0.08794109292000751,0.10302585106350426,0.07946223768320038,0.3087677643004114,0.1873288857133395,0.08636940820642569,0.11843603947564585,0.059648382126915145,-0.012179008540874503,-0.0418046531014824,0.05508977445128549,,,0.06605996346545218,,0.03274028449813837
2001-02,-0.07105553514154395,-0.07248175588829897,-0.0912285571095478,-0.10291552053982789,,0.027257926639396857,-0.06833350945499717,-0.4124394702970726,-0.036387654837455874,-0.011603209573799234,-0.02305582739305667,-0.03705175784430792,-0.05109547675510373,-0.0762590117544083,0.003900012720348567,0.004075237427160205,-0.11874419321159013,-0.050650639196697655,-0.17989373356731053,,,-0.10024971681922812,,-0.11692652439467754
2001-03,-0.1351231647012795,-0.015399391091827197,-0.16219882904059013,-0.11339057127228835,,-0.12412781005454021,-0.03219235581371638,-0.1806800215583405,-0.17606868078754856,-0.18663699402681033,-0.08769227142040392,-0.16931466320228827,-0.1235799902482626,-0.027047220080778644,-0.002182791658459693,-0.13526792314953473,-0.06791845359011306,-0.053970488423323526,-0.11543498661957474,,,-0.08688846081415713,,-0.08504090177250845
2001-04,0.1399603152985902,-0.07060280349535286,0.10150338944511428,0.05119358730127388,,0.024550383880485915,0.09586934639953171,0.44875209471208866,-0.022589090434883552,-0.16265400340594127,-0.1018283883080574,0.027736806220824528,-0.037602716870103636,0.05406077239990226,-0.08188669443975383,0.11733460620336333,0.04961494976283709,0.0896689202564267,0.05545953204107512,,,-0.009342575491647076,,0.05019672512352091
2001-05,0.07573060972172985,-0.06869997397163019,0.02729479294280779,-0.05174080544479931,,0.24925515503760676,0.08331417934988439,-0.12037320122647044,0.04027519700417348,0.22964224882139983,-0.0227390101680629,0.008953355633022353,0.020182859339331394,0.08369063110332275,0.07482049670165725,0.05790436224771822,0.02047249978103194,-0.1123039961289074,0.03349580248969186,,,0.04163204990523406,,0.06770091750132612
2001-06,-0.05643786852790744,-0.029776978103722485,0.03298014251129233,-0.014709551325125858,,0.038212410941299124,0.015554900134820304,-0.058521550144952306,-0.05168156659164924,0.056671257778586615,0.037843651799062794,0.02265386536632663,-0.008831545644660932,-0.06593780700286778,0.07232941061509979,-0.03594075206135616,-0.13659699286642157,-0.11959045760897424,-0.03283527611996084,,,-0.03925980352567937,,-0.0826458109235445
2001-07,-0.07127782600454569,-0.10378072229743407,-0.135462941943288,-0.07148614000111086,,-0.028478751957831228,-0.033194858965603924,-0.1532951116421548,-0.03270892238069023,0.21689695086166472,0.12864031325187875,-0.10283416405353485,-0.043824287821756625,-0.045134610579686596,-0.029767271302126974,-0.11797856183954802,-0.1124923908594695,0.0036862716546208762,-0.019966152704788742,,,-0.05977676016686406,,-0.10913426589280573
2001-08,0.03312877125775504,0.036890593845583686,-0.21642451877968405,-0.08525538972059177,,0.02233377044026663,-0.025935314431550838,-0.03981591094462,-0.013928670643245766,0.04651452602752082,0.050715575327865414,0.19790750511748678,-0.04737834591618506,0.036454375905045744,0.05702874432756344,0.04766980630624018,-0.046611198088752026,0.057747445010850385,-0.034043826984882175,,,-0.022141218407265573,,0.015693018815068127
2001-09,-0.16245960504716783,-0.21674655390887565,-0.03404055647348969,-0.16681088360371976,,-0.09612915777372888,-0.15586526215972107,-0.31273357096520216,-0.13914352401003383,-0.19581018098925485,-0.10504232111075218,-0.18096590643320265,-0.08186579771358649,-0.16862353437218247,-0.023503126250573714,-0.1519405255109385,-0.09973989778869141,-0.1948273151921348,-0.017337771296399906,,,-0.08736951015539784,,-0.10229195492905974
2001-10,0.15676997486265187,0.10583399377176783,0.02550277443042659,0.055284053536529765,,-0.06494014836251283,0.06306309828621703,0.20988169357974917,0.06693731692268612,-0.09465688284914953,-0.028297808939739322,-0.04034454864850445,-0.12544006566554244,0.005911212567965229,-0.049663610564184446,0.01951660587579318,0.25303714336117267,0.10150276968444838,0.11959436554856318,,,0.1700525992042381,,-0.02712824327596175
2001-11,0.25321709646497403,0.13705747731349316,0.097480902889862,0.10018481372111232,,0.1434287613977494,0.0347709546045365,0.235380529446928,0.10239034820754123,-0.03697317750712448,0.06307041400145774,0.1459309749844706,0.10691561635710722,0.09487230212243913,0.011105921529666274,0.02675162803310549,0.0225278579296897,0.059469445584285685,0.059153741302220064,,,0.05526685780643881,,-0.07698693227969888
2001-12,0.07679284851460677,0.21778199414861943,0.0033260251758395754,0.14169025299685,,0.09605214120763539,0.0836126196888276,0.210244436112768,0.0013991282922427573,0.06234515034715993,0.08816970774305988,-0.020571057950742655,0.03743989317002394,0.029291343043286844,0.05118264006642592,-0.03735908966073864,-0.009241793623655292,-0.03713435301543233,0.01981949647200154,,,0.0892367183352385,,-0.06233729487760642
2002-01,0.0778827870525638,0.04670411547657305,-0.0938104601348837,-0.06347907847229273,,0.09653996893219019,0.08724760675290733,0.06937364832595794,0.01763295551764732,0.22134513774915954,0.053229027472204704,0.1893703493623633,0.16883953954223085,-0.04834109538552045,0.08769946990768673,0.04412972076674904,0.129119706378102,-0.03796173588560958,0.11330388989861295,,,0.03375655158603741,,-0.0994496493868996
2002-02,0.10278756451001314,-0.04749082467558463,0.008047861356546449,0.14255877862541122,,-0.12414414321262368,-0.02549249947347121,-0.20031547571606234,0.06300019076726326,0.011817949659711502,-0.016038029230583617,0.08473199352223282,0.02536918649661346,0.004526332756752849,0.05951003468314564,0.053569172537410115,-0.07359785709306244,-0.10137333852082897,-0.03623734420564517,,,-0.025288914963526476,,0.09664046709760243
2002-03,0.0904968081239681,0.08967277281249286,0.05643787410497514,0.0008555938093701698,,0.04579471850453398,0.10698399837199024,0.09892292824294757,-0.005691134597408776,0.12161639216316722,0.08146916972481844,-0.0022793567375598567,0.005982345462497207,0.03933927255696146,0.03831380177381227,0.02003242857607601,-0.010143985054807958,-0.020600696882599467,0.03657152524046148,,,0.08186309999698382,,0.05576712484513502
2002-04,-2.0124947946342786e-05,-0.021664115415949814,0.04367945335135048,-0.008574397457209337,,0.03823620719353715,-0.016233130729484735,-0.020345210879308073,-0.04421166107883456,0.1863361745965515,0.055698897405114245,0.001511160491546093,-0.0833506290181456,-0.0077130917524877995,-0.0051575918302035895,0.09024820315489723,0.03761323011540996,0.003995005821490594,0.10701069954248998,,,0.11446281762006771,,-0.020535557508120195
2002-05,0.003343942012860701,-0.03963627118491064,0.015320507288929974,-0.0743544294945192,,0.03365773005460637,-0.08041165504672987,-0.149472299353115,-0.0628295550407082,0.07107836816014546,-0.06702617222122342,0.12846152138748534,-0.045592818257262246,-0.05198873036141338,0.05359220737679515,0.10061487375758182,0.028373791998721254,0.08946469140270263,-0.034875799227634174,,,0.04556299323879487,,0.0003155211449832329
2002-06,-0.0370314461166269,-0.08361912101951563,-0.0335828214876539,-0.1840741709339172,,0.024310845202816456,-0.10174442488736679,-0.2120969010739604,0.03018004887664638,-0.061743592252675006,-0.01392755614815866,-0.054464802032877735,-0.1310897110322835,-0.09708576827842974,-0.10059340554354979,-0.10127134917523972,-0.13844942708215746,0.021924312189726347,-0.07927558972562998,,,-0.01013132479480583,,-0.028070409182018863
2002-07,-0.02628732379916221,-0.061361526402166855,-0.04370572160937736,-0.28956182070497183,,-0.10278976409704899,-0.070818261726597,0.030498357974299894,-0.07058156677980743,-0.07015973005089626,-0.0021926597791294133,-0.055280850207993115,-0.029492633879049657,-0.020133664609028323,-0.08915692727081947,-0.15699412682063307,-0.1256804227871393,-0.07330873955272732,-0.026080495157355776,,,0.06800281261293639,,-0.0021813142266239316
2002-08,0.004319360336561218,-0.048583082547137946,-0.019445069594742126,0.22788650785558584,,-0.0011122736640101216,0.025176540649141543,-0.05773592080428547,0.06234194021341399,-0.03234227322920891,-0.010438793076538722,-0.03591145594746914,-0.03478725726403542,-0.017547547626001414,0.09718245750025178,0.03441476711794822,0.0800554899104926,0.004268107780401431,0.09979412003238664,,,-0.005766246873185832,,-0.008321640395303476
2002-09,-0.14184581711576938,-0.15114870427945382,-0.07962088499915732,-0.3025925990875974,,0.054427614372589694,-0.10752066102012559,-0.0862459879109797,-0.0485595641015224,-0.06490847309691972,-0.10198425543577316,-0.09058354290198656,0.014202173102533022,-0.13352368303418327,-0.0574765932736826,0.0015744144774469948,-0.07064578954323841,-0.13585296277272962,-0.061516495534584936,,,0.010779361590759207,,0.01991468008651709
2002-10,0.049123464748716206,0.11033424514713186,0.005718954489815964,0.2851178106737491,,0.1562831863817742,0.06581970348424737,0.1602712988217032,-0.0011675845650792605,-0.17501895559941272,0.043282036334913565,0.0886006084601556,-0.11488433886762384,0.056318892027601875,0.05426193806952573,0.044393447241412476,0.18112898739769934,-0.04057113274715951,0.03711988830839674,,,-0.02588623533515133,,-0.036201020007400664
2002-11,0.1276287021260465,0.02107693105231312,0.041374925632813975,0.011669067178280867,,0.020052159218947097,0.04727388367509633,0.40928318437613553,0.10403771168181297,0.11894395235928656,-0.03989085750548704,0.03707389031238062,-0.03105100537399319,0.05144524775113024,0.08419314513513809,0.09648389480971531,0.025208578226889822,0.02658617558144938,0.1066493042765766,,,0.11379280424542171,,0.0040055269364893675
2002-12,-0.12637859699679999,-0.060242812128692425,-0.037779674147368714,0.09334393019993192,,0.01866944691932204,-0.04154654682248893,-0.2815669728584407,0.054043280479804334,0.11282888113651612,0.027557593750700216,-0.00806744801864867,-0.04891233495045155,0.02563949018361722,0.0745563772078377,0.05753584849217197,0.0010260404319109018,-0.0030459715582472624,0.03534989894290019,,,-0.015412451695844598,,0.047754633841632144
2003-01,-0.04338179226182537,0.12142864365200534,0.047828040312472675,-0.033265143171528955,,-0.030545740128596455,-0.052754116250192995,0.07479646109997162,-0.041244296245595,-0.12456273596463263,0.03875856764129604,0.07194989068633761,0.04404665002586139,-0.02204317786864074,0.06189202147626194,-0.035342114567181504,-0.04838999476753758,-0.007243946915827304,-0.03769148341429929,,,0.030213396838977502,,0.06639135470988355
2003-02,-0.04406015414699216,-0.12045327931854988,-0.024937939641435092,-0.03789834331461506,,-0.014875902457444634,-0.02328297176016514,0.08589750920752581,0.014286448043395072,0.03825840811775727,-0.02725669118463403,-0.027417528997286333,-0.06431925822164541,0.003195249496418695,-0.014393300223075833,0.00971596490501514,-0.036900761083802136,-0.04864193630628977,-0.018261244371942098,,,0.018560184435668203,,-0.08798552955835515
2003-03,-0.09437060670876729,-0.014726316841159326,-0.038482765477751424,0.13772658471462407,,0.019289284537099105,0.016855517125186292,-0.24716327162404694,-0.07453725942418321,0.011052313922922608,-0.021596927664987775,0.02990790024979706,0.024846060916315915,0.024982093834385655,-0.019611907512413485,-0.04909144489220574,-0.05643472958511342,-0.09991182315758751,0.02820513917203482,,,0.035152616485411015,,0.0022591496488155727
2003-04,0.14200218433312606,-0.02773937077131783,0.001301659654867171,0.2104755593230987,,0.08782966978231732,0.14789367967353684,0.33836790867863176,-0.04371979481706978,0.200150245449229,-0.0030675313849918284,0.03744624403285468,0.0696447069238939,0.20130894124532972,0.06235339201884327,0.05869072033317835,0.12254695486426703,0.21044625796957228,0.13106706070927276,,,0.0866788368377518,,0.1442921550941818
2003-05,0.06125642414608512,0.10448001142063856,0.12775123622727258,0.024050293292228186,,0.1607921499042375,0.027706278343415214,0.08748230862262862,0.08150617513846203,0.1717241599071917,0.06846599726488467,0.12366940971884977,-0.00823364170565355,0.038113764997155464,0.06077329498155115,0.03140380997921599,0.09142622007019652,0.07317257487659323,0.059335438479518166,,,0.13397723868575873,,0.11543274249121982
2003-06,0.07900173738023608,0.07600290614348482,0.06410486605284804,0.0016303598314106882,,0.030170946013774236,0.04016951569298066,-0.019046432171183292,0.14278889043203669,0.05331988147214739,0.03675293184776662,0.1056395793073821,0.1641176570928129,0.023462356941571505,-0.004359486734253792,0.040408557682167556,0.0002128607301030705,0.10126373629431007,-0.15644580586997847,,,-0.04575219898761407,,0.04116217953789425
2003-07,0.10930874720889294,0.12405599105485976,0.09912069795624512,0.05513672590687646,,0.022386638952262894,0.04287517174456812,-0.023829702740194025,0.06843398610505913,-0.0510979393788501,0.0474513458257364,0.026095377924476804,-5.60509280903565e-05,0.07785194363045211,0.06169066890766217,0.06710007708661925,0.11880801427197185,0.13379085629274812,0.04547642836301535,,,0.03818629516490879,,-0.07130397701166513
2003-08,0.057753358963423596,0.0893074427487155,0.06653395181942034,0.10115418973870782,,-0.006534304917266254,-0.016833450847232756,0.13114647499221466,0.1291183034456007,0.018101213537865313,0.028121074092108067,0.11076590329203762,-0.05297218189758712,0.04625482200908926,0.06096671695838629,0.06504452664046534,0.1359433245185404,0.003730698771005292,0.10640437941064529,,,0.0691855962317316,,0.10850754119246697
2003-09,-0.06427731312011187,0.006086349583857453,0.007741645511659234,0.018140676082104568,,0.01355657375646424,0.02024857770309585,0.15884308779535128,0.057628436214054446,0.18249542998529256,-0.01599224304641267,0.09018734607603407,0.101044932549478,0.10159140916575415,0.06167596448076185,0.01305192533393984,-0.10145865194257941,-0.025041198857735147,0.05561552979182616,,,0.022062781864037095,,0.181811125351224
2003-10,0.11407817551739075,0.0686409617195185,0.1519725398744467,0.10860801089554495,,0.07011935321414176,0.025456308889962198,0.14538814567450586,0.10479363020685994,0.028063110392942292,0.13052764505981518,0.060496094626477426,0.0687238817295368,0.11085900905539536,0.13614882066139233,0.10352285338705891,0.04251804621119648,0.04712406686940551,0.04636532825728579,,,0.03944764755023966,,0.12380969214838689
2003-11,-0.0017441271624665244,-0.05851447412247124,0.01004797654866052,0.05988463073650219,,0.07426315703732556,0.03724414336785631,-0.06598528357750222,0.02446355499593067,-0.010628030866314697,-0.03854510476518325,0.023487645757022113,-0.07285479722042731,-0.033733875142162195,0.16383542948994,0.07423586140757554,-0.047876531798994204,0.06373309499513202,-0.029164360079109497,,,-0.014900713765523821,,0.016571175031276475
2003-12,0.027974603626561567,0.02424313009232093,0.15602768941584721,0.1773380946397043,,0.11387902220880575,0.0339907894290703,0.31534421798568846,0.16118064903300922,0.1266497664633357,0.006830792260452467,0.3102554532392223,0.11766426570241739,0.07751458341819273,0.06736801420179739,0.015658529998519244,0.1278665734629485,0.12789214579910269,0.08640403635939053,,,0.12012456270690985,,0.06551326383597544
2004-01,0.10530780773988102,0.08757837317578576,-0.006443519223523153,-0.04019636628337753,,0.20099716446611304,0.08508084498492008,-0.03262385914077237,-0.024182457103094634,0.10177929748716807,0.04204215514405263,-0.0847809367974105,0.043540265414353074,-0.018932006289052117,-0.11763140489607571,-0.007217162019617529,0.012296947007572001,0.05484642451879029,0.053724833931720006,,,-0.007148374702901972,,0.18394254022884082
2004-02,0.037076035392849205,0.03947747250898237,0.06222827869229075,0.03756187271088107,,0.0702707983914641,0.055496948105254296,0.09460794823451324,-0.012467584552697253,0.0013966337383324312,0.07991250041071263,0.01595586595450449,-0.03485885465369798,0.0815431440096448,0.01682531362053008,0.058944466939278906,0.04141726591367534,0.006281806517986821,0.05897493353626637,,,0.16339544470841783,,-0.03770542051220438
2004-03,0.0390668545382038,-0.025612524960342054,-0.08425034079182692,4.0126368338722074e-05,,0.10247246126597598,0.04691103671265462,0.06844576795430246,0.02349633534165707,-0.04164819665429198,0.018634636627251178,-0.05892441704483575,-0.040260978111482104,-0.07871467603477966,0.18225778656873337,0.03812233373848395,0.028512433482863697,-0.029408208955703286,0.11078429485579688,,,0.038936185753417174,,0.07123483553285292
2004-04,-0.06342513638068792,-0.06713826835298464,-0.130657943046653,-0.14686473382148446,,0.10743268373221437,-0.0715702477176563,-0.16800901436229443,-0.01642188829642477,0.07585748617742571,-0.06862805523153626,-0.007571496447430159,0.10272698814393455,-0.03276210625585041,-0.17772421174137565,-0.13246343700529184,-0.03372978751887412,0.06036980591153607,-0.02308088267129582,,,-0.023569349104052506,,0.08588780424306042
2004-05,-0.06619386609845912,-0.026694282633658695,0.06868898237498433,-0.016712318033948015,,-0.12481925455846932,0.012119438550268535,-0.10154834274082236,-0.1575055389840545,-0.10592101123882591,-0.042313690236738255,-0.010375574798099807,-0.024291992562325393,-0.008693211899233,0.05112636381043689,0.07323736516615575,0.011899699107216222,-0.00469457033723919,0.054072134515875,,,-0.010401634803754778,,-0.08351602752403364
2004-06,-0.02434717490516869,-0.02724512663797274,-0.006121871600019535,0.049599269051345374,,-0.006734071298172717,0.017742434844737698,0.08847976762456655,0.0037904442940814853,-0.005336020459020485,0.011673764021101762,0.006697436039489801,0.05001108702461998,0.03417809872585709,-0.007843152329565783,0.012010069502991438,0.052961454782799455,-0.016470028315427876,0.01699095822468899,,,0.00734412366035242,,0.014261147247979666
2004-07,-0.0812638922152098,-0.07470857330868408,0.0036886839468193156,0.08410713617441523,,0.032240314425928895,-0.015480476207588856,0.0991609675257672,0.07141867677095948,0.0833367216016081,0.014634014268210649,-0.02386254808183763,-0.0038767714667559128,0.028369932942071907,-0.0021986968410149244,0.010460058605644695,-0.013916845506004694,-0.029901818056399132,0.01248931451618529,,,0.019047286879725123,,0.10146243722084236
2004-08,0.09476651880530618,0.07533202879193346,0.004113532965237532,0.06315667568588035,,0.058204344175533995,0.012646066065469697,0.014917043957632048,-0.0003082883564631267,-0.009532011333378332,-0.007616666647083936,-0.007567867610516199,-0.01887823681196632,0.08081766805553459,0.04430534021373966,0.03685582434894097,0.020857166062620447,0.013957347983062585,0.049287867517914474,,,0.04565638508445269,,0.11374996438255525
2004-09,0.03612316373807123,0.001145824913249216,0.07414505757851586,0.09622827948334178,,0.17044871338552925,0.05845258901658679,0.07698225636667977,0.08497423196708587,0.12444967172997545,0.03284079227440806,0.03722034530755547,0.12925735747825517,0.035778457080488435,0.06528896750975677,0.08327219398746033,0.09155294764262267,0.04205378440621255,0.06661136060095885,,,0.10976261798282261,,0.2139718611388004
2004-10,0.01990084914494017,-0.002664065392608439,-0.024364696441694145,0.01752011810832177,,0.04790457509597501,0.05480581390353079,0.06583272835567633,0.03727131404417072,0.06099491532701973,0.013472398433536759,-0.007644451846934075,0.04114011061776579,0.02755888698861586,0.030125236534496835,0.04319784233768975,0.06525070383905307,0.10473734438770688,0.09173886933911968,,,0.06285323747327176,,0.09561289033313858
2004-11,0.10694107114446028,0.06385880627395646,0.10063222899861213,0.10387521270300937,,0.23477041488220562,0.07402686184256368,0.013487157750121437,0.12232251483703993,0.17700400244810188,0.06348150947206088,0.10188687224570381,0.005807331195566867,0.06670567649644488,0.00491934183771825,0.13978776065426368,0.08840664602441506,0.11170802763566323,0.12989392530800847,,,0.18641395960468965,,0.007456157126988439
2004-12,0.027464900322086372,0.06802697628519438,-0.01782337782312815,0.09666464287946508,,0.032223562107291936,0.08195883719599562,0.18888000076238942,0.07312958537951841,-0.0014657041923048508,-0.006683112797658763,0.042316481164903275,0.002915998233782302,0.0547013781910195,-0.0131048464093525,0.04420918316649525,0.13571210334191441,0.08493117759015689,0.06088926993751809,,,0.07503237298061083,,0.11717306136834749
2005-01,0.07435618094882868,-0.030499271242286907,-0.021779781395358078,-0.0238763339196868,,-0.019757230101573153,0.001436476462427283,0.08926994519136966,-0.017595028462081275,0.05716409072198836,0.016362755584253375,0.043170959827823374,0.1317895181339317,-0.049186207766918066,0.002011632388019491,-0.0552860781135629,-0.06411001248308346,-0.00011963437201290006,0.013256076880038714,,,0.04610425962456399,,0.42709089738975803
2005-02,0.1052260168812813,0.05933684052524568,0.0740809156750395,0.174948690277958,,0.12977459809603853,0.07800973741994754,0.08285045181276174,0.027579036460327666,0.00787311631965193,-0.008048982471698607,0.0803922337791394,0.03894010539220183,0.07207746409239446,0.08836605298330213,0.083645563590522,0.19216338766513896,0.11198024570618181,0.23709553650497628,,,0.1320952896599885,,0.1049143487742783
2005-03,-0.05565570774619932,-0.05928775709175438,-0.0515325933602917,-0.08574464638181789,,-0.12203034361330245,-0.09550801399528308,-0.14445706137186498,-0.032935209096484286,-0.01074449591051152,-0.04206532011457231,-0.09738666433182142,-0.06879447545972228,0.012650285728147859,-0.04636089469311633,-0.09443931580254505,-0.10438663922037972,-0.10997622766758586,-0.11238101397351341,,,-0.06196665565598081,,-0.009140798978835352
2005-04,-0.04867207395526174,-0.013369790362816159,0.004113821887831159,-0.04108999302969163,,0.060930754231362405,-0.021257497648400014,-0.09897983904975993,-0.053207611204736716,-0.04635622601354805,0.006942175821194496,-0.03001502438349235,-0.034232834817308766,-0.009600910686157982,-0.0026007423851335254,-0.014120222940159466,-0.11650364618369857,-0.005541695260605439,-0.06366255595810455,,,-0.03838462128955811,,0.09789053170773898
2005-05,0.04908865511150684,0.040877508453140976,0.009720986142942145,0.0775628876388803,,-0.03965190371608762,0.0885723455553249,0.11008687787245153,0.08844722726893961,0.06915779548675216,-0.021992377661091078,-0.01228417129843995,0.035785574624204175,0.019947281630821045,-0.017131846921874416,-0.03902143417673798,0.033284313204669624,0.0021615234564440478,-0.02442927786440796,,,-0.01144123311868872,,0.04942629007961341
2005-06,0.0028991193438243634,0.031117610125779294,0.04172231032531459,0.03890982697831946,0.36250291432624837,0.16075398640866112,0.0582779494153387,0.07352520078916469,0.0865002665878587,0.027998259813573068,0.03323298020925125,-0.002906418191188309,-0.02770952782683367,0.05859686581620882,0.027026545733521923,0.054547381916493,0.07473055498962222,0.023786462330822378,0.11802591265099771,0.22428662833542834,0.07292287401960595,0.05816684285015361,,0.13992042352718492
2005-07,0.12364303457805215,0.01674791163994982,0.07255019290361475,0.03967001684646565,-0.19211734721805984,0.15533915252262998,0.0930550656675797,0.11191618587381225,0.0563513492447274,0.07480950280037169,0.07490393423029995,0.016109489700457003,0.0102126519848873,0.0845807990756775,0.06975037923103988,0.08661966975347579,0.07444219906959204,0.06846060902205364,0.12707685267366053,-0.03873746801220557,0.05089909166102968,0.05807852286154036,,0.005412642432326198
2005-08,-0.031824654476312664,-0.05976894704029578,0.00550300908896495,0.1108995459511184,0.23849390222366518,0.0748313567160126,-0.013106295630186615,0.029943609365944868,0.0035330889783899977,-0.15701443270647197,-0.032380317384208435,0.05291615498696833,-0.027060086847056186,0.001964410224750468,0.03565835277619778,0.05083957140994477,0.0569516214850978,0.0006435088651053356,0.06306540199041755,0.21139941115434802,0.02526781407802381,0.13700674888596853,,-0.012569680289900131
2005-09,0.12148297180273837,0.008989586382889492,0.05878639978716538,0.19100303775422445,0.16818254858565695,0.020904267621322026,0.13146441240367657,0.08340645365462751,0.09786833413161777,0.02799529434720771,0.02371168940553048,0.040572122873280936,0.015152582116324087,0.07889741182020127,0.17561805970518618,0.1118695370970546,0.12435743925683806,0.017890599783904504,0.01712347329873376,0.04200833237482815,0.04584156269069162,0.09369029865354817,,0.13476720867572678
2005-10,-0.05945895357183806,-0.06921014468676989,-0.09794715028928691,-0.059967295942934484,-0.0029113709025592183,0.042562069441488326,-0.02251751030666449,-0.05422379020569201,-0.10194916312174696,-0.02741945592003947,-0.021053324737360102,-0.06884827607745092,0.03694463870915543,-0.07066275212145001,-0.09794831837161244,-0.09364383725821923,-0.10268998479565639,-0.0294860481601269,-0.11863903837290579,-0.005776159690984328,0.056900486622526225,-0.07452117178200779,,-0.002761638768765562
2005-11,0.1182034246080832,0.08961530363883408,0.07039955589645275,0.0894689064156815,-0.0494890511760655,0.19233011261149002,0.08338645841686576,0.19541665105668038,0.09866006132012362,0.06182459174165977,-0.011874869377293207,-0.008461063408328307,0.10867636654544066,0.03212874342674277,0.09491888589430242,0.08230054838772727,0.056070083192853115,0.02494845308306437,-0.010868022189513993,-0.13928860784986408,0.10455267496612519,0.022175651978924904,,0.0003399246672000089
2005-12,0.09714600938409501,0.07165668389980695,0.032093068104419586,-0.009638365929251047,-0.07854795300000006,0.14516193445055459,0.047840885769346864,0.03255203204703094,0.09601927760399032,0.08933454569581722,0.010668498728747311,0.09285070122683448,0.014386788750286872,-0.020295728192667895,0.0022738143056191262,0.11258205324395743,0.05337725558388118,0.062206154129086144,-0.018398107612166426,0.011524198999999902,-0.057331577999999994,0.051122713021221955,,0.13431152519124145
2006-01,0.08999672906350753,0.030654438731566813,0.14071370008938788,0.25054616529694407,-0.10266084090646121,0.12235373229274327,0.08313942081661407,0.14316919807695339,0.07570436646435108,0.12344102520876654,0.030090370246790732,0.13115378076311224,0.04800466396252001,0.03755868376177296,0.1713841865719874,0.1603727123807408,0.07459616263499202,0.10842647958795659,0.0930574485884279,-0.05277925733539468,0.013870343691219977,0.1198084872024876,,0.2653618526695194
2006-02,-0.028090261183083665,-0.005542227255976195,0.03150108028670284,0.019787424737521375,-0.07254243203135724,0.03977745058707005,-0.0140672886985298,0.0631929548914496,0.025040411808664453,0.009587784525312948,0.035148678082915996,-0.03331289870627907,0.0014957349673296871,0.04334191797045861,-0.023933696700736973,-0.056115333080409724,0.0023611177578519715,0.05472308940197301,0.026835562697892446,-0.18637887416363808,-0.029614861426682904,-0.01383665671882206,,-0.09818660334390983
2006-03,-0.004122034586888423,0.0012302649299558155,0.031949413073603106,-0.04720091542731475,0.008492279135495773,0.007176691504515054,0.0027466130193727345,-0.12173908285050894,0.09962302053686378,0.10687195423442652,0.016789760489570815,-0.012235788171342632,0.05798642199920989,-0.006268699743157802,-0.026508107123999092,0.07719903303999387,-0.012812112873495152,-0.017529318020289897,-0.041326462986151946,0.03588982318356071,-0.13890246821359786,0.004534333409548896,,-0.049884922775031204
2006-04,0.06785786008083794,0.1002580169293692,0.052395746889586814,0.09639649403991135,-0.15900380466308528,-0.02253540883722671,0.05372048710326971,0.05266244795751396,0.03512071942911654,0.1404560873881482,0.04269242852257338,0.08844491689834233,0.001495110392140564,0.018642849358920355,0.17065678561764552,0.0383090689807315,0.15860148367478333,0.04105364552286894,0.11280769513767175,-0.01166284889017355,0.0606159560618722,0.004982423491734167,,-0.01669373498445126
2006-05,-0.07617401725879835,-0.0668816356040044,-0.051566089487510625,-0.1618718923171657,-0.12559858682668223,-0.19341814413356206,-0.10977771393408853,-0.27788044659184585,-0.14169560601482611,-0.14149809797164037,-0.023708117415941588,-0.09040513607114298,0.003771940682551156,-0.06756776083512206,-0.1011924776608425,-0.15218272972305757,-0.11640962074920658,-0.06992423413443505,-0.10991325787539952,-0.1499583403050786,-0.025641686627500104,-0.07040899999699357,,-0.1709929156945995
2006-06,-0.016414029429617893,-0.017341893790003837,0.020709510961995692,0.061837983572228694,-0.09162239409652972,-0.12923631286093973,0.025476990364673435,-0.07217135654566653,0.020603820309129217,0.00290478150849105,-0.028774789176132187,-0.04064506058001127,-0.06829797455757047,-0.014444741576282838,0.09693511378040909,-0.033679075144872894,0.0005615824409666015,0.004042096659327754,-0.07324309513404748,-0.013758234107608458,0.008751781569181771,0.050177932539979375,,-0.09924145734585854
2006-07,-0.0015625557897801512,-0.042540880106514245,0.026527482946262948,0.010898316017872611,-0.021360976730446457,0.1418964921592185,0.06869491701954722,0.08044657179740877,0.0009558647627181394,0.06398213995914004,0.027089928615297687,0.0347016384415606,0.1507242469638761,0.003522775559703595,0.07239959838791243,0.0006674972161959669,0.16707640775235855,0.010780226069013299,0.08222267245976922,0.027383925953018418,-0.04618428244736983,0.045375212738310244,,0.16329315936976174
2006-08,0.02478374568567454,0.03677073122391006,0.02181167466527767,-0.005380574684757167,0.13930629404743766,0.07039544114076457,0.03504843389752077,0.06139992132021299,0.09421273453319734,0.05892868856975353,0.026148032049744474,0.01925032023739437,-0.008284138777178596,0.03541195339684422,0.0065831174432045,-0.0021283783230494624,-0.07819346632985058,0.033287206172083916,-0.04587302556809614,-0.03721309499465886,0.04809223070678925,0.012490183688913081,,0.09453242132349593
2006-09,0.03081417662761532,0.0416751516487508,0.037217910961791834,-0.01838491076588744,0.0023281854545034175,-0.01897090216823727,0.04887123678735694,-0.04494841512514802,0.0786551371643387,0.051905023796780414,0.004792975890459905,0.01198809628336961,0.11787506137276482,0.040885168748181266,0.02963186810980134,-0.06355061946094287,-0.02708863552625962,0.006285033015958064,-0.0071206742402621925,-0.035631183075008566,0.027689583524207473,-0.010469899947767702,,0.04270276633773462
2006-10,-0.0042158745805734865,0.008421229316465384,0.06899822911234343,0.08542380758214607,-0.0368151828853831,0.08530409865859423,0.06849873587680722,0.15024598971815295,0.06641484948597931,0.03579669689507181,0.04055032390003732,0.07829567217685773,0.06694946054302409,0.07197030166289675,0.04944858083493697,0.11094361871118408,0.09168584885500763,0.0648821466439311,0.09597674682428936,-0.04199035344911828,0.09321194375897845,0.08486033754414612,,0.021243232998944483
2006-11,0.05587626304447246,0.10463660743939007,0.10929730188560671,0.06078197373745731,-0.15976299925618076,-0.030821599872817518,0.04482185157532004,-0.06972050970780563,0.05718185253009089,0.09727488473485613,0.111021030760319,0.0480993029810044,0.028049372707241504,0.06132083593596005,0.06306586266742498,0.07693157293273956,0.1046467711969592,0.05760861072791412,0.08579960419276511,-0.16364902249121582,-0.08705602444635263,0.0716407357787554,,0.009233230706288342
2006-12,-0.0029192590802477048,0.013840629914724012,0.14581016398456126,0.08210770912611975,0.037220543236106796,0.11776277389065082,0.060117985581487066,0.054336954122262915,0.03120698011817291,0.05288428472726192,0.045000433035581766,-0.09804140391033711,0.09703309349933775,0.043717393979642916,0.02045886439002631,0.0735144881306471,0.01940551408562241,0.021776299326472737,0.10953387825381,0.15535387499290798,0.037301905580089834,0.016326719704998105,,0.07481896588523873
2007-01,-0.04383503335206007,-0.027428464329006585,-0.04238366549117856,0.010254198612505538,0.021414258815333875,-0.04591220935454865,0.024913452875825026,0.07344419500747934,0.025507903206543947,-0.04759386874489191,0.10372826385796641,0.000918785167756786,0.10025158107489562,0.043160720870927705,0.09045852821852396,0.0029667333709779697,0.03784601373457619,0.061841661249105506,-0.06372766343487479,-0.09163998879091706,-0.005315965795707478,-0.0074689403656763576,,-0.033548397290182774
2007-02,0.04466565185364346,0.017646886399090622,-0.017567575832946547,-0.02787581428025676,0.01688315653501471,-0.05179900783314728,-0.0388494830903261,0.0029291805132227733,-0.08633552303640901,-0.03487647857252485,0.005071472076937811,0.0657912439567987,-0.05858344125226156,-0.013644058264560943,0.10474707851644571,0.004033879987185074,-0.059855843796905006,-0.03689140050667139,-0.009960771549492597,0.02840692802866096,0.055668082020330134,-0.0196883485992303,,0.07289363202565169
2007-03,0.03156959501725698,-0.02203116474835909,0.038538549772509256,0.08116185287333932,-0.11125624871146,0.04353293259551205,0.07544098347680595,0.06511349130189914,0.031450673024539855,0.06533155058610629,0.06634496395014433,-0.029488984819121655,0.05181889321909661,0.039620917247302545,0.03785254861844334,0.0636071997657277,0.11670351277040614,0.03285154040573368,0.05198588695432482,-0.00016585033359328705,0.11166832300413088,0.08968468130302631,,-0.001305581278216228
2007-04,0.0606264287162821,-0.002256758409545978,0.037625998193207444,0.06317360456658139,0.04077380083690474,0.04216031447149993,0.01812507728967372,0.05926825453273099,0.12114860183875398,0.08223675714519896,0.06678894744629438,0.06012693859319351,0.03051050204764061,0.11632694841611158,0.15528583254107287,0.08216894376790496,0.06423239000420833,0.045318693304751356,0.10952982542552081,0.06179642103165928,0.041467305140561406,0.09684014116504902,,0.03966735513706432
2007-05,0.08275223469474424,0.039224185715733384,0.07534526307231837,0.11756408617232106,0.1681605613065036,0.07990165761034951,0.11770191268441255,0.08525009338859202,0.06945818487307354,0.04506017907749338,0.03613085994067777,0.063168726336013,0.10906200690554813,0.023910069599701655,0.06665697168221385,-0.03290945544918389,0.008097311865253198,0.042899448307640364,0.038528388827704374,0.13076496169158047,0.14663471327620137,0.013172301441314316,,0.06170389042371838
2007-06,0.029959825989958944,0.10118052947064116,0.11534307897478957,0.04271469493909219,-0.02219095068248378,0.045372264759125036,-0.006912341128153532,0.006969337589168401,0.007851953908763365,0.02571800460921092,-0.01549284564409481,0.048118634818379524,0.058769399704717395,0.055396956755358495,0.08454655892270524,-0.01862359078201381,0.060758697848513954,-0.02254899560892254,0.11715759785951452,0.006083425997958525,0.018099994869107183,0.014620807535874025,,-0.0018793351073409514
2007-07,0.11019729809264733,0.03569102121155132,0.10349509308031068,0.0423295914807591,-0.0411270341143154,0.07443196280349151,-0.04106652564191826,0.1503717995563183,0.06231817130204975,0.09391526317619237,0.01589192654210314,0.14318630055428994,-0.016390668279143927,-0.0242854043608538,0.13597846427587212,-0.002137601435082681,0.005758097245352589,0.023671242836101447,0.0003217736316496467,0.05245256037015711,0.049398165778997694,0.01107031943261072,,0.05513997882819499
2007-08,-0.04445858676814274,-0.026285543361058816,0.07205201474012601,-0.03517812649515173,-0.011421703208557399,-0.11102112972072098,-0.011706865100689523,-0.07186549072574933,-0.03139942408019414,-0.058529927387450775,-0.08244535243971995,-0.05911539382977782,-0.06287384625699088,-0.006103022106784706,-0.07427292238756711,-0.004611295346117039,-0.05303333501928986,0.001480277165502919,-0.09202018049464167,-0.022031079840545642,0.006493934249634403,0.016315905983442125,,-0.06606809137007541
2007-09,0.07453918772620582,0.06027753394392921,0.19938906549288649,0.20084114531986552,0.0035139811707320945,0.041712195351216064,0.009219501867374635,0.16524567461367212,0.16818804744042604,0.12131118788929074,0.08392937177451221,0.055430877628219966,0.08250283935016611,0.0051614867464482295,0.1614193500129475,0.0675755552984616,0.0603383822676562,0.08342926254641991,0.09171423871351392,0.09914829534337621,0.01559472154217767,0.10485333746003711,,0.1333521858065272
2007-10,0.07094411709740234,0.054178023241217454,0.16594210016847333,0.15700557511252944,0.2347471372038079,0.04873360277957528,0.04809056415211255,0.11310681577068094,0.17000022431391182,0.16461238708486348,0.08196014798256668,0.1067755697738646,0.08394856506511617,0.10131112617112747,0.12804538433221402,0.1401398158026863,0.12412297901220404,0.06218924196894382,-0.017546239088338744,0.20957255615144854,-0.023203786512463798,0.12741143733280613,,0.09544487763048837
2007-11,-0.09530104914925774,-0.11220110551897144,-0.1351494867973172,-0.04862871025777038,-0.020931311645152162,0.025728888350882162,-0.05597297001114221,-0.07583067833177848,-0.019973452990259988,0.0030150682078695645,-0.024943398754945334,-0.06617814044285086,-0.044554144214346114,-0.09329861179101284,-0.1393725100941563,-0.07541702743964207,-0.07692786187465228,-0.027976326275037544,-0.05587229771950719,-0.012601815254579263,-0.06727052775718734,-0.004192780482848102,,0.0297507816778817
2007-12,-0.015028717347240761,-0.013288839193717927,-0.04446830576682892,0.02928325346864913,0.09475025995353481,-0.03266040991460162,-0.010098697538366341,0.029023174237926552,0.07545072113872253,0.011626076210312863,0.06459588791288562,0.021799842698450256,0.039980157132851746,-0.015320317846739928,-0.01714296365780632,-0.039219419992364335,-0.019636861716486598,0.029694039277394557,0.011667754287455923,0.011339243018633871,0.03941617601245628,0.023365309172040938,,0.10220691969549023
2008-01,-0.13624862019881945,-0.10509837798275656,-0.21560641580855966,-0.08261914212342647,-0.08396555949581674,-0.07125757067015348,-0.013067604626632479,-0.2357834540411764,-0.1434048608377776,-0.019665322950687902,-0.008510585075766186,-0.06673304246532341,-0.0756595831221466,-0.017153477228696423,-0.04488567797684051,-0.1315690416710712,-0.1392798730121939,-0.1404750325814038,-0.12220640289364848,-0.008551449230792985,0.10002983671298904,-0.10811155529781613,,-0.027209778569050713
2008-02,0.055483602682264266,0.1483437069540663,0.10780136124895923,0.12066461479430268,0.02908443509591474,0.008049997158952715,0.00622167192958778,0.009959117252401839,-0.023929569351288427,0.08518980127107567,-0.0032721659356190758,0.13386279150481828,-0.04096650273038516,0.036889888148373906,0.1620669888122115,0.05835306211621938,0.0353672368768283,-0.044343762913262474,-0.0008629551486106779,0.10575495052464978,0.048066383681224734,0.10721049334085309,,0.09948561382234211
2008-03,-0.04288181474144381,0.02451994184099271,-0.12177375045071759,-0.07592030706233144,-0.07272873133403468,0.02098342468806469,0.05804535515064768,-0.20116133372658163,-0.12677362884967946,-0.12069494836875139,-0.08249139225202029,-0.023162319091212136,-0.06310844182282382,0.0774187999271696,-0.051079468356761915,-0.07478648114855402,0.07858571305843087,0.024759748087670674,-0.015915890878555494,-0.08547986855787337,-0.05240925674736285,0.008732846606956945,,0.008814247181940127
2008-04,0.07194428191585911,0.04207403741099891,0.15609707594519517,0.15364815003424948,0.10040339699553291,0.18613102254554392,-0.017649001300442113,0.16600512748883456,0.11077747422595685,-0.05858111149099332,0.026751706134268805,0.01898861954944886,-0.09668126285154299,-0.010706568306584563,0.05123794726588171,0.12677134344327623,-0.01588834246108617,0.04552525534805896,0.05664670574794206,0.2337365962757798,-0.005821074867970455,-0.009879227471735974,,0.05514055798351847
2008-05,-0.01755073406714458,-0.032161855335745226,-0.04956758694791874,0.11494285359440548,-0.0009605505892803512,0.04099598602307508,0.06459613108569884,-0.031243627326393297,-0.10127568202198611,0.03995296926482861,-0.030372728338068256,-0.029530736446016004,-0.002142488093918593,-0.010449449882867223,-0.003252479684020204,0.023488980021441508,0.031224491448970992,0.004924497377711612,0.050204215278401465,0.05163115058759904,-0.021374712017217634,0.11091084536603035,,-0.06580559238895267
2008-06,-0.122461848428712,-0.11297585207587002,-0.12139578707360243,-0.079307660045139,-0.03610459266092003,-0.15880393967194228,-0.0870469281382068,-0.1245608211997552,-0.19565385982806482,-0.024660863307422454,-0.08695729985227552,-0.10813300422890693,-0.16547848042182733,-0.09731558537913498,-0.022617161174227518,-0.09360673348687365,-0.09456681523115729,-0.17153523341461396,-0.0686702094881787,-0.007203806951315173,0.014820085703679986,0.021045425800713558,,-0.08954114705241001
2008-07,-0.016095175920380456,-0.06127191385599329,0.023043902633247182,-0.10385878154076367,-0.01889450436847473,0.07259114387505528,-0.04230369818802138,0.2828492257116979,0.06716811710998671,0.00010754207109431313,-0.013072633529210176,-0.13351594367073072,0.08240869033293596,0.06036039684797401,-0.16295262997125493,0.029278963031948324,0.12965801160370383,0.006299716383763698,0.10268165215777691,-0.025495702627278294,-0.01637774245789969,-0.031463341957804536,,-0.038398600616092016
2008-08,-0.1380176714240452,-0.009437485392676193,-0.08182551316122488,-0.09880539751806283,-0.12313563409913453,-0.028972911247869715,-0.04227124923152836,-0.09542224837168067,-0.011684457678378668,-0.06742463618378236,-0.08746284215543487,0.01629706374164086,0.02188456690074747,-0.05575167251896185,-0.07351276685832286,-0.04717385281519082,-0.1341051522826826,-0.08276700621300559,-0.10859092831298178,-0.11752701944829291,-0.04375232622669489,-0.08981974444202057,,-0.09266901688006524
2008-09,-0.10642205023833007,-0.1890681085530077,-0.20388899658919446,-0.23066198284587602,-0.16866330322674206,-0.12062496520590349,-0.11389332046546985,-0.14387182952064326,-0.1839347339479258,-0.20839345901246376,-0.08802824156507594,-0.11964516423429761,-0.06298748785603459,-0.10407214858715552,-0.1528755602096703,-0.14887492955441606,-0.13522169244318205,-0.14835868434917865,-0.17719337040598448,-0.09814016236438738,-0.1191907234536147,-0.15569896159931684,,-0.1684827538037531
2008-10,-0.26122200035041576,-0.18619944942313593,-0.2274280772756635,-0.3204676489738263,-0.3336259765566677,-0.28163485999851345,-0.30675376540312194,-0.34274222599202786,-0.2847527070915541,-0.39476528087726326,-0.17469521185874992,-0.3300890652145584,-0.2432972180775982,-0.2561509107508092,-0.3604337974925408,-0.2618232723903148,-0.3385024558076941,-0.367031388804404,-0.4334915440989785,-0.2648396571525996,-0.19036640002246974,-0.294446918347011,,-0.3244493843585906
2008-11,-0.16944628518911975,-0.1080334686853458,0.0455042514549715,-0.09211052265801212,-0.29900752098893946,0.052346752790434437,-0.03556194577440219,-0.10425386463772734,-0.10669336725675282,-0.1172259943880517,-0.0120661593485063,-0.041640370089341405,-0.005776172820147085,-0.02766674965454119,0.12705418526532464,-0.001834763677811213,-0.11839509279169469,-0.09834985842151545,-0.08675953020244742,-0.16220835921484056,-0.08575161777538953,-0.06791487671133112,,-0.14492096719097414
2008-12,0.19818305269449055,0.04979953864171538,0.10500145945195438,0.01899436119536957,-0.11711122913991845,0.0895752112543049,0.046731988394021595,0.06279206163258166,0.09698978412303472,0.24299233595128666,0.06512325465085267,0.1400399402705319,-0.012064040693148814,0.02658214390553515,0.1725369105799146,0.13600700273069588,0.04443314126266906,0.034143266762495905,0.030776590120644487,0.19422998096490152,-0.18740834918324767,0.04553147561261839,,0.1740954828266148
2009-01,-0.039047251169500696,-0.10037919475516488,-0.0830350403254595,0.04613514703914867,-0.17374994592861304,-0.061297012833445685,-0.1271619710023455,-0.09616715801431586,-0.02011638425084794,-0.07961288066832051,-0.02179776337051975,-0.04009769868170643,-0.021226650669971092,0.10817089027078675,-0.12418360665204864,-0.12576255906053369,-0.24916416712514788,-0.0756628651117327,-0.2545991133819714,-0.2341997981823658,-0.16768740264324278,-0.18014903415058736,,-0.17390232121627203
2009-02,-0.17712144617025705,0.03963912325495711,-0.03173230562354645,-0.02903414973753049,0.01577145388970358,-0.06939689912936675,-0.132794365311111,-0.10970598023119549,-0.10366452781299629,-0.09154765012579213,-0.012321908851712027,-0.0433695248032544,0.0027162279704728842,-0.005896932038646274,-0.04249006826484769,-0.06548629009076201,-0.20370006521951345,-0.1897732609929692,-0.15900680410542378,-0.12290878904519553,-0.13055578254749367,-0.14208816819520775,,-0.06425996014473834
2009-03,0.2637575548088238,0.15799401053014894,0.1412970222250023,0.1075731731277414,0.09282553334163657,0.028904207550481065,0.1367683346670001,0.08524222125749148,0.1215247347631574,0.20989533119726445,0.0034719226884984966,0.03516471461532711,0.08713275691773448,0.031619261317789915,0.27054763198838794,0.17555763642047895,0.1466127582714989,0.16751867042885116,0.13547241681060807,0.12480164588936615,0.15006079870999578,0.19881768839754121,,0.14561589992749524
2009-04,0.2142507807153622,0.17403466064384987,0.11104923663057442,0.20217683549069787,0.1389722281648338,0.18647330995030442,0.14549618612269533,0.2968493720152403,0.19547134525828613,0.3054352802281337,0.16089164405984757,0.18983290559157306,0.06966083709681481,0.0764403162635654,0.014748562778621688,0.11591951886047802,0.26313792832599936,0.246572331219997,0.27301940546737224,0.1547992319639908,0.0888543618900739,0.18125137809816816,,0.2308864567232105
2009-05,0.04088709325452866,0.15250807692467339,0.17387097186266764,0.22073034658552615,0.17902854960576176,0.20448425936406434,0.17233205370441196,0.1509481404960218,0.36676360727083424,0.1113670142387555,0.06989235594055132,0.1686239555646456,0.1666587600809244,0.1930571832352841,0.18623245990719428,0.16288457558920189,0.03676855264412571,0.18884007530784896,0.27262155146896827,0.15777288527111621,0.12075845875830415,0.0935639428440882,,0.10773605331858982
2009-06,-0.009979365563720366,-0.07595265190215117,0.04130997114822632,-0.03941866218294543,-0.007138878520064451,0.06790052478926167,0.009519632467980488,0.053137242736546186,-0.021738924864978415,0.06770050309001951,0.030979687201773798,0.10581829320047786,-0.002838150274618978,0.049192748740810144,-0.0760803789328145,0.012068410438933919,0.0462192980629168,-0.06154288884551462,0.047375410169840926,0.007184825366666869,0.08674734316100885,0.024132659581131533,,0.006590582959737468
2009-07,0.1861434593360065,0.1222889653842536,0.10833081351269569,0.08822172726450228,0.08785857044497547,0.11701752660394593,0.1062033636959494,0.2076876614259926,0.08920757242927024,0.2446089158617064,0.10309340775077946,0.03931496164985493,0.16279332319589868,0.028670953316712877,0.16269540779377323,0.05119360198184064,0.28596625499056283,0.0975565999044552,0.1722750629135823,0.037120013506248384,-0.00033507667143828357,0.19384956961357358,,0.09946861349653591
2009-08,0.011760726427277879,-0.026558032372304363,-0.07029619062873282,0.017099965210577217,0.08030672086993351,0.0467894890784033,0.05028281751582919,0.06123858978721208,-0.010856616848528677,-0.007308498784083128,-0.00011756000823903712,0.025270762543281755,-0.006846650270075361,-0.04421659733198957,0.0484527881895902,0.056722542680681,0.06356525867851359,0.08444871438311408,0.12930935027492363,0.05734196554471005,0.086730906491429,0.016034007192619937,,0.0965662352522183
2009-09,0.12057853689134279,0.12720876157553174,0.046762669762005826,0.15202220474687733,0.15436031528593408,0.16191854970253616,0.01679670203885686,0.03347239287449,0.11008346107179912,0.11749656922626128,0.04100767449163567,0.12652217925436804,-0.0023072054865985736,0.07449091743441993,0.18126389188672531,0.030070364852173626,-0.017137914225139328,0.11560151450019318,0.07294314575022809,0.032361219336731306,-0.037724476526255324,0.014222992805814627,,0.01709404102890799
2009-10,-0.06277476454991693,-0.04120201323544903,0.06443150846502443,0.027636783321053127,-0.02134383138975271,-0.09103533793970742,0.004868293517955147,-0.023387741260508355,-0.040148396156483135,-0.03683063211024684,0.046641181144056354,-0.06436025622408503,0.016280874446775506,0.00787324713837756,-0.03957146727108296,-0.01200012243751103,0.0663231308432779,0.01847291631005854,0.012628854171365056,-0.025621270588116585,-0.08517464746169179,-0.04229445598226944,,0.04196214629225725
2009-11,0.00785767784155711,0.03869235389694259,0.024569873802164244,0.08247495591623566,-0.14634580050001122,0.053653308783895515,0.10025172474860633,-0.06573966472183446,0.0841164950951021,0.03329645456121444,0.01281293549708895,0.006320599591150167,0.05165858801912915,0.054797400376171534,0.12351688483759138,0.054221972459769674,0.08506368629136074,-0.16110646746571056,0.035138435925971434,-0.000677023906706431,-0.09737535300479916,0.02486815235795281,,-0.1611336157506258
2009-12,0.08326005788923507,0.0853328802208817,0.004609478988285121,0.01630639811629364,-0.005322410958011892,0.03284856578441775,0.028074127629263534,0.19649501797970803,0.0350016675354341,0.0571302896995014,0.0063524379412605025,0.07332227256456392,0.027412480085057922,0.08574856318170787,-0.0655560953437665,0.04982124255824183,-0.024540671419934768,-0.0916007275450057,-0.012348934519938681,-0.02926301481561211,-0.02277533417286226,-0.051421166941558405,,0.07263304306303464
2010-01,-0.043507275541184054,-0.06482060170550175,-0.08635619166833386,-0.10933969457616433,-0.09774809693578423,0.02256104977356066,-0.06231650332542049,0.022563579140074452,-0.05295794404461596,0.020214855152754785,-0.008773510713733224,-0.05312821695910541,-0.05854653898640483,0.03215871529256531,-0.10090261526151001,-0.05289820997703498,-0.011191603734553857,-0.10420874806318148,0.007139789014903197,-0.042882554941353845,-0.05615324582967418,0.02028894949270077,,0.07317722687264383
2010-02,-0.005342845765341386,-0.03668844901367463,0.02193891884663124,0.045488595611916205,-0.05212192081860445,0.045184360299576065,0.04247771524328625,-0.12388722741464009,0.013505208074047204,-0.036577081070070294,0.008731014044252472,0.043517417734676656,0.05807519136354511,-0.009836036638480428,0.07846190631866867,-0.003396485898262691,-0.05048799225471101,-0.09770432294447051,-0.05063926053354362,0.06019872893227185,0.2102138057004732,-0.044363286886458186,,0.01455228423987176
2010-03,0.09345497298680305,0.06752334599479815,0.05415919738814612,0.0729649445997087,0.25198731422725595,0.03259603455990545,0.1031486902303762,0.16073220678429867,0.09241767869883333,0.11938234023347594,0.09080060913692756,0.14622101529640386,0.05607463884448727,-0.018555818424850212,0.037467667477116606,0.10791929819928825,0.11025259049190095,0.07435615539799789,0.17782930698557076,0.07604696724670634,0.03634113471562572,0.02352027350568342,,0.027496384113009364
2010-04,0.05649569148185796,0.025450059982377926,-0.0033304083265680573,-0.00889931043852088,-0.028017382067255014,0.006019482772217755,0.0015021300350310796,0.07511021286310715,0.01877252892584136,0.06101004128030607,0.043142078263788575,-0.025181084319473745,0.05121104657999731,0.03662239177650983,0.011178077085136184,0.011915259440910209,-0.006249953893502025,-0.11465285648698986,0.0034871620274044,0.05306225875876547,-0.010884178716117021,0.012841605570680592,,0.0899413000417213
2010-05,-0.13312100877742683,-0.09815830536425874,-0.0535963655636954,-0.10483710205947794,-0.12431049177776832,-0.017221728466469854,-0.06479033450351435,-0.11355462736978195,-0.07987659595234564,-0.07564072731536498,-0.06929846675825235,-0.02695405715903698,-0.04426061979190066,-0.017579882844738548,0.029662499744220083,-0.0732517642846523,-0.14654003380251834,-0.2584045779779832,-0.22510479898277802,-0.09999941550156044,-0.09145761888256254,-0.12116284620847728,,-0.12993113787459343
2010-06,0.009217681366889607,-0.01911909904492126,0.01270403222063532,-0.04428046319581436,-0.07516578142711716,0.04760552333901091,-0.02863798404913931,0.0069942075347795285,0.042898320697013714,0.06495874284671754,0.032304650300020166,0.03660819435381124,0.025712407506856882,0.010071943565902464,0.0008969020292681762,-0.03530337423383334,-0.07532767906809457,-0.0925432122740395,-0.10288247311262477,0.02033706041561234,-0.004108686123579619,-0.022893778990627722,,-0.08670391725343252
2010-07,0.07562788570799461,0.09579470207719876,0.04369232238018439,0.13734484383430168,0.057799217494853394,0.13244424993315884,0.05843598849857523,0.159823943640641,0.007261331839951479,0.06321757287540852,0.055686660732021664,0.0611669126017349,0.028470247849372132,0.12074210557892329,0.0799675615110822,0.12587710877998104,0.19710118056604942,0.3070496866733927,0.13423023475428053,0.018571854508270924,0.09418889016955179,0.13720641171021608,,0.053330908408015576
2010-08,-0.025810109373998635,-0.012451275531764394,-0.027516950408840724,-0.0320476709815396,-0.018364856956102016,0.0909781921117081,-0.05036215089180307,-0.014271355095527571,-0.014385866883775411,-0.027241784457587848,0.06468481303524887,0.09391904052307942,0.056352636759931185,0.07266453960392294,0.04189235443141048,-0.028721685012311315,-0.034759841389220836,-0.09335435815945903,-0.03787753200548183,0.02245738250484486,0.06009261505648755,-0.04744519659211954,,0.016483709903438504
2010-09,0.11856004405000387,0.10770442875300579,0.09098117130504879,0.10601883731050932,0.12609053349378363,0.07122922137389742,0.10906680225354615,0.15345259003371137,0.16280871938253072,0.1400586307143219,0.057431103927995775,0.1417237669495981,0.19262499417483525,0.1029136524418719,0.10985701828008909,0.1466369092943154,0.1736256556724476,0.003303804522907239,0.16408796839751227,0.05924221992595413,0.10924852830323517,0.08340649878171558,,0.032844960752554275
2010-10,0.015258558278122614,0.027367186174349856,0.038925750784562174,0.01457091500038743,0.05764103160974399,0.05901294182320149,0.08212740182234612,0.05559719627755855,0.01624160500307892,0.02907550189936159,0.026497005271520102,0.018654518889490213,0.016448471764510364,0.014709224664145149,0.16565504559206912,0.017203235424420038,0.047572450535705135,0.0811830888814784,0.0492732662513411,0.018222464289678886,0.03689817611640889,0.0018361274445437559,,-0.0069653688160589144
2010-11,0.000432871547382252,0.015753129321220527,-0.023785040968967164,-0.04767177096690567,-0.057764193183374224,-0.13131643178467312,0.019528170273506174,-0.09991491000641584,-0.06530800997640207,-0.06844105107375797,-0.028394756245542108,0.0037796962473537477,-0.13135280006747663,0.01057644059122409,-0.033622536192101204,-0.031395346206118946,-0.09587962259362981,-0.1548980958816818,-0.20020484552003326,0.03982204819022317,-0.030197519398289296,-0.10895494709606046,,-0.008555162338331312
2010-12,0.11076866367427929,0.12466113777870191,-0.007146390199439412,0.07171771399236038,-0.0013545886790418127,0.030447151047109378,0.057645590570711835,-0.030353703972542445,0.07605063019998326,0.03639223715290241,0.057369615701727605,0.03547932115050245,0.0924927024318627,0.032270830537985074,0.03982450414608829,0.14826183605350907,0.1034603241201566,-0.016569466063688143,0.07967893086486466,0.06453068626015712,0.060577918950062815,0.08146015265289996,,0.06566208733870837
2011-01,0.026444323330769404,0.031991842566021944,-0.005200028783311494,-0.04169976778082485,-0.07703337966754131,-0.020882164078996346,-0.028414507568521374,-0.09869939913569314,-0.13059852481246204,-0.09927179679930698,0.008772082783496726,-0.08818496521684815,-0.10430442627336356,-0.09060803414226348,-0.12045878638097784,-0.12216117624616907,0.014577527040698257,0.17746671916413526,0.11546481049848589,0.01113258844031395,-0.007003100499378689,0.09040449598647715,,-0.20852368842377167
2011-02,-0.06185409420361554,-0.0877670710026931,-0.018036810488084698,0.02990133059876454,-0.08519434873528131,-0.023763792356305324,0.00852499934568307,-0.02376843421446162,-0.01764532002452901,0.060095334606146356,-0.01861718821089897,0.05786742459321714,-0.013016809411622643,-0.026475730727520186,0.017107133586684586,0.06416135622683883,0.006093618640676368,-0.012901805749640727,0.041438945618992085,-0.06919737398582693,-0.05389925491569558,-0.013512412975406729,,-0.005375605731288813
2011-03,0.11696957904528649,0.017093267061209172,0.05321711427812548,0.04004199147851062,0.12251178723368072,0.04864731639545572,0.026672773181782183,0.07725517169057117,0.1110578488603775,0.09661023412134484,0.053069419518340766,0.07992597927987588,0.10005271704698915,0.04082014578557169,-0.033869587970876025,0.05052959367377663,0.047375948198850715,-0.009233882150923356,0.0346367833200627,0.0761379831241693,-0.03524171706241064,0.08140916156453493,,-0.02481813674567568
2011-04,0.06581937255193604,0.06638405325541386,0.016244510090160702,-0.006479941630531005,0.09553008069447033,0.046075439208485,0.01765960653689347,0.10514260694904598,-0.010438673269131948,0.05013083182628342,0.01920344596601864,0.06788089824511201,0.057973531231438,0.0935858989605991,-0.05099988845282988,0.05244079542991131,0.10494119288823134,-0.044836978667579075,0.11850060187691414,0.03959127535623197,0.09676788541655545,0.11576561263464047,,-0.06777508181627068
2011-05,-0.03455539964106935,-0.004445743321100704,0.003634176217298002,-0.03107379254762288,-0.03479921610345493,0.023356392231024037,-0.03219195961802912,-0.12380152778013187,-0.04225800967767035,0.008042378079320178,-0.003342347348804786,-0.04132619233648249,-0.03922325888240141,-0.005985000444156396,0.013435208706337853,-0.05200838156245957,-0.03242594190158554,-0.11311217212816105,-0.07170269462308754,-0.017856297483507477,-0.0723303384956252,-0.058368626740359475,,0.10721795398787815
2011-06,-0.01930206835502124,-0.04185285181952969,-0.03666499526206479,-0.0031157966563051254,-0.03287025724352188,-0.010765162676950935,0.009788001674612579,-0.007157512645036168,0.017678458638937578,0.019811495116828448,0.01936943547350567,-0.04158816034320034,0.01595508545936486,0.001249064850819881,-0.11781303996988335,-0.017481860341170052,-0.025803523395107608,-0.011345152509028678,-0.02011391453875666,-0.001072886190170541,-0.019077684035589626,0.012135766829432626,,-0.04229085685872902
2011-07,0.017839893385941386,0.010679158886891749,-0.008220405831346866,-0.043020221115599666,-0.014063388930330878,-0.028717619424683094,-0.007849386143220505,-0.04292387140039122,-0.022906312069639667,0.07319019800445847,-0.001959193611344001,0.11569216480034239,0.0671395630817837,-0.053741265827287665,0.08411728418010744,-0.00706591396231826,-0.028141462460267164,-0.07167153281278549,-0.07331113825060265,0.0016779139888216665,-0.046026837050748726,-0.02272208487456817,,-0.06337643757039857
2011-08,-0.13396454233886024,-0.090220326630704,-0.09318128981816809,-0.0645520136866169,-0.029433234484586124,0.0019972251032636112,-0.04331912392230364,-0.14786145692768582,-0.12351751931188892,-0.07898834457632398,-0.07677292481052589,-0.07363954600318334,-0.03879016643752553,-0.04415109483663604,0.06439005887592653,-0.013079311581049136,-0.12571588139947087,-0.2787818238598484,-0.16898980070417358,-0.005048553350976537,-0.033165160809614624,-0.06153879484571112,,-0.06490258467718868
2011-09,-0.12928396183483648,-0.10501130168177542,-0.16815222948551278,-0.18376574833268977,-0.05273998678176639,-0.10063745055348838,-0.1543607772009441,0.0351549237401001,-0.06516881339607561,-0.09917732534893742,-0.09895816973115967,-0.1711474697316372,-0.09210892117571867,-0.18448823503677636,-0.17408757279709508,-0.15093491386848368,-0.2069077591325157,-0.20251592402607832,-0.2783091876673359,0.009533841482416427,-0.0029287187782496282,-0.14616363241409835,,-0.09468295291064499
2011-10,0.15077501386695724,0.06849054550000444,0.15162176736472555,0.19407949416116765,0.012288468326401514,0.06692783247191647,0.13891293711659758,-0.024166328783570834,0.08563027047403282,0.0848643314715507,0.1243979073070034,0.12437758923001163,0.09997098583561637,0.181926560776289,0.15261376896598744,0.09012135377183528,0.13515969432029418,-0.0415956823478818,0.12843422725306475,0.017341086949601348,0.03526185660996295,0.06897119978938271,,0.09537092991218765
2011-11,-0.06352267593919858,-0.09457986349944714,-0.08401131322926314,-0.06957549490437243,-0.03649063549920062,-0.07367976350208816,-0.0188997359740114,-0.05180521637664692,-0.15965699587106785,-0.05649988585307397,-0.044848751149173194,-0.031699494199106226,-0.06126711990554401,-0.08975847367606327,-0.005707734446663615,0.002606327058413127,-0.09670979087820286,-0.21050944975965857,-0.03595984767599847,0.00319483327806358,-0.017068323642401073,-0.07890283938953868,,-0.10365339460886525
2011-12,-0.017176395633314523,0.029747933023750672,0.024822439983206435,-0.019453726889987366,-0.03884045925379309,0.03433801021999838,-0.020593837707136742,-0.08911499796238098,-0.060017575944882884,0.033741107262218684,0.04013836211559818,0.02383842914966383,0.03655285002312669,0.005244584796548102,-0.018300282399452028,-0.021104411606617024,-0.08393375064804842,-0.041905807433170406,-0.10251613231979961,0.020295718914743244,-0.019105663973116638,-0.004143745499724183,,-0.10049322561674978
2012-01,0.10553227680257105,0.08994819745523497,0.10825602678130841,0.1520522980780683,0.054967259494442366,0.09369679508037554,0.07421818422875215,0.18589224103558832,0.2097685568850538,0.03876976110007746,0.04436723848080315,0.08269253479551542,0.10328306088308481,0.07464562714090905,0.1028564494045785,0.0782588687410708,0.15108111728446638,0.24681252158763733,0.22187790505535454,-0.02404702804808645,-0.011354536456970266,0.040329200369397356,,0.28928568787931686
2012-02,0.049764496822463755,0.07432947506253962,0.0651699250528801,0.05457426378262187,0.13712791022793702,0.07451140758062769,0.030202679714070202,0.07066349478336864,0.04818678762280815,-0.013382398399906181,0.0430707788403486,0.12264632397967934,0.05190892885062204,0.0907580052360466,-0.008400137047195555,0.070972244121847,0.04379853222635788,-0.0800409181036853,0.06432755697598824,0.036647955307926416,0.0006176143221165997,0.06389350716939957,,0.14890823851527868
2012-03,-0.005162752773536949,-0.022329897293641543,-0.06887815443713596,-0.06323685188926953,-0.023226048070158156,0.004769139355171648,0.0444415733044119,0.000883495860938277,-0.05327642155378942,0.015369404606063064,-0.0035501111154865317,-0.0032994421558747433,0.0477125907900362,0.0056670655923301005,0.02808674712035497,-0.03669101617763204,-0.021883368347055843,-0.010177102169517172,-0.05610115211077926,0.027218329338733582,0.029426357207948062,-0.012640180618689656,,-0.047780769187268035
2012-04,0.0014262415941992401,-0.04176767379140078,0.03553173231575957,-0.061567588220995506,0.020771842061793055,0.08275299352331622,-0.005249333752283647,-0.025957059657035764,-0.04732295614662818,-0.005487745386883125,-0.007782480299810435,0.036019558725698175,0.027958650574925636,-0.0138263613267392,0.019616208675514057,0.007381666446793167,-0.029528857429424682,-0.06440132497614892,0.005507840609676906,0.0003713810177534693,-0.020373409098213502,-0.04635892696397914,,0.0005198664661980601
2012-05,-0.11353647841149184,-0.050245891690638644,-0.10488725227738627,-0.14405344513228113,-0.06939206981119816,-0.07521147281728591,-0.11826190789341628,-0.11698463642810264,-0.11596204989865289,-0.11249298050408207,-0.0415531239198792,-0.11527633140113192,-0.04057575721477824,-0.12413958854771845,-0.06574808090182482,-0.10830487690974222,-0.16988144064290944,-0.3025870543951038,-0.21412619358584273,-0.019091983443137006,-0.03845793479147519,-0.13697521844883787,,-0.04979389297638881
2012-06,0.029312801321667026,-0.005226544197518002,0.02211973641637588,0.01142064605258275,0.0016347907214930846,-0.002220278918226848,0.12754803371836476,0.17772009537209943,0.07414661666184919,0.05406514655802974,0.013335546679789534,0.0317759669390818,0.05578629927390932,0.05686252376160206,0.015301071446169878,0.05115906338484333,0.17718491823481286,0.11093217803975564,0.17295183114543367,-0.03218594787105278,0.014494934930637804,0.07624797053478138,,0.0026666363200427146
2012-07,0.03620321996337306,0.012756634763471553,0.014350728935680124,0.014468298942727165,0.06240104554320047,0.018871519240471146,0.022763927291725494,0.039104979665464557,-0.004232528868162055,0.059004288045301,0.03101631911345004,0.025672531723091474,0.02055805029019986,-0.002860386716122987,-0.0379058753545064,0.030473566764203985,-0.01125518798450209,-0.019855679187253172,-0.005941063324759077,0.014139389082927112,-0.04017119220574705,-0.023685292828660498,,0.03327668086991653
2012-08,-0.008582864567848958,0.029627648248551575,-0.031342313999997984,0.004541768897854848,-0.000606413431937125,-0.025962291373549773,-0.02257516070703247,0.041410450100971774,0.011267282229321829,-0.03565785886342521,0.006281706302730727,0.0056033695203372424,-0.023822820020225288,-0.013817960338127766,-0.0007076351446235751,-0.007788753856231789,0.05479437832190048,0.11112491309307693,0.01610359601310085,0.015619722534426339,0.004426802293625576,0.1511293546442003,,0.08778592315458345
2012-09,0.06952140712088939,0.07209445776452483,0.06585712479658024,0.028077011023677656,0.034634941721370494,0.030781802996127094,0.06796775504154384,-0.0005124317808914425,0.14628018458141745,0.05247918077525471,0.015261205523727783,0.07865305487163798,0.04870709829875852,0.029590678922285063,0.06997368076594856,0.04281613470458412,0.08534500568104053,-0.07881714940456475,0.08473677707285154,-0.0030145301496480315,0.06671596103265709,-0.017544032931969933,,0.09099814542237206
2012-10,-0.028948164344550942,-0.061122262900490276,0.05714370477744812,-0.009072373501825326,0.037078074709430586,0.0600017933987258,-0.0020393702907149924,0.10444503360445045,-0.03794294427467526,0.02859829093156696,0.024893724268063355,-0.017211467871977915,0.02805580887959369,-0.01591761427541627,0.0006732543593483964,-0.025684961658300698,-0.0234294766500468,0.16721695610457532,0.05672679509462819,-0.0063036146909983826,-0.027496275800270253,-0.0028985272054236066,,-0.03283652014134064
2012-11,0.026457010636065315,0.07190513866004622,0.018695063670777445,-0.02982600797428714,0.0016104509769363506,-0.014614296200895383,0.01784970491098603,0.002629667586445672,0.044669011788599056,-0.03361775342063,-0.02747000339903094,0.015291922532164826,0.055189254890406714,-0.03167269754976543,0.01301306116693457,-0.008588978796766344,0.054677440492451046,0.0703204584794257,-0.038182003166475686,-0.01933285231912052,0.06619880246658827,-0.07260578925364136,,-0.14740189656442226
2012-12,0.051419200861257286,0.009015904348393944,0.04813926670599189,0.07740556152908051,0.0012005728216961664,0.07805741412012379,0.04105861029873892,0.06935837363168806,-0.000182708222657868,0.01718861677879513,0.04044899407305591,0.06096687514398358,0.028319866032523455,0.04348249353143774,0.060415292868090775,0.10008668126518838,0.08490416821589553,0.025072600136520684,-0.030849150092047473,-0.008215078957241828,-0.030766457061175423,0.04701309260204534,,0.08195941480322633
2013-01,-0.03703379447226329,0.00239474195451983,0.0412439743641857,0.029015745924904746,0.1877037082360964,0.019901473960027616,0.05507273505698884,0.01680804883424547,0.05010287645979905,0.022438783558773157,-0.04758287434812569,0.05843868138155606,0.07760094399374129,0.07560525165120446,-0.011369942350215267,-0.05558226222051821,-0.030834903371762867,0.13933407733275516,0.11127893289103796,0.05470855872729796,0.039368641745789024,-0.06033157859228733,,-0.02120552550225807
2013-02,0.05002382416405049,0.0039466698312922155,-0.0393259374522571,-0.02485186066923617,0.043151024635959656,-0.05358902652663422,-0.03033827654267307,-0.015866113695966688,-0.07331554301694643,0.10090486057202974,0.015898429014268523,0.023667304040503545,0.08716507728224365,-0.00908801384062663,-0.06301619289593585,-0.02033072260642721,-0.037321385178505695,0.033551586127737565,-0.06302274956235998,-0.004284667480128679,-0.017471246146233854,-0.04012503440477533,,-0.02644408565523082
2013-03,-0.042794191385261304,-0.008373732503991427,-0.04567090724814704,-0.01114163613139496,0.01502518810473652,-0.031906761442430764,0.036916164777097915,0.08088244893323582,0.0013991667151749265,0.007817259973631474,0.024296113480489767,0.016341157565251896,0.015450013688500519,-0.019205973811477817,0.05210042624249844,-0.014860279217571826,-0.05166508129893854,-0.03171106222880016,-0.10335231851092574,0.028240340180989643,-0.019328506855680994,-0.04805098352113435,,-0.0642991812642063
2013-04,-0.023957915178844602,0.040359188418418235,0.011362412573854064,0.018756066103382762,0.11288910900203164,-0.03736146654001293,-0.020339992266258267,0.021364022660647075,0.04181888126310729,0.020442603637937262,0.047022058249265086,0.032651524271257726,0.025704672451074773,-0.031368019144208725,-0.11874053437300836,-0.0022268022688436417,0.009786654082447832,0.0009028000905173528,0.08725606937359753,0.02393847083416456,0.06586538647645224,0.005280230546773179,,-0.0029914812133907676
2013-05,0.004696719477151001,-0.0007956276268831219,-0.008481757879244989,-0.07096865676383624,0.07038610178154991,-0.07073962790394517,-0.05928844881419704,-0.03811989298793861,-0.029458898872857464,-0.038959792146965544,0.030347106486952713,-0.06656321770559837,-0.028150813027777666,-0.07554988867152834,-0.08195549837508986,-0.053504665815895525,0.03345829506441955,-0.07846989121756642,0.046961064978294775,0.053513266924358094,0.018060460711924353,-0.024941952601475914,,0.03979673299175701
2013-06,-0.08176086696710005,-0.02265575062399794,-0.06798633348572336,-0.12519017139306188,-0.05168309757745615,-0.030194191128142145,-0.036233826194768115,-0.13680964662349215,-0.06642391144478521,-0.04677926258156051,-0.015156283272690585,-0.05046354884805393,-0.08338535743301623,-0.04563968538647589,-0.10323424863280306,-0.018783697879059202,-0.08387370426601815,-0.013515677315916963,-0.005730812432359067,0.006257453824597636,-0.0636343736808429,-0.045898069875743186,,-0.12922674563058556
2013-07,0.03694097195052981,0.012100857351035277,0.040669862995384776,-0.015186913804012936,0.1222345668334035,0.05732623624394195,0.019066757666424516,-0.04980801122960199,-0.02777440075092752,-0.06638472127168804,-0.026775844552503925,-0.029630418276903048,0.025647614784223283,-0.09136933679267834,-0.06011335634898707,0.024390913417962956,0.09081900927132636,0.11557168058235678,-0.031230919279558123,0.05217630899155412,0.02839257666071693,0.029025803377051407,,0.12070681611462275
2013-08,0.03791654872624628,-0.0024115712138020884,0.02426345455308976,-0.020814006730512924,-0.04494848244860483,0.0014268624475124447,-0.06568897519759098,-0.1298994949558172,-0.1074698675443927,-0.153157966603382,-0.04049479769177433,-0.11185210950369873,-0.11698559687287957,-0.017946127018077185,0.007224643300645539,-0.0128310096950075,0.024476702571287978,0.048501688892951034,-0.060671214434383614,-0.009641790888762491,-0.013914987981737292,0.021729407707437254,,-0.06149658759169363
2013-09,0.0677148351914032,0.027812117203713793,0.053060531703987834,0.12442395841510612,0.0495386306236536,0.033341849311488314,0.03237930164661584,0.1280911185292377,0.09190743226401077,-0.03778839430219849,0.038729432984257794,0.10094147556799382,0.047331295531618744,0.058586200025751545,0.017705044525339053,0.07700169770347043,0.055098435024570014,0.14245298871503786,0.04534373930171487,-0.00405002022503087,0.05206976531609908,0.07730030081017736,,0.07050435645513242
2013-10,0.04465915301134249,0.044520622174881286,0.02511790854436291,0.060938900421892095,0.028338569986888107,0.0026998141959362343,0.04045050587180743,0.05347056168461117,0.10558749611474783,0.0940633435197582,0.05778964838691669,0.06425410427790901,0.0792425926526843,0.00811873096591964,0.07738665027054692,0.052007907334166825,0.07187990698299629,0.1633840611081281,0.0067264763121437365,0.016538855355544113,0.00955277162430579,0.12216272142231799,,0.09797880642172885
2013-11,0.012484048534612713,-0.015227214262017674,0.04860952288944964,-0.06641981984874124,-0.011597864956808923,-0.09315039612573173,0.02769510129854158,-0.039297455874177545,-0.03392819756194476,-0.12184209413262104,-0.017546960815156276,-0.08805801858521078,-0.05802723290737555,-0.06251614386638871,-0.09102778454427363,-0.03777732527098532,0.015835786962310472,-0.0312704641099687,-0.0605265001160844,0.05675049064139337,-0.025617941715758596,-0.06162561407378675,,-0.0022790247979693756
2013-12,-0.01646100262306327,0.014318041955142524,-0.034298095016636054,-0.045648366803473506,0.1698796519478516,-0.022213613346447114,0.011941899657410104,-0.15127736865054875,0.03306159294433586,-0.007831729492210893,0.014463982396553332,-0.07711355359463068,-0.06511846876152416,-0.014519078580960576,0.05165662761868273,0.01181019219407875,-0.045834932371323966,-0.0230121273395818,-0.00931353057877482,-0.005301113234938204,-0.011513653664393941,-0.04044897287555249,,0.08967689862222294
2014-01,-0.05462982898119639,-0.032945545510278285,-0.0669871201156449,-0.10575799384090023,0.09234503590839527,-0.12512257261854798,-0.06511231398391082,-0.13268509492484093,-0.037968429413216764,0.04256220196169136,-0.05583975404795627,-0.020516797886159677,0.0023570602425926346,-0.12382730790774421,0.0029250764915167426,-0.10051691533461571,-0.05773083213028529,-0.0016507640732035256,-0.043645368697677545,0.06926329050962177,0.009142047420921617,-0.029332469149596974,,0.060176633270714985
2014-02,0.034862357718044024,0.017063978445630346,0.02624513658912253,0.03623221399696952,0.07668381766527776,0.03841990097387882,-0.036867353819224236,0.034402422331690774,0.034274694285522544,0.10222861341853884,0.040507139337071285,0.04479386164057697,0.0983397170995286,0.08400167268022685,0.021670179971507553,0.09239967614721323,0.12005608978111182,0.1706959170254525,-0.05977755779800298,0.0746313579300788,0.0333206294420505,0.08599031308213645,,0.05574809757834953
2014-03,0.0020452837376840893,0.027930117036303992,-0.016867072120833604,0.1100818991254755,0.06208017408365363,0.15713349000432508,0.05541717209010333,0.16835317620728718,0.08705569162703908,0.054999958341881205,0.013703103336012878,0.050331188378798686,0.0020519329456754054,0.029906448600437452,0.018543315984691278,0.06725822780087265,-0.019873745453926617,0.01063731963399328,0.015247306007744488,0.0006649264833724633,0.0712505194556281,0.020512325991401736,,-0.024440458008509136
2014-04,0.016790434263382226,0.011884335459678264,-0.0227992830361623,0.03905726903501461,0.12430671797130044,0.028946836062744286,0.0030995140693976797,0.07514657968223082,-0.011060153159220154,0.013654215205671116,0.012095099725901726,0.04228797672155071,0.041488627282914914,0.01544102598956365,0.06967489879539768,-0.0023871837942991414,-0.003983828785898091,-0.0930269268270385,-0.004496512797315666,0.0876593381052766,0.019710388823679592,0.027088630410948555,,0.07965113794231571
2014-05,0.03770413576852971,0.03939032484624705,0.047136714877272556,-0.017433378699933,0.10720734767013007,9.979590491471235e-05,0.03082485168669269,0.09937979553978682,0.095753211656602,0.00405957556588854,0.01483737364488702,-0.03196318836617351,0.021148620640047744,0.02104596646694512,-0.0010728009681366668,0.018734570627605196,0.001330344797503713,-0.008152418622176194,0.12675036267841122,0.11197046779825981,0.010192177675373726,-0.018789775107123208,,-0.0394710726606452
2014-06,0.008302235612111408,0.04932371011991399,0.0329587392062094,0.05449030417373346,-0.2407845092909836,0.0482643323507852,0.030853551086514885,-0.023986012439808024,0.03971263430082472,-0.010037745541139453,0.007760976369173722,0.06810233843663926,0.026959495672144396,-0.009741432032324693,0.015278370938117902,0.029488283594516274,-0.005593286230264449,-0.007748246413058157,-0.06770346057133347,-0.2178249231870112,-0.05862594553611811,0.010889968544697481,,-0.025226155374134085
2014-07,0.01813099352351566,0.0038244445693147444,0.08161079401283655,0.01880090259554268,0.16887472427864036,0.0011447389095975424,0.013949487760858359,0.0393520709337678,0.012123729881174716,0.08182505763825465,0.0008512119061838685,0.01690507404995567,0.008097331226924576,-0.04852310872863774,-0.006486149369671179,0.009018402562520622,-0.0579187830022585,-0.08331425218088107,-0.11202857351690854,0.12393148621758465,0.023814997106230473,-0.027423525487790035,,0.11523504328883427
2014-08,-0.0077162112396952365,0.038669359127289527,0.002252234012220411,0.11063916834533782,-0.0005225845412465402,0.020861127172188354,0.05047215300475294,-0.03408225873122139,0.02567031718093249,-0.013402989306103508,0.012332682105508308,0.05500225478014564,0.027629467371924843,-0.00450668728916892,0.05859699392193418,0.019770820303771863,0.018740734054484287,-0.001645028599425169,-0.0017242354813593597,0.011466531074886044,0.011562447581453972,0.04556807548532138,,0.08627497188810551
2014-09,-0.08204029259696755,-0.06978229868143482,-0.06345293304348043,-0.19210335397252143,0.0521476506442371,-0.10262886174911978,-0.04153568490213311,-0.12114083464335046,-0.014171768408851815,-0.0307997141202887,-0.04434096872116888,0.004092493633010008,0.005468686219963104,-0.02592262136982082,-0.06440259091454381,-0.09135262078139861,0.019733617220114574,-0.1260005582369189,-0.016674564091266997,0.03527465085600889,-0.0023370294232868405,0.03436381250586007,-0.028498711703569435,0.058316356976737094
2014-10,-0.031545392312646414,0.025015704567472596,0.043101923651843954,0.00521415754629051,-0.1077730013344097,-0.03768818925655448,-0.004559057381748555,0.10502971911471537,0.039525482537583034,0.003710855676470226,0.0015373943964156478,-0.005089667641666185,-0.0050171083646263215,-0.006617573540349753,-0.004674727791525557,0.0668957359072162,-0.03674757571630716,-0.14817327729218277,-0.028060933316453096,-0.013030578160706074,-0.0385674216588936,-0.10271039012383398,-0.07956769223406046,-0.06980249775579384
2014-11,-0.02545548544917664,0.014192787689547792,0.015668692491195735,-0.046875284437328246,0.014144212239010745,-0.1322568131631383,-0.044994722160064504,0.07464319919934104,0.016007162648832063,0.00722896502311543,-0.04754831014891425,0.013200316438533255,0.011684541374870072,-0.007362971433189314,0.03123285498234485,0.003475663588373923,-0.018172350401588155,0.026551012701955035,0.00023440193677970456,-0.005040152555962241,-0.0450786802525841,0.02306006297120633,-0.10816042646621349,0.012409990717345165
2014-12,-0.021763072564641606,-0.021749961124810202,0.011584157292164443,-0.11064077134732131,-0.13398221970521962,-0.07655013910630848,-0.07672418245986112,-0.060219218251036044,-0.05959361957550502,-0.004179884054077099,-0.061683380242535835,-0.07116141802790266,0.0005631991885104437,-0.03903453000073054,-0.03358986571005351,-0.03768808205839269,-0.09005653476635223,-0.1853416856749106,-0.10310210035538403,-0.07228176253478513,-0.06461649033370609,-0.07790355239701607,-0.08766638202689836,-0.029455082246182762
2015-01,0.024288729143864263,0.01028994894679136,0.022633085608234627,-0.06419903128704285,-0.056728005854922214,-0.09143417792442254,-0.060022754490286045,-0.00778711166292545,0.07942586046103983,-0.01166531084279998,-0.02574827897800258,0.03407072180644399,0.06971518367135432,-0.038973433768636934,-0.05111511156677073,0.04569017093491734,-0.03726033255967298,-0.29223982335116594,-0.06724539255371342,-0.04918216133277864,0.0043777905222373015,-0.06597798100489449,0.05028048512614136,0.06072852957169217
2015-02,0.006015714143194906,0.036636119679406054,0.032399988657648704,0.02867553588065097,0.08657089793780326,-0.0336477174578893,0.07442207368944453,-0.09109923434926204,0.01858326143830924,0.021592734894952503,0.03414767447185829,0.007373389877060044,0.014656296532097102,0.06046880871857607,0.03251175436331377,0.00665981882981348,0.01734231170452838,0.19804286807269644,0.1373083929863561,0.05501823672142492,0.04380189827738623,0.0623438899886426,0.061662207968241844,-0.0487742951201493
2015-03,0.01276611008792039,-0.007469451512431835,0.024069875539510566,-0.11256710774206957,-0.07617561468834766,-0.07886206193127565,-0.029052655372710845,-0.0659082712380239,-0.041407097125450876,0.014782597854955837,-0.023391900606993477,-0.016517966208733137,0.015088547601544988,-0.017389024455297664,-0.04040388943643125,-0.018275061374792734,-0.00965963193635555,-0.16641012659165133,0.0747709972740982,-0.03569223016339651,-0.08036520760053423,-0.023599336186299058,-0.07147245322542195,0.005986231897846972
2015-04,0.06643046180524714,0.04517135088232527,0.16676498219701474,0.16839643174022245,0.152452605803314,0.16366534563095914,0.009250392441157551,0.01847733991882672,-0.06539681912132789,-0.09693674872731128,0.037606339514523635,0.0020303065871083437,-0.027154474742890677,0.05079000729466632,0.10589128084232646,0.05393153232239123,0.10451462614132123,0.09815477027448205,0.20688050376498013,0.024827344138982355,0.04096191246444536,0.07563911191169748,0.1901108338372719,-0.023960251753717743
2015-05,-0.05704531596689144,-0.001845326118464996,-0.03689725911826636,-0.11736291231842433,-0.06773843591623274,-0.12230395857037402,0.003928200163443973,0.004810731085871822,0.028293913540254012,0.028021887854359884,-0.06353619729057514,-0.03834609517045373,-0.011946913653595126,-0.009547389933784123,-0.06591955984279996,-0.0831710647972308,-0.06709468017636977,-0.008783409560401356,-0.061993100175064875,-0.057013192868466955,-0.06138459597612089,-0.047750040063328614,-0.01938161351410206,-0.007602081284660445
2015-06,-0.042417890912366696,-0.02968677682358911,-0.05479220825161146,0.037705241610028306,0.03035471572624804,0.013046284681582643,-0.009024070925587102,-0.011375337217223058,0.0029397327990785538,-0.07165801414392137,-0.05199293926157622,0.003508446211145433,-0.010093201236869964,-0.06780130813818586,-0.024478675486164225,0.028454877872696294,-0.03602620294111536,-0.032194638741455894,-0.019749622635990338,0.026497368074309247,0.009984992839306317,0.015226889609113892,-0.07443651500000004,-0.03052446750165516
2015-07,-0.08031789077496021,-0.07008896588247615,-0.10751263269726119,-0.12206828497293065,0.016906640246953764,-0.09803510623234701,-0.02533782690630837,-0.05708793177526428,0.017756606649757645,-0.045847068043950445,-0.00368505604167102,-0.07677155982150696,-0.0139468557032435,-0.052838913616099936,-0.08342462551836327,-0.058127535234939964,-0.03121589792852475,-0.008391664654213815,0.04906559590764936,-0.03961514851783665,-0.00971858141259796,0.03293537664583157,0.029600282902258135,-0.036157784009395955
2015-08,-0.057556676330110745,-0.07754518535452704,-0.11683763206487463,-0.14135780787458752,-0.08922631975429829,-0.12217246468507148,-0.06500259943020115,-0.10189155023244312,-0.08782520853044096,-0.08545500937440653,-0.15189208763503093,-0.057659064839755136,-0.07130332582159526,-0.035415699898243,-0.12286526663426545,-0.07412965219727785,-0.03400322506520859,-0.3517769877116369,-0.06339133249018536,-0.019276356461345845,-0.08683187615340193,-0.028431976369330814,-0.14262461094055967,-0.11782543300777415
2015-09,0.017559516618441684,-0.025589115329935463,-0.018958318342460423,-0.11869907902852828,-0.03262524098443631,-0.030341900289084345,-0.03339856614407577,-0.049329050736153124,0.004554848544678469,-0.13121367285667773,-0.03231489353530148,-0.051791578414635664,-0.01909700533006342,-0.054039853924068626,-0.023567618115537536,-0.06585889676164103,-0.04384734573802518,-0.0006233525814871577,-0.015870370276649948,-0.00823023352178065,0.013085989771263407,-0.06952674823946248,-0.018378408021133552,0.02389746944839799
2015-10,0.11280177039226214,0.055733277047613106,0.09079827210000024,0.0519865756533906,-0.04577431879634408,0.07991042727628339,0.07159549414010957,0.12280355946546972,0.015704065622023977,0.1579427506044937,0.05653097551614361,0.05331366379600211,0.025186035282372732,0.05759180688250809,0.056622841078002306,0.07242246870490754,-0.0112424767609699,0.1028645018904164,0.02869034558223449,0.0010409610672339475,-0.010244817581426258,-0.03781019644647898,-0.008819532052907975,-0.030355589476046774
2015-11,-0.03508486832619673,-0.03365120879879857,-0.03372633495746158,-0.03139405768076842,-0.09550670351439872,-0.16367905597829535,-0.027909361003405908,-0.05857494302179589,-0.047756492057878464,-0.007248698272476428,0.013982457401778392,-0.03543724604149978,-0.035916613582976264,-0.07503268279952602,-0.08624252978324543,-0.06764099085939079,-0.10849972612809577,-0.25212578784321416,0.07082576033646548,-0.13885520937737628,-0.004677502027470193,-0.06277570574640368,0.029094591347055276,-0.15359281056393448
2015-12,-0.015391968125368138,-0.007761638755425571,-0.013024037791690812,-0.04960739760887134,0.012466640745816715,0.0031224202677759827,-0.05072495735868243,-0.05625453905405131,0.0244737537657167,0.05146231005139246,0.006863973347722707,-0.07649913569048072,0.00724810644366114,0.012339221260217581,-0.0482648718243982,-0.1049967410924566,-0.011910966654071875,-0.01785058241307025,0.011414694667530645,0.0415502654396529,-0.024425649426527363,-0.016318286159133666,-0.05283740018481753,0.1229545952535922
2016-01,-0.05594368481183942,-0.04588899431054094,-0.12719337694907573,-0.07310989532672074,-0.08758027705057114,-0.02268941013794279,-0.03381954637220341,0.015507368015867717,-0.06881667055432039,0.016552631706994614,0.02479897355084204,0.04120266611228929,-0.04954662091109552,0.009037719802005295,0.016282033578212785,-0.03732448362237384,-0.07073771688911679,-0.2119129278947055,0.021550727658758317,-0.10011483230323437,-0.10323797635711329,-0.00520084890405359,-0.13451334862672681,-0.1708327669267875
2016-02,-0.023249272752883354,0.0409091036114928,-0.025275679820876196,0.06278206739403469,0.1267154852197907,0.049932294522036624,0.009504945814955867,0.034972344017939694,-0.07401207066888782,0.06111406153933818,-0.019538103662917083,0.04490766388750389,-0.003571516964172794,0.01716041099107035,0.08478169959146853,0.0032309585477223735,0.043401956857543667,-0.10107327585963521,-0.03377804191369249,0.07925180646511887,0.047630182042642355,-0.10062031946010508,0.050716080260558405,0.05382863588813058
2016-03,0.14097134466841732,0.08461010806787161,0.11901503392806978,0.30531196315309694,0.05618610665545365,0.19369370140510456,0.1123861393529646,0.15786328307598696,0.1307908054277842,0.031773303924899965,0.12706672120083806,0.07574126900271727,0.13214699380834327,0.10337832727037766,0.15220824300382252,0.17981226986950682,0.17455138695537809,0.2389556643268338,0.1884074989673954,0.06857096557216091,0.04416268136962542,0.17489968185472748,0.011792561610224572,0.0781070533512116
2016-04,-0.004447086190674576,-0.053115073396891255,-0.0019741212531222407,0.10400614342570691,0.050665613404816456,0.06125659932055605,-0.0019284110109045738,0.045159297482501026,0.004757537049689287,-0.010540065969687151,-0.025425669813550544,0.007491486893151267,-0.03183576906499619,0.027853706039362214,0.1355664246848418,0.04243333301171748,-0.07738724763770699,0.0316543960437512,0.03311694440072266,-0.013073392285798735,0.014465940807865119,0.04362295665813232,0.10487735728169234,0.1334416797013176
2016-05,-0.04691116176974208,0.017516912784888428,-0.00739001762187208,-0.13640264996632578,-0.08042368266013333,-0.1146461979278447,-0.07824072420178274,-0.13338860001373998,0.018795500037903867,-0.03642346572672128,-0.07372335512328265,0.002198102532434909,0.045370974981341794,-0.06191455986942518,-0.06246268407782252,-0.09401109699245425,-0.08099049626103982,0.1143116599469427,-0.04832250508430125,-0.06961323329473967,-0.042213250150429316,-0.05614877423604514,-0.03562077063504654,-0.05579738664702938
2016-06,0.04114883331739194,0.048302857162060064,0.012307161363639185,0.19501777287332844,0.0356548580456979,0.09463174578670919,0.01153022412753546,0.019566137714874365,0.013271609283435293,0.09555536311420121,0.04209728677988056,0.01929696216361232,0.04648650051250036,0.06316934652350303,0.1101742183507628,0.07697601491914052,-0.024916393736205467,-0.250980779673173,-0.030452609952022813,0.03609616860846443,-0.03663705593624145,-0.021337321226181927,0.011070295318489798,-0.05673568265080675
2016-07,0.06106925194544477,0.06920716018077355,0.03503435170068703,0.09988544171810232,0.0584724847873368,-0.058217196792982984,-0.002356055513579869,-0.057651472260070946,0.05675526561556432,0.05780145316981811,-0.008326517642194387,0.07289457119701437,0.02107285238649248,0.029539681512902094,0.055629913757697214,0.0884645222587419,0.03053867622556128,0.06390840902971906,0.08149507149122193,0.08285921992735434,0.01522489873794819,0.08243317120812033,-0.015982702291593598,0.20830296665925885
2016-08,0.03178140624525394,0.020425598082624674,0.07369926547384198,0.009013825711414736,-0.001240327648116435,0.09552187049962835,0.01407635137011587,0.013960461528122359,0.011586979258316532,0.014666486165796355,0.0232166335058015,0.036652312367304596,-0.016552156838465004,-0.0411550020990048,-0.04370627856427123,-0.07672739974830023,0.01828683459667113,0.0025853469146566166,0.02757573765001764,0.04003012549954921,-0.019175040234851948,-0.10226290643419,-0.010912267486167027,0.017702827042924918
2016-09,0.013652943016768448,0.02974046277972975,0.02548018338619662,0.0034749344979452257,0.0035840744122723756,-0.0040216753100201785,-0.03330071114458544,-0.008485094990742903,-0.009155313968083112,0.02059001302542729,-0.029417377666185573,-0.0350872262967199,-0.05610757742805583,-0.004205149777374073,0.0013979863634785428,0.05870682857840048,-0.014721035860533416,-0.053202577321098565,-0.002926489889593653,-0.050463146548567095,0.022839874330818688,0.02532040020681281,-0.05239351909792922,-0.01152397713761022
2016-10,-0.036505465712040275,0.014431903732335716,-0.019363169985920803,0.14009078054197643,-0.0426218776959193,-0.012828651332400298,0.04979675034346731,-0.007679428839859392,-0.004940495447419813,-0.00019671797542153424,-0.0015373479527437395,-0.02286018505348575,-0.027581651112483896,0.07873011431194787,-0.010949188666906862,-0.009866368753477128,0.033798673961604075,0.035544352463561024,0.0647380968688478,-0.021012857978524813,0.018270524214579975,0.04510977959130402,0.08989638580366321,0.08498256039463836
2016-11,-0.025934958586292023,-0.02304788499557542,-0.011959627813422857,-0.11196235391425291,-0.018862168274456304,-0.08325416287124898,-0.1272392513429027,-0.15020989238640303,-0.07456878418519086,-0.1246917355179129,-0.0870001806154832,-0.014900095386438439,-0.11041750758711688,-0.048335800243955895,0.03505249058671511,-0.07986021113689101,-0.07479636284000601,0.09855425932010653,-0.046488304834865435,-0.037887049313979015,0.04606772629916378,-0.10647145211437126,0.12335447477105621,-0.3351802782906159
2016-12,0.0092321778341653,-0.012787489974141697,-0.04091338544152001,0.009457631960036572,0.04901628916658285,0.07963169485632182,0.006041685449548195,0.023395769130029276,-0.0007825829881300539,0.05457645319240512,0.004859145642167384,0.02073005151558882,0.008484199922280888,-0.0028913953213896004,0.0015626335597929142,0.054009391092012304,0.08135872120246823,0.014438005647674279,0.07615767126364181,0.06856427332870241,0.0410599039932118,0.03463263951465967,0.01708039093911151,0.06276591729852976
2017-01,0.07716528651284826,0.04955170270358211,0.06787525914280845,0.1074898823941497,0.007443168657701449,0.035528121721016825,0.022063187253257954,0.03588838832363628,0.04351379894277807,0.0005280689072364453,0.030964307488998255,0.037434561113717235,0.057470135443886905,0.04690392929058618,0.0912577988074943,0.028267387188321003,0.10457979556405439,-0.07874895740847132,0.04362938591129106,0.012145776277861176,0.14100351389829457,0.022870526194757268,-0.0035546551998003606,-0.018942690414866403
2017-02,0.03093130518803755,0.046700666643386235,0.03538481911085167,0.04402862090211701,0.00958492436930758,-0.028209642694673853,0.03397994629013601,0.05489848534742392,0.05905028793274458,0.023568923089131166,0.017924740788070936,0.006803632520011371,-0.010272098894481219,0.030525389079473664,-0.021140763682035768,0.017885202012540846,0.05137710800214834,0.031249217026586784,-0.027701919929147056,0.020142064973801777,-0.029746552791124703,0.02496993853247509,-0.013715950241962038,0.11249807243675214
2017-03,0.052678774133157136,0.01749643528683742,0.02135619911178832,-0.04492196380366309,0.006020814901940952,0.0503929784845365,0.0981836870830044,0.014430372475695563,0.05978458186018387,0.04560490658526373,0.03191320282275956,0.04046349669533855,0.0160975423215155,0.07640768344113136,-0.012308140886738261,-0.00103653874177434,0.013890293508653784,0.016200831657617654,-0.015128232125752983,-0.01345376457078773,-0.0015049767479663467,0.007749712342009163,0.005415429211710121,-0.06690810770887345
2017-04,0.010013697578116876,0.020539085576986027,0.026673614141907498,3.966923175102721e-05,0.001965233565054181,-0.012000661400432544,0.008929014037636351,0.11729940722761434,0.01929599629215395,0.033301680690479785,0.03867076244962342,0.0011840563519975866,0.057083752317494074,-0.009434930563487764,-0.026559374497549193,0.05507142702083123,0.11469450672841353,0.11314024498014064,0.04098246694676089,-0.012460636025177219,-0.01837896581802978,0.052860371030689635,0.0009286677449176217,-0.015244366985969204
2017-05,0.08081178841447367,0.02419461019145963,0.052870008789953404,-0.050025289984798826,0.0029904688061261897,0.0566192357937545,0.004132428800087018,0.03035609054817434,0.017563788877104525,0.025515269077087233,0.014679709722969836,0.012405238446893785,0.02620308042576358,0.007296406675432854,0.06340183888963202,0.02031188306973819,0.002345678238949045,0.1402933094118508,0.10890908578849112,-0.020132886994475574,0.005424670372405016,0.06160453406156341,0.010298223270047036,0.07425671368294995
2017-06,0.010070319058935073,0.04275884675641306,0.02369823493439882,-0.016950986041443405,0.00833982023398061,-0.018286070321491765,0.059232309481955125,0.0405313304427144,-0.007827608178345935,0.026301369450217216,-0.0024274294492965254,0.011549258088728642,-0.011863380165444748,-0.012890890297362345,0.035716412169932266,-0.037345491996776614,0.018634964557127764,0.055739747379732085,0.034115662513947376,-0.07900372175888049,0.0007099068627882676,-0.007876296332836152,0.1109902326717811,-0.02402478542160391
2017-07,0.03182417794369119,0.03128733821154728,0.0894490365635352,0.10962715240110144,0.06466457874784814,0.030870675907490597,0.04249890390032851,0.06076131595779399,0.07704285991120363,0.0020904283109510757,0.0012457283819247156,0.027482006474661258,0.0226132855544785,0.08858806282941067,0.05389461956764219,0.06816491490570908,0.06723180485145996,0.010502980217910185,0.07517755745098431,0.05493620112596309,0.07078467333512561,0.0625769650568877,-0.04859300761360985,0.032717122465259596
2017-08,-0.024861666927087467,0.017049839259718036,0.04244673313434033,0.06343753469748559,-2.3977830244437115e-05,0.025509715734163718,0.009823162612858427,0.045696659690938723,-0.007502476472058928,-0.004631635585985339,0.011338132061567752,0.045343323291890725,-0.02337935907176658,0.05431919935106899,0.08528731827393465,0.03932527610109027,0.06699430254372274,0.011301893433229404,0.07546571413110525,-0.06603025843955512,0.07688589377443922,0.018040059148910048,0.030442320567355408,0.01919400474304167
2017-09,0.020842225684203797,-0.03327499419062796,0.01051292900063805,0.0423868123136939,-0.022206313692617052,0.0073957589969968485,-0.03585184908915828,-0.09521799039355838,-0.03689074866795505,-0.007825776808736196,0.005686151347712665,0.029893022184249718,0.032696375248034704,0.018924511399906807,-0.0027624152131883184,-0.06340679394739568,-0.03792463807667701,-0.13981074445953556,-0.05252495725576056,-0.05461462742791012,0.01662445617033481,0.01726759040299175,0.00040606370846663076,-0.02898407085325705
2017-10,0.08403573045372048,0.06343820980683512,0.039744852858479174,-0.032819241137968636,0.017266475307731177,-0.0895835057673452,-0.07543357699947228,0.0010020428218260324,0.07371973913818586,0.0009613191756061568,-0.0024945704480268116,0.024683650272262936,0.009445764926961031,0.04991111871048881,0.03865609014077376,0.02441678837482586,0.03276705639762234,-0.021341762769524375,0.04994413339383286,-0.020051678161915998,-0.034664526265844264,0.021330887314188196,-0.04266356541614569,-0.013027898272332195
2017-11,5.219463806649394e-05,-0.033194928560378756,0.015591422445226488,-0.031003504188545472,-0.06101831306016281,0.02688941857228766,-0.004660304348945599,-0.07940687821367354,-0.007046313422087946,-0.003908049311614148,0.017846399114434197,0.01794221576192201,0.004398674654791712,-0.11716024435576478,0.02118337685864846,0.08951835193057889,-0.010781196902704182,-0.005095085318598369,-0.02666293877736914,-0.06931402441825074,-0.05227508832401251,0.021450606186101062,0.019732348397073274,-0.01809664496215946
2017-12,0.0297795735357691,0.011828482727329614,0.019144267612476895,0.04704984672523582,-0.0016764104315634132,0.0781804359332885,-0.0004869225959599488,0.1324518964975001,0.048842977430559875,0.08602026547465669,0.06229317825261971,0.04954542407826534,0.050276859929662354,0.1580387295870327,0.01130371178423828,0.08825964439940548,0.03543441148756776,0.16625365700956407,0.0477602263979644,0.147427863033879,0.0141298082815553,0.032809108218593286,0.019521979384860666,0.010102107326038778
2018-01,0.03694537167618872,0.07597133000476353,0.12488390671374439,0.1684672388176982,0.03506752033853755,0.11331555492127343,0.07858216566109699,0.049265713493333196,0.03442706568458487,0.030071348845252643,0.07776024675974846,0.08490467684613634,-0.013303909404104197,0.07308692131107519,0.0958315662299345,0.02798388920042605,0.0876323457827024,0.11769579884253978,0.07780483009209926,0.05833785283671089,0.041652427227621525,0.0836053424251686,0.07066083576982041,-0.010794440506760594
2018-02,-0.06336838481490237,-0.030227986809447827,-0.0640390651085051,-0.01956612413219405,-0.03911588097773222,-0.07152470709182401,-0.07127334548377784,-0.02064846859501146,-0.06704500967591664,-0.030391740527761057,-0.014044082777326716,0.023246429989861817,-0.04633724198599187,-0.03758144962835819,-0.02742818480598863,-0.0024283023485961452,-0.09910298911061732,-0.08186462108907744,-0.07666867091019003,-0.06631070916742943,0.011473956233768234,-0.04579971945229344,-0.026657270404256916,-0.004587017217988598
2018-03,0.025755705453942568,0.012892843055301917,-0.03291387467143758,-0.018289225121292607,-0.0047561803850194595,0.014422121285768474,0.007630647814748537,-0.07348612500601082,-0.03585852166424952,-0.06994978472258573,0.02126090930728486,-0.017749115725526066,-0.05868141038394159,-0.01588447856927544,0.035248985569256375,-0.06405645511413327,-0.06287866456118629,-0.09112600651574476,-0.005204925853802389,0.037394403718326696,0.02587455270756167,0.029065965679984318,0.08790110242305937,0.12689235379047448
2018-04,0.027484631362605594,-0.045706811476452947,-0.00021363219932724054,-0.03977611144141058,0.002270264576818448,0.10231775683760924,0.02242714515803068,-0.1062275580587182,0.041154905335303305,-0.04498526930665081,-0.008723097002588887,-0.0020987973690937967,-0.01109207796326328,0.01770006711387273,0.030204378701781165,-0.011491473603973845,0.013433741897212803,0.15746400635001145,-0.008389697291462883,0.0762394054269866,-0.029709563578708797,0.0027982161012842788,0.04792498532798506,0.021210676450732713
2018-05,-0.052386902508823274,-0.001632488474306859,0.01864946986541094,-0.16365176521865687,-0.02758330130277742,-0.042723164071729935,-0.13626412259206988,-0.12810073646435804,-0.035941016866610775,-0.007692807954855607,-0.08126867983225339,-0.049126201500948374,-0.046718757335290406,-0.07897291373913218,-0.049405794795956415,-0.06709323019183833,-0.10806115693196416,-0.18744807322406087,-0.13944178634199977,-0.03307385085641423,-0.02462407613454276,-0.04407515323198752,0.026834492600149362,-0.11775864701880268
2018-06,-0.06627671406438751,-0.014044354219126864,-0.051902656803993086,-0.0831044308040787,-0.018565679835608306,0.01195685761137999,0.09288878535843925,-0.04647193764173163,-0.009732108784464732,-0.07342486374705925,-0.027594656387324057,-0.10334174166273791,-0.05687253591565722,-0.05024060712425904,-0.011302036106621838,-0.043030369430756776,-0.021937099084281764,0.041602950536557826,0.003115454374574167,-0.005167218047265165,0.048745935328511125,0.009936692138864167,0.015462478524418843,0.021544723469711924
2018-07,-0.015376652610953667,0.05559986175171949,-0.02427422135013868,0.11835502950800136,0.051579035011698915,-0.01800575872480792,0.08676851993378021,-0.0721317220345653,0.06513715934502051,0.02772494476061005,0.04725230507025158,0.07796625179931738,0.07490225005900997,0.04487205710776321,0.022092887104844694,0.050789064163981656,0.11381957167784162,-0.002246256604399588,0.025139406699929978,0.11632910883324898,0.07881198929387923,0.0591668059971977,0.007239129224040353,-0.03349064089956055
2018-08,0.018690085062610162,0.011791882268295195,-0.03786707959920743,-0.11285962350618495,-0.006415989931751076,-0.035830337994207095,-0.031190511943855914,-0.28976264984053823,0.009641437791477747,0.008085350891620768,0.007384006836488322,0.02262923645875281,0.025858083437509727,-0.08852727943549765,-0.06264284596768355,-0.09958408737150426,0.007893923054145713,-0.10001095877535415,0.015752368348272316,0.01619651932756261,-0.006959193138223241,-0.021052948482381595,-0.03840294441620551,0.029546359563667135
2018-09,0.004359934941930321,0.0032590015436748665,-0.013845687658256667,0.07014849023011438,-0.013126445842242651,0.03047360138231059,0.015967552795692397,0.20629280323261057,-0.09103797364540567,-0.015681949810325002,-0.016003273092581427,0.0316131168844902,-0.08360030498879223,0.029709065204378104,0.021524990860290805,-0.019325434603082337,-0.010642275244131083,-0.08220786284853465,0.005003493935451742,-0.0053421026754923995,0.01390743110597481,0.002923362529452911,-0.0017297628568266887,-0.06347260812530775
2018-10,-0.14339039707777923,-0.11796140396117694,-0.11468610389711609,0.1783063669271685,-0.0038060970689020035,-0.1427730001673575,-0.17364332043979658,-0.023383960703308504,-0.06977295116435522,-0.030799712231761256,-0.06377915913607501,-0.07263012088932086,-0.010357758335702405,-0.08326534201404967,-0.007248724725556266,-0.1089613156170256,-0.09981910782135828,-0.08156838870774374,-0.02580972461319575,0.07374637890448543,-0.0216824132254696,-0.07822705636673111,0.006388662608060702,-0.05840296532333267
2018-11,0.03359130368051377,-0.007410331873453968,0.0732996409218507,-0.019509013484814153,-0.05337506614882914,-0.017876156802457244,-0.04765177162963541,0.13125982489883636,0.10369708202070593,0.12272946843547983,-0.010044897230247152,-0.003026123536262415,0.04894037363872883,0.0333474375306031,-0.03581488426434365,0.0879655973964657,0.07646555251352627,-0.03327396281942285,0.08810408813242598,0.019676587645504284,0.014903592796045917,0.02061697336110746,-0.03150351707367527,-0.027178594486404584
2018-12,-0.015456119537735735,-0.0139437893382921,-0.06052135736285835,-0.01704510388939573,0.0021374181783091473,-0.0370874152653069,0.032939369005743346,-0.05131940509874067,-0.0013203033925940355,0.008666818111159547,0.01622232718950256,-0.028714729570598507,0.015272618995643361,-0.03530752208093524,0.01484870904528468,-0.006590878817889001,0.0016352609869438872,-0.052661495434928374,-0.0013754861551916742,-0.009704306416917885,-0.002393756953324777,-0.02983397587581782,0.02225755674817309,-0.010461402321701008
2019-01,0.10315926506293271,0.017198307100772636,0.11058914532767572,0.17769368615300896,0.03251459312475258,0.13502981316075724,0.0977739152007655,0.179579288697868,-0.019265954479670833,0.0858670597127662,0.013730966621733565,0.09709194307762004,0.08634303467442606,0.12313004821658025,0.07660182171829066,0.12273968078797148,0.053136376370579,0.05563617131818388,0.05609067168538018,0.03705284716603896,0.021788025566638947,0.06563578101498702,0.10399293189679537,0.10571912671919081
2019-02,-0.018656000449009058,0.047508056171868374,0.034519732448674345,-0.04443863613772148,0.02667655613951525,0.05636319805523571,-0.041583753944213986,-0.034827426467035516,0.0003148933107477436,-0.045704246551971583,0.01843996848211793,-0.00427134270102314,-0.02743205891979994,-0.02824141800017055,0.019927027174330147,-0.05339136277841516,-0.03628991725093922,0.05729846196543997,-0.00897262205638194,-0.04991215899617685,0.006850733844876222,0.004012958096151431,-0.003580700443730822,0.048198924579535785
2019-03,-0.030338638009122287,0.022830293700103477,0.02436563086588661,-0.03834364022805026,0.02536293350866603,0.04116397688281159,0.003226244249693533,-0.14756926508219892,0.09229025261957102,0.006228465980682607,-0.028209897446621945,-0.01570515791520455,0.022625168919168104,-0.043540653165368814,0.010989724562980419,-0.016202972818591066,-0.020446438239910214,0.010461363844316729,0.012896388523451652,-0.020739424329683898,0.0971457914906595,-0.02965516197836493,0.042139083661250076,0.00037498506259470155
2019-04,0.004053797140089355,0.039655748825937476,0.02229796242175408,-0.007445484483284859,0.04175989204438202,-0.024052837266178684,0.05236576268014437,-0.03645742597241164,0.005605758799761551,0.008522775901030899,-0.010064688704940039,0.020354637857720848,0.014886346233878855,-0.018504042711945834,-0.0036543425575280564,0.08059774449990664,0.013423620654550605,0.06226832267733484,0.012543814170478562,0.052658071847956345,0.035279733031099214,-0.01165973248793295,0.0750467692375687,0.10013292829425358
2019-05,-0.09299814562702746,-0.07781379346870332,-0.1305278340404299,0.017254325612720445,-0.056939266372803,-0.09198715108809996,-0.07040966920368208,-0.0063444152592117,0.0021651113321115023,-0.02617660185588011,-0.006881241112975389,-0.021298787625872673,0.008047235214500681,-0.08421337070244317,-0.06391962997245737,-0.07069545949754352,-0.041587786654453285,0.02757998310834231,-0.04500012525254049,-0.05335456100113223,0.043360863161626684,0.0017679636619651884,-0.09151833045896984,-0.045970279113630164
2019-06,0.08857136012167421,0.05469009219689647,0.08092315702011632,0.06178199803082185,-0.009915169629025278,0.10271479629112412,0.03520302507329198,0.07643794408862425,-0.0027433268985919135,0.055364327925154555,0.028906224048752982,0.095711692553748,0.02223026364336045,0.05799938995205789,0.051861463340632685,0.06344206323064872,0.06686421488504446,0.06657784218656926,-0.007903536367713127,0.009670569412422392,0.022716087025488774,0.04929107214052886,0.031059755753922502,0.02792987123261015
2019-07,-0.061786303059473524,0.03658672196374124,-0.005027011143751814,0.025685076016837893,0.08511176113415475,-0.018428928125771127,-0.038019104581657914,0.11339892185370704,-0.052141610224895274,0.014263834221183158,-0.02114491456270995,-0.02554097145997658,0.006394319697845097,-0.04981617028065677,-0.05838786649943184,-0.027676103143519204,-0.0421507726932836,0.0035227770939796343,0.001757589321137898,0.010138537262877945,0.05616924546446578,-0.017484293110669125,-0.010872721291240395,-0.01962593616457564
2019-08,-0.050261498356084955,-0.020723191476633818,-0.041773807063335444,-0.09211117033431426,-0.04528693458631805,-0.038462995348554685,-0.003720628767731937,-0.10729590747144135,-0.029238733478279766,-0.037333224753916205,-0.037400894916735705,-0.024944496530645344,-0.03280224672196286,-0.06418519049639271,-0.05022267661174451,-0.08870392785374925,-0.08738472380448348,-0.053139131092573955,-0.04927155688087226,-0.01951618551288592,-0.030353162128681443,-0.053362718489146976,-0.08401881084514473,0.09904840268209014
2019-09,0.07231168626379758,0.042926207838621444,-0.00012225221950945553,0.025159592982490597,-0.03629568232007241,-0.0049678109871609255,0.02627079783383679,0.12331846470228913,0.0307652070112856,-0.02878205736942574,-0.005670951250438372,-0.009553117773095199,-0.019540118962550035,0.04274403838078711,0.014573010267113107,-0.0118019424239868,0.010198861606982579,0.020961477088721425,0.00886487470789965,0.007455816766710477,-0.06103162623000968,-0.026939128072981156,-0.0003120511121336156,-0.0028488508875963436
2019-10,0.04581837573844383,0.0814150901224171,0.04036830743074127,0.06350645462966242,0.00010354251695887662,0.07305591619283769,0.03539464346839227,-0.08253207937799178,0.04325115233814425,0.028387450838796457,0.011327875019265798,-0.015134371527983248,0.04748479094415958,-0.06983911456858805,0.03475612501843517,0.03201905073601985,0.05988552627254862,0.07774793144983283,0.10000445016529014,-0.01875966691863018,0.011469801937274982,0.032816739637023806,-0.04449455798148061,0.038079411957004705
2019-11,-0.014960640550085946,0.015333054091766218,0.017834925748882124,-0.0438509615652235,-0.023022322472718404,-0.051885571980254896,-0.020011222009456375,0.07013188364436873,-0.005615683466884458,-0.028296545447667798,-0.020150272258938284,-0.002197380078510891,-0.03284326454655795,-0.11522458288965809,0.0029476130432550818,0.00023259989470103548,-0.043960967164236586,0.016527216373189102,0.012811921533112391,-0.0014570456379927599,0.0452959056788953,-0.0005869784467543715,0.014477448212259159,-0.030166467964669152
2019-12,0.10417806813346453,0.0747867526124173,0.08333289348118877,0.12458313038819391,0.007993635231521967,0.12584946606483816,0.04772791020472211,0.018544324348699348,0.01520295445865183,0.07100854555701375,0.040128292747905414,0.009274161347212928,0.016452842675717783,0.108642843703886,0.021647523801786805,0.09693783327366412,0.026985337204588067,0.028751297814037624,0.09666255441339411,0.04319065279513867,0.07117661785479923,0.057961252512749084,0.05994593215160293,0.04999646380409928
2020-01,-0.05307198787774059,-0.046956346903290425,-0.04803073378031231,-0.07466973842272395,0.008670603725474901,-0.07311891133794313,0.013690991351540616,0.014625400777412256,-0.007897716839496471,-0.027201628036053527,-0.039210642893442005,-0.08559860037797473,-0.08007121397924466,-0.0763609169031797,-0.061928975049777346,-0.08816425543571704,-0.05859612311102835,-0.04907216790940705,-0.10676327093412519,-0.005196138939084438,-0.0031697596394314465,-0.03666359572570965,-0.03515720784054155,0.03183741426680653
2020-02,-0.07367237756782907,-0.018866011763586377,0.009723516376476837,-0.1297588595908309,-0.0542507555031948,-0.08099798416993464,-0.09987992794039513,-0.14839535988887298,-0.07272298064597105,-0.11889470439206251,-0.0635074783263071,-0.12207002119705745,-0.05879721705634222,-0.12266169711567843,-0.12213689348742485,-0.1292887228599061,-0.15703641414910197,-0.220705663014916,-0.07047966207398093,-0.0674915434438188,-0.049432459856490474,-0.11918459479539001,-0.08327463598528972,-0.028940706252273074
2020-03,-0.11532304101689717,-0.13376112639007087,-0.06593463330865701,-0.3816238542827751,-0.23617978627456926,-0.4089205047748087,-0.2924168245592974,-0.1900394472162713,-0.25133675518150167,-0.29344900740506263,-0.10181940012221213,-0.17398758586902918,-0.2141953081318213,-0.1775220408996785,-0.2199317380626683,-0.24808576528212445,-0.19939086591942046,-0.25952522307706416,-0.2654637877309943,-0.10824636241149643,-0.22754491578166924,-0.27532164497250133,-0.14047537038437252,-0.272625966460738
2020-04,0.08170764504567973,0.14118964551910418,0.06315778250562909,0.0541518672688428,0.1338733230665914,0.07802048771919479,0.04327687892875143,0.04529472965146297,0.16144833047861717,0.12235490908604052,0.05489528207310923,0.1612774646104309,0.08987399720281086,0.1616103521716339,0.10679651771790377,0.13220864974832414,0.09186354220399062,0.09019617014091974,0.06645772893644497,0.049447204920797905,0.06729607375957114,0.11208393724616594,0.10978518476909693,0.10326343306495378
2020-05,0.02235702309493992,-0.025207765312511787,-0.004710095067492537,0.0852395493793594,-0.02537573931919601,0.023042102144772425,0.06490542973974955,0.05861347746718493,-0.027517852552482625,0.03345613714849005,0.048328125951940804,0.04423908273686683,0.016393073281852022,-0.053525327570301595,-0.023234281809178303,0.0198539167496532,0.08177019384673612,0.046638565279307986,0.06855576409805297,0.021845933242873317,0.0404601811503309,0.04086824735920325,0.006219156990844743,-0.03327016717069475
2020-06,0.0816713559923441,0.09247436910291951,0.09028768439784618,0.07398816301265065,0.04719289317336384,-0.0019098772453092216,-0.0008440387684489625,0.07364060864213395,0.06813060628341305,0.07223843726926016,0.02705340396764755,0.020651638902911218,0.08162964871585521,0.061347346186204854,0.02066985092756113,0.10414445114812132,0.02283354585560593,-0.027453644055313142,0.002945135116897868,-0.0002863495467551047,0.04018858231105504,0.07212418112042118,0.01986626666637492,0.0061672161477108745
2020-07,0.07232977352753545,0.1662425901026925,0.0949950609611585,0.14238022230310143,-0.010319374108511581,0.05426620330518572,0.02883892348448014,-0.08357928118677627,0.10492311378852426,0.04412416274990738,0.08291376746761281,-0.028608630138719837,-0.028498462854675388,0.10663576197568814,0.033364658560478544,0.05959881223269714,0.06620293694345003,0.07531991198895316,0.04068543961058757,0.03306283959553924,-0.03214922332001324,0.0061292595806421435,0.0164738747002513,-0.01816691057618236
2020-08,0.020646928910315054,-0.016608074898270764,0.05682199320216208,-0.08884720469572116,0.07514276328125069,0.03162145742436184,0.0061166714206062345,-0.08357588187719978,0.03526104541729547,0.025644580287818908,-0.03674908969540591,-0.02183037290295342,0.01030605258799766,-0.09751255151240934,0.07466073439295906,-0.012269770754735676,0.04069518956562046,0.02481838246249124,-0.02486479878223624,0.0363981325112519,0.07942728126414589,0.04556029546670293,0.05069580276872698,0.08389364965829182
2020-09,0.03135752987286988,0.02106727185158941,-0.027258671231921716,-0.0706279168199242,-0.0017745050688411368,-0.09178051530733777,0.010999912473059537,0.004797197576509538,0.006335205998986737,-0.12971498424994254,-0.01649988069832342,-0.0949304855013029,-0.007302243327348634,-0.040549032830219045,-0.06772607518138385,-0.008825386656777234,-0.1065962000007985,-0.0616374415123111,-0.10272862080608536,0.003682064775949012,0.021066309227613766,-0.09705682336601107,0.023964399101151113,-0.017310587625879448
2020-10,0.006418213582664478,0.013030253240717382,0.05290438870781333,-0.025306627414450555,0.005821558646352587,-0.011335531044727065,0.023362246301975143,-0.12548675090429484,0.011940590844729204,0.08688052835552695,-0.015248130214244315,-0.02320311679465803,0.07949294388343331,-0.0015096510167149635,-0.0012892217728296407,0.005444280791107259,-0.16013571969243234,-0.13887827912411055,-0.011259232345027348,-0.026811647236277825,-0.011053681733368403,-0.015216524985153024,-0.02511588572043566,-0.06305065647201913
2020-11,0.17880292229538908,0.10025694889183545,0.027739138386257745,0.2373990359229421,0.09536126660558741,0.20596752227241466,0.2030983721758941,0.237945427957182,0.08656331846455956,0.14781930137005617,0.07378484384630979,0.24888320024709487,0.0761326291763913,0.14592349531514448,0.20512037930552185,0.10661844338550175,0.2816792109384276,0.3068788485661591,0.2670172523021177,0.038992051159015384,-0.0036836394898385194,0.2170581877476978,0.09744375099459379,0.03105723638082858
2020-12,0.16810722247068988,0.10539492218463842,0.02767836969495341,0.13656469459589715,0.004036826008257943,0.2480529015841766,0.06541847331251827,0.2037165416615938,0.10198036198966176,0.056746660890586886,0.04105652723680664,0.028601667938785047,0.05243459275651907,0.12452537436080524,0.07887601025480295,0.09824810694987218,0.08287570279545009,0.03435978965155195,0.11107906203207318,0.012532027693353598,0.013136864911290402,0.11902644229310044,-0.004267670898590703,-0.01592977430953857
2021-01,0.01348258725769802,0.06525278961050551,0.07363129178976369,-0.07822371177876075,0.12406590812720153,-0.13992571340068372,-0.04234006929596845,-0.030733659215009812,-0.02321596546084681,-0.027606776561952873,-0.041173757882913775,0.0008136492525827599,-0.07957760461657559,0.00033399557346602826,-0.06486315403650023,0.02712834393576946,-0.015549280168707047,-0.09133491196174126,0.043191039992822144,0.010689887175910906,0.051892208286494323,0.01871022152010071,0.015703086191340754,0.07621724088057569
2021-02,0.0021761139740461566,0.04599345651810949,-0.0103490012141908,-0.0631181380717657,-0.024611101271325042,0.017881174945637124,0.004231729076679125,-0.02445469196122363,0.05267766415291919,0.014388021311703358,0.0019786926225680013,0.01833161704694386,0.018921037154415954,0.07960617842827977,0.07293019635998887,0.0291665222257127,-0.0259205162827304,0.07134230778568673,-0.00784028657787772,-0.02886329876421223,-0.034387235247474,0.032203046995599616,0.05154685580991547,-0.01459121319342016
2021-03,0.0026151157174438833,-0.00420717136312132,-0.06284630204096042,0.04293356878613275,0.04976375980265013,-0.054376721983497744,0.08375778944783119,-0.15578971255160923,0.02289130303529774,-0.06236133988465686,-0.019548946432648817,0.02451203079971198,-0.04467285648066077,0.08408491755082359,-0.10900512528268058,0.062276749463624936,-0.035339898505511114,0.042720169601804026,-0.030137229976621938,0.04305359825131427,0.055906109170436036,0.0035412160320285047,0.0907369755546017,-0.09469177252919991
2021-04,0.02958819933021606,0.07710592850439224,0.013938251769399113,0.06453283017030675,0.015533533091721896,-0.06950813105513531,0.028855239801619748,0.015868923043935057,-0.009127725654305752,-0.0005304893895075047,0.03434226877165658,-0.009443234660015842,-0.00160611801921684,-0.09088779389077928,-0.0638266250988817,-0.001133356724451029,0.09368922421823167,0.07241386577714892,0.013726957188023192,0.03280514589724892,0.05344423938431331,0.0573518387444647,0.06150662225904058,0.0052846352774826855
2021-05,0.004283164323789945,-0.011953271121814657,0.007822490729943787,0.096377963175726,0.09008488830946537,-0.01177366088582854,0.08153984855983576,0.019619297764677857,0.08714912998619484,0.013130881073881717,-0.018897100889272656,-0.00548012506497364,0.056287429938854494,-0.03318433291788092,0.1054873532081042,0.07160093510434073,0.1372233458480494,0.04293194926276911,0.15994405082824614,-0.016574696567965064,0.02110511626264322,0.10637930675892227,-0.0004659685174562833,-0.05912901321855324
2021-06,0.01426788944857793,0.006904151172895778,0.0013062285600240475,0.053290996047009154,0.00434990237246069,0.05629248648098639,-0.018311724020436793,-0.036892832634187966,-0.006632124826737917,-0.06006735215682535,-0.03878649628020081,-0.03358321761714145,0.02060722785519742,-0.018354332078481583,-0.11856318750228001,-0.07832125540998214,-0.04546334952885511,-0.032042963286466386,-0.023620814769935605,0.006348214545943476,0.018186647027828018,-0.020728811937596903,0.037668853893308096,-0.04014778936004071
2021-07,-0.056421971057595055,-0.020435647428476367,-0.13811270817883226,-0.061081641109438034,0.008049245261509297,-0.03320137310664972,0.023183398304648106,0.06639942005123634,0.009390386001417284,-0.019273293782185452,-0.039977232920439865,-0.06904433552214151,-0.1166959492609142,-0.05829952118735793,-0.09096095477615973,-0.017008923055335745,0.013789844677091878,-0.00216130624581623,0.008853890245584584,0.006860535809321222,0.049008547176350614,0.039411852213611764,0.005975192606479718,0.07034897109569571
2021-08,-0.015502148982679875,0.04623128534093324,5.878527563929481e-05,-0.02240620745060684,0.04023001830406692,0.10548057766534669,0.05588324530182476,0.09205528870024571,0.10956031929304033,0.07939074902880217,0.08406302451923775,0.11566344453227084,0.11457785139217536,0.047192219244891476,0.0024895621328158146,0.007938047840609697,0.0557632576911693,0.05617272691734243,0.10239373704208199,0.03847277935210425,0.0389659367638413,0.07891513550526197,0.047538953751540935,0.05572568855182647
2021-09,-0.06532119662457991,-0.04060002423879405,-0.05014261480297488,-0.13003692378097664,0.014402669467991736,0.03192101416945392,-0.06072919149255773,-0.12434776583266582,0.006312417985116392,0.03431200867626627,-0.03677953172519732,-0.07060690108817291,-0.019428755214580318,-0.06334357187751516,-0.023592009291811045,-0.04586201976156734,-0.05056321834941879,-0.030978953879070237,-0.0316735983490436,0.02614811820666252,-6.453760515923168e-05,0.0343958839377696,0.026963506805575577,-0.07744243774468806
2021-10,-0.023003195222207506,0.006393133322944555,0.03156864298158579,-0.0903393786418294,0.02168713068285144,0.027536748812155842,-0.0017000732719525402,-0.003158690082448179,-0.007672951517917692,0.08364486640190028,0.025059541292871357,0.029723912292491494,0.03335012335535703,-0.06326933368325516,0.13364755171320608,-0.0007456163808838845,0.04224257955102084,-0.006653400094805861,0.024244137131235632,0.04153300803426285,0.025888455308347158,-0.010108962310907521,0.03010245354333474,0.15176197003068803
2021-11,-0.0457008943861722,0.02201243382686502,-0.05971079016940728,-0.0143850059781091,0.07699479479673266,-0.08112778633748108,-0.058058947568759955,-0.13291813333588842,-0.030176191147594955,-0.02816395811821626,-0.04686574816591804,-0.059803540531324195,0.02619654709118424,0.061843245402195546,-0.06147611929848651,-0.04477791167848921,-0.11660235560864662,-0.06655962714546604,-0.08988246818276668,-0.0423617884866736,-0.03180853283020657,0.005762276491615426,-0.08287681402178937,0.0054468108636747115
2021-12,0.0650604974160558,0.05466024780537593,-0.031509940185993734,0.044692739153061156,0.0027018505815774585,0.030907924656386587,0.13125350348263454,0.028211590907126993,0.037543314855687404,0.011070901201879924,0.04191655807035888,0.06432249471928086,-0.021923399695598422,-0.0855476373261338,0.03787642857404494,0.043213820408105175,0.06025750457598811,0.039941123828620695,-0.031060137367458385,0.028289838939375755,0.02945256410460173,0.13263829367742552,0.05149497279822812,0.022694185217261742
2022-01,-0.10146258935305641,-0.019649428138544422,-0.029498924613872712,0.13035986891741902,0.03464403911316927,0.105612076629781,-0.05245519802427401,0.05619119472889533,-0.013606731314466547,0.006029081118270829,-0.035941259270805936,0.0020617035844425757,0.04082985350000379,0.12575532250511556,0.11826447156881992,0.06823874040654143,-0.030901519438755853,0.06626902270607338,0.09276149334557382,0.07883853560664589,0.04804735730203458,-0.001530880615691621,0.09276187934403812,-0.04331390436930416
2022-02,0.007942365466138579,-0.025462112587560704,-0.03899826374081117,0.047047226836687495,0.06767806502702856,0.054045024195040536,0.04939236491915233,-0.012403829230887009,-0.03971751160231152,0.054916256063126,0.05492321046444859,0.053957309797305175,0.0006566749400698235,0.03584950812444454,0.08808898786102137,0.04661260583505955,-0.11880621688619109,-0.019478349735811307,-0.2634074891500321,0.0399234947740581,0.02658767509224602,-0.02897577914323557,0.02979986357147313,-0.05468232256047956
2022-03,-0.0002298683044894556,-0.02163192873605191,-0.07995167159187877,0.1488470200061076,0.09710969255484359,0.1491767315424375,0.09281384140586435,0.08516591338287927,0.03664387970735605,0.03556633966353773,0.002452094504080904,-0.012910786812555086,-0.01669204610626307,0.1143646024771321,0.10865771767027677,0.07795641402982345,0.056209594854234934,-0.03297445989561343,0.0016501517013196576,0.06510722759289522,0.1097947881038428,0.06354701202991353,0.0426717668015657,-0.15326267161034401
2022-04,-0.0632702227221682,-0.09809007803938286,-0.04081904390543112,-0.13709025332527913,-0.011323283331804768,-0.10397017667246977,-0.11033724439689174,0.06228333807420361,-0.016601467885755228,0.03755360405024866,-0.027365607499017952,-0.04639829387730354,-0.08016857576919056,-0.11764435491767722,-0.17338078865825257,-0.1264795925844645,-0.1905969903493382,-0.009964686696240843,-0.122747945838937,0.010075805867998389,0.0038689457303962005,-0.01732474972667819,0.059244316178874046,-0.033817530773657456
2022-05,0.01854799526905615,0.03620272968153326,0.011915479372739846,0.08429092379467917,-0.08563550740458126,0.13385238003247735,0.058212949100775235,-0.06617439083104515,-0.05756836959361811,-0.03231053637173664,-0.022714782319012583,0.02396630376771136,0.014125539596779868,0.18610035480100917,0.01599149186299509,0.011745139234677904,0.03272110195518274,-0.02764248681670256,-0.13716758300769705,-0.059088587853664776,-0.05273958186042682,0.05466655231146533,-0.07187711140528763,-0.07993089291093258
2022-06,-0.17020236026992508,-0.13964795970471933,0.06631435100512029,-0.1914200554583193,-0.10833191050405788,-0.28761810530504484,-0.09788509938121703,-0.10153558006460939,-0.06689124395154689,-0.09189404944673374,-0.08237997144162834,-0.08392450241594784,-0.13617341459840104,-0.1855654177744307,-0.16924707177400744,-0.12709900838500154,-0.12754149969834427,-0.13743364601259245,-0.025774986936044075,-0.060887268211963,-0.029681471022373285,-0.06322942458548564,-0.10949342652691196,-0.10313981911432157
2022-07,0.058119618775613,0.03313594539345721,-0.09442481133690617,0.05530982705280607,0.055378875677417616,-0.011665134740994065,-0.0005413674887236875,-0.012079150526365878,0.09380085412679717,0.03190535619892332,0.024185441184150447,-0.019275292886112627,0.0218359335690248,0.12353189697040468,0.030070338144628117,0.0032688577003208152,-0.0007604336261850531,0.045249455054390264,0.012613957128166708,0.061581153296894175,0.03350849475917439,0.008087004133515485,0.0592773814303158,0.015099488091136593
2022-08,-0.03313523369508253,-0.011942159755293225,0.00227333079184433,0.06514409403201404,-0.01833415984546749,-0.06452818637670621,-0.04950748681186634,0.2269972404941445,0.04159605547571377,0.05212758948068785,0.005318283235505428,0.056867221529907086,0.027355425338124073,0.02776346583005962,-0.016052305967427793,-0.04014111921744612,-0.1300704970129466,-0.020591774927075646,-0.006447229775562113,0.018530846672033974,-0.003774362443990542,-0.09142971487653517,0.019817624678116097,0.0009953509527096394
2022-09,-0.18214802765646965,-0.15781057209713667,-0.14544286869223932,-0.0331073624951721,-0.058838043870120815,-0.11649495298540513,-0.004071531879917378,-0.04039104557175366,-0.06300562818178235,-0.007068127546261627,-0.09750427951719431,-0.06227406126916557,-0.17595700156643157,-0.10570491979581376,-0.022359722251808045,-0.08609284702494935,-0.13305669853483026,-0.09564921739341603,-0.15479307351648874,-0.046851758603338345,-0.08242953742038239,-0.10725722458486497,-0.07494311858720915,-0.02863436164550981
2022-10,0.08342825653439356,-0.05115311967072045,-0.16808819862114566,0.08625081256717171,0.04384267186802959,0.08049978368200361,0.13860241489045988,0.23031030726545687,0.026033208862921153,0.0037381514566954266,0.029402204522820163,0.011673044074315353,0.09102608642421295,0.029316124003881283,0.13609544151037567,0.03117820864501497,0.16008287120846898,0.13904917241627568,0.14856313054175052,-0.01771557819586378,0.054709242649318535,0.00625686156920402,0.03153443888249541,0.01868102619290757
2022-11,0.1494467582354413,0.2221300883711348,0.29714935683512955,-0.02839852901097284,0.004110363763049074,0.03205816709053155,0.060694625049815265,0.2253960744707446,0.05227328223942096,0.006114862861567927,0.08832046772859448,0.10610525529567005,0.1337333093318558,0.06111473122989697,0.12630887186024564,0.19609409429218783,0.18661168325056599,0.08261933546403721,0.1818303655003637,-0.032802591221712585,0.04571786837938463,0.05548629082904721,-0.07170846782743179,0.20461593209767814
2022-12,-0.04870782903185544,-0.05409739771207467,0.05204776803469602,-0.028692787493005967,-0.060352752191371595,0.07578896447399441,-0.06727353986336071,0.08046405410989,-0.05475217509153074,-0.04454741955331987,0.017816323652958044,0.03765531954101009,-0.020528690973015018,-0.01881953204652309,-0.08290159881556691,-0.03929288826978716,0.07330270003626449,0.04753607139971261,0.004318567463958312,-0.1083816465853209,-0.041209590605432944,0.01029556081291938,-0.033283484438723865,0.047987844523865286
2023-01,0.12384858948154465,0.1267343444454081,0.11780685950579595,0.06985136978939055,-0.03841708633798724,0.040878902102077674,0.17017125910776554,-0.08177571722829424,-0.029641498993265736,0.03343720201711453,0.028548063450503314,0.03760278373615855,0.05430315884610115,0.10444110825328301,0.07907308081537745,0.04695668160659561,0.0653685928704777,0.12316744085161657,0.07909679792624225,0.02005590409245439,0.0030277645962522026,0.1712814833888563,0.02179063252464042,-0.026890438465293154
2023-02,-0.06985991817554704,-0.011309564538287797,-0.103747612541925,-0.09202465629263601,0.014401210382987806,-0.16313382948357502,-0.0015687231196546136,0.0576042197329234,-0.0453638077549674,-0.009627208216570926,-0.07245525553383103,-0.09201501065195128,-0.05139538805556121,-0.04068642374362852,-0.0365132338223787,-0.08051912702685093,-0.043856295228840936,0.09014438428094129,-0.003472819159324181,-0.017309366286044625,-0.010517640643311621,0.10389959395192849,-0.07351444419789266,0.0540224953755033
2023-03,0.04898773305959203,0.03070048559575289,0.04516891532499656,-0.002386378437132408,-0.052114064262367754,-0.002296651882560008,0.030459644976657874,-0.0653152918029899,0.011660785328914569,0.04048947195553687,0.0104874883250472,0.04417324940255796,0.026763094229818485,-0.0007913785167110721,0.04129062937643013,0.034634940773304645,-0.02805958834929556,-0.054400668914180716,-0.043378283480432156,-0.009166302461225961,-0.030136860740846982,0.02850325473286497,0.05768516665515544,-0.060321690172775666
2023-04,-0.009265077810913458,-0.04234369036394903,-0.051552518551750914,0.03403658571611734,0.09475672351057574,0.054201266272664306,0.025810503965319587,-0.05080405550171396,0.04182588968115919,0.06667919548782875,-0.012903706800529546,-0.03337991875894186,0.012138796950106334,-0.01905365592775088,0.0026393739296288743,0.010786647438442598,0.13493556693359743,0.036393638079430524,0.0988576493933051,-0.020132259852735257,0.02712528099119149,0.08688330152603485,0.060187098547926476,0.04957071546129321
2023-05,0.04803591178611155,0.07340374297884722,-0.08417713006507721,0.0066103593554804885,-0.05332527347069149,-0.06409854750740174,-0.02500460517438652,-0.015624018273258544,0.029599707851357016,-0.03077120677207812,-0.05360537964228673,-0.030110663902360946,-0.04202738145937546,-0.0188435058184101,-0.04444170021704219,-0.13953170062120612,-0.039503469176244366,0.08684503356740336,0.032904581662642096,0.0039166324165840205,-0.06912085944894442,-0.13914115113293146,-0.029968392798662258,-0.003207983016172422
2023-06,0.006572368727359557,0.0197383957012367,0.040201902728701944,0.16063435073516907,0.020888273470136998,0.1405265561201423,0.05735170337778017,-0.04310334303873231,0.047514450190639046,-0.0020308131498875115,-0.01913439876170453,-0.020150889518870008,0.0196727310761311,0.08176966567636779,0.111259556055475,0.09556626331553275,0.1421078311877464,0.10022588331104387,0.099239463898251,-0.007856695053658491,0.036275729393939526,0.05909713049130216,0.034000374478507345,-0.006313640412907939
2023-07,0.0650087208322907,0.009528143401076772,0.10859893882778748,0.04903977652034519,0.04409336603842351,0.13726014170267087,0.04644202427639432,0.19258643842741385,0.03021533165573609,0.013834947517338936,0.09746289574225542,0.08052705373385272,0.032966122452868785,0.058629535213700734,0.11609790035348388,0.12649757873109468,0.08770082949633573,0.05658283212273618,0.026411572367340375,0.09026965521977348,0.03464769274280988,0.07577641843039018,0.021857686042337177,-0.01682026123051905
2023-08,-0.07597497492807115,-0.044213249556924294,-0.0895318310214871,-0.08234337824912974,-0.02766477426141678,-0.15742165453243206,-0.04479983357734563,0.0763388927169717,-0.018508482850671526,-0.013738864364678638,-0.031021711679166897,-0.027137091216133502,-0.09248552831137302,-0.0936288831838078,-0.0697572169185019,-0.12291898852899752,-0.09254880527772602,-0.026307417120527976,0.05388230307034925,-0.07555532017693456,-0.04315446987408533,-0.045186184761196624,-0.02233010060878493,0.10913878151374101
2023-09,-0.050569762986456546,-0.03719596112568657,-0.02740480513564414,0.0025002445351602898,0.04519919363867664,0.049853370897073424,-0.06392940731015939,0.03442442394535772,0.017314459931372372,-0.03338103657010516,-0.01745307868606527,-0.09079812140249077,0.028970384602357013,-0.058569188910750136,-0.07506364475409466,-0.03231792439881642,-0.11057469853670909,-0.10376764156790064,-0.0708112014291078,-0.00725480363410691,-0.017522225011033177,-0.016973985329146957,-0.04250842617038675,0.057511732964122375
2023-10,-0.06985811800972586,-0.016600956935400868,-0.042616430294742824,-0.03725257423949435,-0.09641092175397281,-0.05368168714066912,-0.06151728490161623,-0.12996541419758434,-0.02951652495218915,-0.08259525212259078,-0.001029276669965773,-0.03186025520165603,-0.057201979611667286,-0.09072499567088799,-0.0395148465367543,-0.017195170444631813,0.16348707252470063,0.009141952845291845,0.014483076258588135,-0.059603321689840616,-0.04710412213595638,0.009054728484658492,-0.028801905490177915,0.04689522256868717
2023-11,0.16248094354398357,0.1316327113229856,0.025233387139052432,0.1429406268746114,0.0628610346151881,0.08059215549542409,0.15617977371180025,0.07837276447481578,0.0672610670320033,0.06700738871110157,0.030218547021833908,0.013476967680952967,0.08183256259139604,0.10813262147159497,0.03235521796456364,0.0770567332072043,0.09644620867888243,0.11224412131391581,0.08386935014464725,0.05839631117199029,0.018891352061444877,0.03956463674078026,0.04775119414567741,0.22527306750655196
2023-12,0.06743774662823299,0.05546170282343854,-0.024085139947832235,0.072856078844308,0.008843404766898377,0.14330359837383444,0.09494563919027499,-0.06348189001232218,0.08110001789520327,0.042368190554596064,0.016004061767509015,0.058919135175283355,0.04412015742291331,0.060046994876290505,0.24495725443357252,0.06499832544190332,0.08263131789219136,0.008345891439007769,0.0637271709542091,0.0520951933313889,0.027138767679407927,-0.003149980737849112,0.0696069705479907,-0.043484629540664566
2024-01,-0.09989691432172254,-0.011530674035037936,-0.10610370112109013,-0.058855846367075415,-0.002891805680772297,0.019449077669782433,-0.018548103060035737,0.10313900210358273,0.02420918243987069,-0.016272637908104626,-0.0033051661424914336,-0.07925683878235101,0.009586963264708759,-0.10978923863409662,-0.021892207908709493,-0.05713686667681961,-0.03123191105068046,0.05845453423983149,0.02784650185210613,-0.04928794893768784,0.06969786844447601,-0.06570715889383483,-0.007609573312220452,0.1974625223558535
2024-02,0.0742745923063921,0.05451038333044744,0.08394158488486658,0.0025674890621922852,-0.010567853951576223,0.016753346806055225,-0.028116040242115226,0.03160837370186509,0.027733728758330356,0.03232491875899823,0.023524995640259228,0.007405680608953302,0.05472232597041926,0.05585125409767189,0.07235521432862946,-0.05620849157008645,0.06258487455330419,0.033559022694739316,0.006624249848133035,0.050106511681809573,0.021784845236372696,-0.04223491138304725,0.0661289616040619,-0.1248719541568537
2024-03,0.05259820669656068,0.07943324353628323,0.00946280458805182,-0.017821903986391385,0.017166276868826547,0.1059536220115529,0.053977747442615964,0.0071838337346830095,0.008151911619366459,0.010689675717966196,0.009914480395454284,-0.009294954615406636,-0.0007303478337865599,0.021367531818178964,0.10433146030159701,0.0482980462261966,0.005804260340290135,-0.02687549480996687,-0.028895661977620057,-0.03460239658299358,-0.00897443916045293,0.03116386002697169,-0.009855027754569146,-0.3294033700917489
2024-04,-0.05737314547430594,-0.022879331603847364,0.06601120277873695,-0.04052645697385604,-0.030409496664677182,-0.044280305283779464,-0.037098168662388575,0.1430766308539999,0.023188350345323405,-0.08535120024841569,0.015618296282238653,-0.012071813443823132,-0.057741011651957,-0.00705972932723542,0.03827165017086176,0.030185924156788557,0.013035068036783226,0.021065461038235034,0.052297146821187246,-0.024897814954741748,-0.028024985182010242,0.029828598302741316,-0.022836035971853574,-0.11820938181866025
2024-05,-0.03598081992572677,0.0530260582088633,0.024155721704407718,-0.05016143920786864,-0.04169669769644535,0.07168856191060091,-0.024285473786979983,0.0641374807065842,0.007635295930836783,-0.06155396165076765,0.02939461230114393,-0.01574918065799269,-0.06014406620288504,0.05978174939283387,0.040502386833117576,-0.0001924507912698381,0.03671225350393792,-0.008397876989009512,0.0018802188966278166,-0.04652900507959201,0.007568690938592804,0.09510073990391565,-0.0752281483370052,0.11547369108772587
2024-06,0.0887763748386523,0.11965085248871477,-0.018422766390764456,-0.035931876197416224,0.051098634099407736,-0.06391588844407481,-0.10524714694795767,-0.00021551941308273204,0.07037907754643591,0.02343848021294548,-0.001524703784807624,-0.020147032086243688,0.009965595596928667,-0.054266842633841406,-0.05600521315198814,0.0925332282150646,0.014552936926371718,-0.024073224974712204,0.035550697929424446,0.07234488160332009,-0.007036766249739479,-0.032600362265688076,0.025708469875903583,-0.025265706360104168
2024-07,-0.004874672146699455,-0.04105331619481578,-0.012279378566316335,0.012907371448972693,0.06792391610178194,0.02359328497186719,0.007806172425322666,-0.0145121840867235,0.040057727287255096,0.03847945507108119,0.05220258905826691,0.05819158608647301,0.04362673265941952,-0.0046991755569125715,0.012769261181291292,0.05183107476833726,-0.04330989477653269,0.09942359714372273,0.036673488145850586,0.035130823289162505,0.04722349031856088,0.02607727110377578,0.03662322356469683,0.060612845217069555
2024-08,-0.022105235047303884,0.03470885744018126,0.01009566809906226,0.06801908559572434,0.027534558707273282,0.006795868647236025,-0.05214675513361233,-0.10039240357756263,0.011028683626026936,0.09874690325097024,0.09752114936549461,0.09319937152148827,0.10456603733549308,0.0337368710287127,-0.013242878088454813,0.03585975090300009,0.02762981278029386,-0.018998219377471592,0.013524831714278429,0.01485152743625373,-0.005294409430217972,-0.0012145883149515813,0.007274272011599914,0.056383003714889135
2024-09,-0.029156665886876043,0.015745002501588168,0.2392589900567672,-0.008303351974811912,0.020878129281871383,-0.033337843680317114,0.012157593693839841,-0.012950300249303326,0.021456882846340397,0.011000938969106144,0.04377605095975179,0.1155941361814139,0.056893617176206446,0.02371570842764137,0.07988341007908417,0.06719797435503638,-0.017270612004931185,0.02497486725260023,0.011891578555893068,0.05231047667370792,-0.004789040423291091,0.02500942555024399,0.009345325758501,0.0021012117582459577
2024-10,-0.07549441339036411,0.03731322735028031,-0.05908912731642624,-0.05472180080747946,-0.01922436191121235,-0.005620212033886962,-0.04976243667593461,-0.09700992706589595,-0.0764814394715102,-0.048627107225268085,-0.08041509402949742,-0.03875689143582395,-0.0565997297436861,-0.05278426982106044,-0.01812007821135364,-0.024612053203646345,-0.08567549822738774,-0.09164016161096245,-0.0597381526779468,-0.006439583054371423,-0.018869059484019624,-0.009308986794057672,-0.016129983306966245,-0.043575356590600856
2024-11,-0.05729506323289324,-0.04482082595599568,-0.044313451142036664,-0.07050063879118862,0.018056190342016,0.00417699147008177,-0.030208357895235904,0.07350501026674161,-0.003908050551845843,-0.07895336977081036,-0.01409821173990422,-0.04536658196413146,-0.08138672924875412,-0.015895622252853236,-0.031180815459985967,-0.04447752996346532,-0.02201282308379149,-0.03067969961834205,0.03427188649068458,-0.008480311152124886,0.016425095705510095,0.0284001594425225,-0.028654923257707132,-0.005393787895134228
2024-12,-0.07243554243651806,0.043449168696799045,0.026938994968539465,-0.0810817403743711,0.09122079501873248,0.004599103091506462,-0.028307130050362117,-0.0005086588914073875,-0.028516285815666786,-0.03379996629371684,0.02741752277483922,-0.019887406087624626,-0.005264049131745496,0.0009385631450131715,-0.04484990516433307,-0.05583499810309378,-0.010462180714511438,0.06600911444830371,0.005201016345654175,0.013567861157932626,0.014526347477823665,-0.008235744543873214,0.030758910264444106,-0.04266697450384449
2025-01,0.06294167561627795,0.03319496190313198,0.009526557772616684,0.12445566381642514,0.049918451549366916,0.21176263710007115,0.03743567848217433,0.01601691144913131,-0.03529118665921138,-0.009920693039765616,-0.04714776155846934,-0.03324371485391542,-0.09769655665218047,0.08834359036338046,0.010461190227105677,0.05313962363738711,0.1355212300932065,0.07813426918849209,0.09842068049476937,-0.005228945265704055,0.056438132571684285,0.09916653729819602,0.02555977252209618,-0.014179242084235266
2025-02,-0.0020727037935877046,-0.04384360124715847,0.11762735392455559,-0.047434237340764795,0.012047408560580397,0.07681093717205534,0.03244357627463068,-0.04613394811012461,-0.07993758737055923,-0.15846961804425885,0.0038020984501649924,-0.08587150223800022,0.03732327412721892,0.040334671694413515,-0.005591002041916315,0.005407342231052548,0.08207430443319441,0.04080849382987317,0.014295862896853473,0.006549400518625292,0.047285247531421826,0.02183385845675878,-0.015067918626253785,-0.0051052883813561545
2025-03,-0.00840065571574089,-0.11492003876890056,0.019825075469518616,0.06543523339151402,-0.014009011240336156,0.034901228334870416,0.01390006924302889,-0.059578488744155056,0.09402081821186825,0.06784906113411471,-0.017292619528539444,-0.021867368967170342,0.06546128037916277,0.046381934857129936,0.048709019070272364,0.07590650115454034,0.0683088640917402,0.10009771717948612,0.05900182520520425,-0.012886327951581289,0.006654973897087579,0.14553257080504056,0.007004633014608075,0.07184909166040776
2025-04,0.04681187230953321,0.024444476481551014,-0.04247092372592132,0.0507757196543408,0.059078677520565615,0.0678724590634765,0.130314046149421,-0.06753745069730988,0.048172426966473836,0.044032100935411655,0.04294487016761317,0.0726151437044893,0.05534172160752404,0.036158635076261936,0.023393423751081555,0.039577327974936294,0.052241821973514124,0.0622409309728611,0.0992875235191184,0.022120206073773074,0.0031005732292090915,0.024808664300783656,-0.020704188614184327,0.01097021495470929
2025-05,0.07840960656822027,0.12540858052968074,0.027597157708844966,0.0005125334419300298,0.03551968904447045,-0.01857997815325263,0.045395954670555794,-0.007586632260513038,0.012038846874395492,0.09658065854824627,-0.005046929529173849,-0.032980789767173,0.008476873744536428,0.019597396750862472,0.07647302423687541,0.04978802993087128,0.03755715131751902,0.12479524407789055,0.03944192495191956,0.005402383457842941,0.01740726072362797,0.06673893869048975,-0.047280581573602376,0.03844196841040337
2025-06,0.17639654408296046,0.09542096191802041,0.03749418043200348,0.07883166613193415,0.05017219008811069,0.07677206012556459,0.022244793993302814,0.11379719429047119,0.03438181123402417,-0.04944183690264514,0.028196246742380637,-0.030724345901979144,-0.008776447511703922,0.05262256007397559,0.0780089735816929,0.04402004681939853,0.06451665462093592,0.08588620422849691,0.05858564397507293,0.026299006142818326,0.05984115688423253,0.08467347511165957,0.01792541220112609,0.0004414383443998027
2025-07,0.04014573021694634,0.05621202073164855,0.048359262554457993,-0.0684851207724928,0.09678018988183834,0.009973461305540887,-0.0005888512639543597,0.056478170549328244,-0.050017667641038654,-0.01011909885176332,-0.023170482975097828,0.14348103277047475,-0.04404620458932473,-0.04916136342328148,0.014485405722167277,0.006777716764420072,0.007345221156851434,0.06661935908486383,0.022857965446932305,0.07217906595688484,0.024043690498690706,-0.003687171541532308,-0.011737744146236628,0.11760703285081475
2025-08,-0.018706475373912568,-0.00803240589194143,0.049396864713756594,0.10372633023168976,-0.043179193854051556,0.11982229137520295,0.03206804090946758,0.025225528694778232,-0.02207711747374952,0.0014814882088853842,0.04657521435167866,-0.002544622691746712,0.018385150029130326,0.11183938126678927,0.07531545172361276,0.06720315548328304,-0.021630603533255965,0.022755617359705438,0.04586245789099097,-0.00044459881754854713,-0.023222758746347716,0.056621132673694285,-0.008006171789042393,0.04971596624851493
2025-09,0.10541888076955863,0.0943230623323914,0.09766713390952075,0.054746293682803815,-0.0288028442244318,0.05696219456941232,0.09863197741862684,-0.0011411560462408765,0.005059713817657796,-0.022266323770019802,0.040824396885192016,0.030772798320775285,-0.051525709978464174,-0.006814591020221972,0.12803026193543454,0.12212209375076388,0.022430718733700727,0.02881066997600512,-0.010423841188662464,-0.019181244577709422,0.03157627432518706,0.01500827893013068,0.08648543252126029,0.06388743559623267
2025-10,0.22652378906758486,0.09840468091660948,-0.03810691747457473,0.006764394829537723,0.04525227200039783,0.08921536371331285,-0.0078113002404737175,-0.03806814674631509,0.04408681014464633,0.04060247963181429,0.0032888392700904934,0.04677734227035901,0.0005939322307313422,0.07120894414069401,0.02876064204085882,0.005690680601395881,0.047205297121323264,-0.04365986778309583,0.08652176807717837,-0.007524139846768141,-0.0013399315380616672,0.0067009632491366045,0.009539332223898578,0.055802738307743294
2025-11,-0.07878884060873914,-0.05007793278091521,-0.024956719732962873,0.07718130357570474,-0.06610730016904864,0.06520207840509373,0.028816053776284045,-0.03255835722934408,0.008942224381175867,0.01143309742517995,0.012088182740052078,-0.024136681503818425,0.022190543547817132,0.08867338903580513,-0.0022652236911916424,0.04036278729134635,0.015925506520964028,0.052438282308769235,0.06018327078411101,-0.03019164562790344,-0.01771699253948167,0.03857003162621431,-0.0805008706384781,0.03913040907482879
2025-12,0.12738696674206995,0.058523343802533434,-0.012117232918078868,-0.011685689646124597,0.05558553924401499,0.021046143594591227,0.03430333613397529,0.03760003198635653,-0.00484111726608083,-0.004439955671669216,0.06544435634992074,0.027551588870533772,0.01159715543627482,0.07623575811996641,0.09813681566793431,0.09127330173260484,0.07766245593263754,0.012202099724254678,0.028099272210861503,0.019304045805188297,0.011484415713788998,0.023027397260912297,-0.004810365695480323,0.025245359654725963
2026-01,0.2811410067631326,0.11162490842877681,0.04701030801682782,0.16797204848589264,0.06951763329885097,0.27436604092326466,0.09646286496156198,0.23650960745846472,-0.05087549370029576,-0.04749000518823698,0.07053088159220056,0.06576660087117259,0.0502298897007023,0.13255781643040088,0.2709614502560118,0.08259321163949407,0.07369623201290976,0.13615719200973064,0.19253671525639904,0.05435949416602304,-0.032434161086550395,-0.012563766805941734,0.10490335433678788,0.24523939195197464
2026-02,0.22084426584894334,0.12754751591718594,-0.05766886173218333,0.03942613874050016,0.037415399559356244,-0.12191103409119142,0.07176308062785752,-0.008541457394449448,0.014451286519895357,-0.011393192009916286,-0.004016376444051839,0.20568047833933445,0.07271755180719386,-0.06337242443856939,0.07744072017534465,0.0963388470160167,0.009319643887295337,-0.05983429156739417,-0.019870165450461164,-0.01653356111601123,-0.002753362685826377,-0.034845585218204134,-0.05567886973346747,-0.012791937052805458
2026-03,-0.25399786767374444,-0.129185221821563,-0.07694038639496881,-0.01839607218576389,-0.16273593824665,0.08512139926617768,-0.08327464375514937,-0.07097125048829311,-0.14927659876102717,-0.15517373321386374,-0.0389398677328644,-0.09976429672673859,-0.1369153602970573,-0.07233790694664921,-0.11795783934914028,-0.18452363389778703,-0.06960409374493226,-0.12486315626665168,-0.10448321763960966,-0.06789405407033011,-0.01845152239850234,-0.05640350851472309,0.04719794640815422,-0.21639130692097064
2026-04,0.3822947040870839,0.26221603888175116,0.03636955728739677,0.04087591209262276,0.06696333400298049,-0.0643844443073891,0.026340434276414637,0.11275058783431935,0.09167517092387945,-0.07049342610711662,0.042549936646679054,0.05049266671649999,-0.02250717549342829,0.05036044884054003,-0.032783514994795926,0.02908278134081188,0.07735056833954679,0.08078278312258536,0.2353087697266505,0.02259735820112896,0.05992199219682037,0.04085120803998876,-0.00567179576025767,0.20071002172126207
2026-05,0.35291365094402316,0.16528893365876907,-0.03012676766164557,-0.09127692571389179,-0.014208332236379295,0.006501906508341371,0.036682274780408086,-0.0840304273737067,-0.005822793544603022,-0.12663665665827029,-0.017419488965273233,0.0518846962283519,-0.010324890614864968,0.0016868481367184884,0.11909479469850925,0.024585977431888173,0.07287715499881653,0.10006488852832929,0.032918965947331014,0.012781993544262571,-0.015633442502490436,0.022299196826627288,-0.008606193134647833,0.017989441122594485
2026-06,0.0032623442961243754,0.012667289159906892,-0.07052077235628229,-0.02813740860341052,0.03311518026492366,0.12438545781879395,-0.03096087247649082,0.01396389793968389,0.015334680476723594,-0.0849673313910212,-0.04056913354720926,-0.01762200522440327,0.08244334951516441,-0.021414477116695196,0.007806045916346038,-0.06795638038049523,-0.05226696506680095,0.013668819480646022,0.04520974026360158,-0.03554693421957977,-0.02992334451429912,-0.011319048679835242,-0.02466741368468406,0.02584198948849359
2026-07,-0.1710572596957024,-0.05285714583941248,0.09040886758868272,0.06401778761602706,0.01062109877424855,0.20110701184744806,0.01977782236771497,-0.029286616044302827,0.01780458533509477,0.11174646806460187,0.039855783876109774,0.0015708659640538691,0.06243886343340588,-0.0020108554165422232,0.03566248538203376,-0.003485023114155217,0.10198428604077114,0.07111795095965756,0.017336896912179656,-0.027740149308414064,0.03399614501636439,0.08720495671922701,-0.004593832614368298,0.034613958611367845
