n_firms,b1_base,r2_base,b1_full,b2_full,r2_full,corr_base_path2,rank_corr_base_path2,rank_corr_base,rank_corr_path2,rank_corr_combined,entropy_ratio,missingness_excess,variant,eom,split,vol_regime,period
13909,0.005319064340609741,0.00020714172666180808,0.000753639446385464,0.009549324276221767,0.0007221800380443621,0.4780887905953697,0.5028882197534067,-0.038939398158347654,0.056161175664763904,0.03912995252860163,0.9975245456244854,-0.0005923587060946615,fourier,2016-01-31,val,high,early
13868,0.0064156444520436584,0.0002778838748328516,0.001928728693494021,0.009641581701876449,0.0007695601736393831,0.4653713360821342,0.4984416828471829,-0.04041011403937325,0.02846610032083391,0.017069122771645306,0.9975833439385797,-0.0007240121990051124,fourier,2016-02-29,val,high,early
13962,0.04154039714116729,0.01422722928184672,0.03216322053307428,0.019203569842488652,0.016542739751829627,0.488303825018035,0.5143026199435943,0.08909708958394554,0.13150657373332628,0.13435933239887396,0.9975612701968504,-0.0008271189771824569,fourier,2016-03-31,val,low,early
13946,0.055912775283083124,0.024485276503566245,0.04383400413194949,0.02319356391946757,0.02755584291676727,0.5207811612336581,0.5431200346589914,0.11686499684134681,0.14392619546605961,0.15170816964396658,0.9974305795570357,-0.0008187289118847578,fourier,2016-04-30,val,low,early
14003,0.04163770313240674,0.014190655066870228,0.03171964034603306,0.020819125543524594,0.01693325141152391,0.4763919005932164,0.5026528190554914,0.07799290014511727,0.1113536392660668,0.11802332111521716,0.9974443972809488,-0.0008086046932486827,fourier,2016-05-31,val,low,early
14038,0.05212993425937875,0.023780734368394008,0.04057394324786717,0.024655089932185736,0.027931553582464574,0.46870609854964573,0.4961089627146071,0.13258228094686347,0.18319889095102296,0.1897328009432051,0.9974494320444419,-0.0008139738010239809,fourier,2016-06-30,val,low,early
14098,0.06540257632931172,0.03665144517567909,0.05547196852462322,0.022467744972879296,0.04013179339432249,0.4419939703192497,0.47726755361531437,0.17299350720357193,0.20163155187207749,0.21274827067514854,0.9974532047568123,-0.0009103237845283916,fourier,2016-07-31,val,low,early
14187,0.07316275769969376,0.047495463912444524,0.06517543510985291,0.018095891572391908,0.049834962496844826,0.4413887294739621,0.47022382034815957,0.21773353804580897,0.21288969960111304,0.2330758153385781,0.9974912327143454,-0.0009617059377935123,fourier,2016-08-31,val,low,early
14219,0.07553340073568908,0.04617463474129868,0.0635130638384816,0.02610969739366604,0.0505225780130556,0.4603782539477947,0.4927738373951375,0.22436410937852796,0.23304480684036435,0.25143622372267105,0.997507924366271,-0.0009457548957188747,fourier,2016-09-30,val,low,early
14225,0.07956018864950595,0.05175960500526133,0.07007141851708447,0.020872495319945207,0.05458580972196814,0.45460640843212496,0.4890488507955035,0.2501422828528134,0.25249574721890033,0.2720976699260396,0.9975897925484686,-0.0008908371197201148,fourier,2016-10-31,val,low,early
14265,0.09382951039420383,0.05993830784377019,0.07992848036381607,0.029178319813868824,0.06441895798300978,0.47641639817015996,0.49893564280119146,0.2736246948694532,0.28363345764630965,0.30286027760977696,0.997656919548045,-0.0008378919368971101,fourier,2016-11-30,val,high,early
14299,0.08122000623335675,0.044841184259208244,0.06901504518539683,0.026282477371399146,0.048524136469202506,0.46437635522270093,0.4836953721392988,0.2384501763271419,0.26825804438906925,0.2816738755217679,0.9976247276776102,-0.0008982060931870266,fourier,2016-12-31,val,high,early
14383,0.08403134238653374,0.04932976893921137,0.07388956634219984,0.02250891271960035,0.0521506708564905,0.45056712292892553,0.48113043656161014,0.242457599856158,0.2438144911602525,0.2637968045288106,0.9976243096548936,-0.0009741775669671338,fourier,2017-01-31,val,high,early
14424,0.06879307949042959,0.03594565080744305,0.06028445076015649,0.019996768684709263,0.03843298229232073,0.4255001827757741,0.4607164943232226,0.20844101482783453,0.21803775796248223,0.23738388003876212,0.9976396540389683,-0.0009593860197527334,fourier,2017-02-28,val,high,early
14550,0.0570559055417643,0.028352243448181214,0.049487600898826145,0.018296582833416845,0.030768966275093956,0.4136457999748141,0.45297370518684427,0.1737187820932925,0.1836636652055964,0.20018551188773295,0.9976254459150677,-0.0009865545350159666,fourier,2017-03-31,val,low,early
14634,0.04954338144764151,0.02059688565482254,0.0357458335010474,0.031799992186999165,0.02748504455301859,0.4338852621551232,0.4763187911173473,0.1298948186854431,0.20191339274688108,0.20667482871389534,0.9975723464491892,-0.0010489755970010174,fourier,2017-04-30,val,low,early
14662,0.044883729487586,0.016110721893529245,0.03488539736754611,0.024261444787252198,0.02001855467555358,0.41210786116448256,0.44769807995177496,0.11917636628214927,0.1675631650514257,0.17708547209579079,0.9975790351440049,-0.0010350196445306685,fourier,2017-05-31,val,low,early
14630,0.055464160384317854,0.022364884406007035,0.050925844932393174,0.010977403412640132,0.023091221177697685,0.41342340090158086,0.4421008689181276,0.1530253338986306,0.15860659601378765,0.17628099628934935,0.9975675853620483,-0.0010070746205292453,fourier,2017-06-30,val,high,early
14706,0.051704969313675644,0.020016925205671665,0.05112383111908063,0.0013589341441814081,0.0200282235914071,0.4276426470576127,0.4623515258443489,0.15333476134049293,0.16675175755838098,0.18404116616999056,0.9975464899910377,-0.0008927285247018807,fourier,2017-07-31,val,high,early
14714,0.0648313214553728,0.03368440265966843,0.0633633321952711,0.003258679499639984,0.03375223467763244,0.4504859285066566,0.48049750513945433,0.2171268238248988,0.20979386545203632,0.23191676982810583,0.9975353160583881,-0.0009049076464647796,fourier,2017-08-31,val,low,early
14757,0.04414517480009764,0.016224602588332138,0.04428413845882932,-0.0003022006967452668,0.016225202140127237,0.4598389753175499,0.4955043240914073,0.1679249161325554,0.206133230800952,0.21695789233503537,0.9975170149354922,-0.0008372982807025675,fourier,2017-09-30,val,low,early
14809,0.03821919568735217,0.012344908287096668,0.03763290913237662,0.0013997558817003051,0.012358562116968286,0.4188491455117627,0.4667421778697911,0.13886739186719646,0.19314939297843203,0.20018606554718046,0.9975741580264107,-0.000929842443392709,fourier,2017-10-31,val,low,early
14948,0.023331646244347023,0.0050259177833656965,0.017913593170107767,0.01328608222491908,0.00638463228139885,0.40779915271594586,0.45674798109315057,0.06823711550658892,0.16241434910277255,0.1578719116605897,0.9975946774651041,-0.000979435530094516,fourier,2017-11-30,val,low,early
14948,0.03075369858611195,0.009459185447941887,0.026385797405842903,0.010979146375159477,0.010473954318127254,0.39783613689213443,0.45097724172432874,0.11119927908555192,0.18957779668930955,0.18861020422178565,0.9976113371864261,-0.0008772438273408811,fourier,2017-12-31,val,low,early
15107,0.024759489456806383,0.007484340634306363,0.01590786022224345,0.021776081573264376,0.012317118814538563,0.4064840226088208,0.4649943711534517,0.09408530735177371,0.20535193316241626,0.19811074652837907,0.9976169666398041,-0.0008135448439791138,fourier,2018-01-31,val,low,early
15031,0.025032593969216737,0.007344853677887175,0.017661433955749692,0.017475411572380774,0.010287527053223777,0.4218017975103385,0.4808267844432433,0.08740243344490503,0.19547367137621857,0.18584813045199,0.9976699300027861,-0.0007385415507163352,fourier,2018-02-28,val,low,early
15022,0.038762039119070515,0.01973258591877247,0.03250084208912859,0.015466420078530243,0.022359326520337897,0.4048252276963601,0.4571832774078196,0.14882688271893257,0.2212055365014909,0.22291790760737298,0.9976498254972885,-0.0006409813979716504,fourier,2018-03-31,val,low,early
15096,0.04442744711299691,0.029353053005104268,0.03596156078170968,0.020006051638973687,0.03423934730083489,0.423166274088303,0.4787045857700304,0.1724971843327294,0.23566511353118266,0.24150202814445956,0.9974831087780012,-0.0007493327861417846,fourier,2018-04-30,val,low,early
15153,0.04256078391404773,0.026221833784660253,0.0358208887998777,0.016330656028489036,0.02942481843619338,0.4127142903756303,0.4585924166473518,0.16553548405923044,0.22546988680955882,0.23110916409061855,0.9975126865648646,-0.0006879199668277145,fourier,2018-05-31,val,low,early
15154,0.03504170454139617,0.016403829863219532,0.027669562401109057,0.018510917904724762,0.020255312020984517,0.3982591343242589,0.4455289562740902,0.12208192958792777,0.1901392412791554,0.1921570000396204,0.9975168059354182,-0.0006406384571600004,fourier,2018-06-30,val,low,early
15108,0.038464355272923134,0.01959757091611014,0.03098864881455951,0.019436085528890996,0.023861135947893075,0.3846302511504877,0.4511743547059454,0.14757380085413882,0.20702074531888753,0.2117348217461752,0.9975976736664584,-0.0005767866615814454,fourier,2018-07-31,val,low,early
15191,-0.004025545494328728,0.00018637664294740564,-0.017936935649479124,0.03771349586150858,0.014318795218891012,0.36887034302596844,0.4330100257593638,-0.05100232150342668,0.1281674678657294,0.10429556622706469,0.9976123487412125,-0.000621223846150541,fourier,2018-08-31,val,low,early
15348,-0.02631163297612696,0.007011359678072648,-0.04494563937132423,0.04813171051811023,0.026957017927465632,0.3871461494844698,0.4412176445244434,-0.125957475258825,0.08532761889214434,0.04768896370690807,0.9976728503418671,-0.0006318543156187215,fourier,2018-09-30,val,low,early
15387,-0.024483396961594402,0.005222672292182873,-0.03702597466955814,0.0301153208801389,0.011753804077730523,0.4164849432578673,0.4625183372236595,-0.11579234455298418,0.025797965855083406,0.0013211241624786671,0.9975854729103079,-0.0006142428530850539,fourier,2018-10-31,val,low,early
15450,-0.007258820795286372,0.0005508908206132146,-0.020897201846112174,0.03325125336930166,0.010165938322920454,0.4101614125442223,0.44701732630599583,-0.055113984201714754,0.09767167050962687,0.07648576463705375,0.9975919121336464,-0.0006385918914666636,fourier,2018-11-30,val,low,early
15458,-0.015050434590503722,0.0020815146015850106,-0.02884369501715972,0.03250223470879859,0.010040726952430301,0.42437883272422444,0.45729302016961093,-0.07651266907829485,0.0794327131561714,0.054626316127559596,0.9975401914127372,-0.0006863035752996325,fourier,2018-12-31,val,low,early
15520,-0.01823651381776854,0.003112846922912027,-0.03545249427565178,0.04022435642199758,0.015483056794467376,0.4279989038795235,0.46401257619501385,-0.09603524720968162,0.07907704940534369,0.04587166167297275,0.9976398840871911,-0.0006232003597063488,fourier,2019-01-31,val,low,early
15482,0.016796468354552174,0.003159614460834903,0.0051506720914748835,0.025523350429170394,0.008936498670916504,0.4562800755876208,0.49250348968075847,0.047454825755579876,0.15228832883602417,0.14031525966212538,0.9976963718304842,-0.0005272417663421347,fourier,2019-02-28,val,low,early
15554,0.024586894702245937,0.0067767311504467465,0.014351653895611386,0.02238625926432343,0.011220275327971208,0.45721085804365724,0.4797057233249061,0.07968703585378603,0.1720906228769351,0.1648301572122875,0.9976244517952014,-0.0004921190072871318,fourier,2019-03-31,val,low,early
15576,0.018222186336202716,0.0035229798921776467,0.004562243034728949,0.02969199416447242,0.010897042003375712,0.46005476175834137,0.4818737491379922,0.0521152268889186,0.17805415664674312,0.16191511000150077,0.9974935302913511,-0.0004489966620451248,fourier,2019-04-30,val,low,early
15583,0.017525772914395995,0.0028537547185765177,0.008105932074614344,0.02135654516456197,0.00626697516917718,0.44107512555014705,0.4604764501600759,0.04124766170152677,0.14954592479113066,0.13486827989748357,0.9974761988866396,-0.000572703462631199,fourier,2019-05-31,val,low,mid
15552,0.012902063155063452,0.00144253448768894,0.005056784533483254,0.01867461347730072,0.003931285293470754,0.42010393581168637,0.43315480422908076,0.011324543201155347,0.12511486392626214,0.1068213923045568,0.9975172343752773,-0.000499722650517092,fourier,2019-06-30,val,low,mid
15590,0.019994079419621277,0.0032494085110938986,0.015444230073449895,0.010274717416754066,0.00393924947679547,0.4428199006962386,0.4511242250583038,0.027359889633461483,0.0809452314335288,0.07477167278061968,0.9975291209522474,-0.0004339594444694729,fourier,2019-07-31,val,low,mid
15606,0.010173595277200857,0.0007917562796357913,0.0031392010873035536,0.01630419884930234,0.002446717633961759,0.43144678588084007,0.44425713964139874,-0.007585351687766625,0.07387508275435947,0.0611792408449444,0.9975263506111577,-0.00045821486815345166,fourier,2019-08-31,val,low,mid
15634,0.0014508511272573355,1.791344565549302e-05,-0.002344950635894528,0.009012818915690349,0.0005865804847806633,0.42115588903508905,0.44482502727494566,-0.04944936575242787,0.047769366853822055,0.03229057513860618,0.9975463744234723,-0.0005126623321597077,fourier,2019-09-30,val,low,mid
15681,0.013780616315703964,0.001528518971015469,0.011728129335595801,0.004696686623210077,0.0016721599619720084,0.43700743625604027,0.44915242237824476,-0.0030432256842614323,0.054405486652326245,0.046983836007600074,0.9976050485867722,-0.0006539877656004403,fourier,2019-10-31,val,low,mid
15729,0.0016109890331662373,1.8117789103988535e-05,0.004965415130810872,-0.007488517180734668,0.00033104783143889094,0.44794263225737424,0.47450225153821646,-0.04423734330535994,-0.0008648880797723911,-0.010124454113103795,0.9975945473468446,-0.0006949280568227763,fourier,2019-11-30,val,high,mid
15780,0.024388790832826076,0.003683084652875035,0.030404973365577893,-0.013463680433158218,0.0045813971668928755,0.44684531563390734,0.4724431910797786,0.028183414974273305,0.027170566725654904,0.03115419441183706,0.9975820203804231,-0.0007010477511917121,fourier,2019-12-31,val,high,mid
15811,0.002292899412746087,2.6637868228318595e-05,0.01122620837359584,-0.0207023805542252,0.0017938419297032215,0.43151119444675373,0.45081969239778513,-0.03841158061174482,0.00024280738127839855,-0.010754036349255081,0.9976019823707354,-0.0006417693411581704,fourier,2020-01-31,val,high,mid
15782,0.024835935692204842,0.002668194962994974,0.04566765002202482,-0.048383366525493604,0.010917262981301912,0.4305552884343479,0.45099734398049035,0.014683572132946384,-0.02098657057864942,-0.013701605844304054,0.9975609159574437,-0.0005366702785776301,fourier,2020-02-29,val,high,mid
15731,0.05877918870861602,0.011724365812251891,0.09201129017014323,-0.08048843238413626,0.029960848315067734,0.41288046588988203,0.4217877849217429,0.09881990057314784,-0.028571959086739672,-0.00013856024034290126,0.9978174910857212,-0.0003605856627712222,fourier,2020-03-31,val,high,mid
15791,0.03876308706737035,0.006893623421968087,0.04836166342506351,-0.021393625923125725,0.00857073922154139,0.4486652422632212,0.48222436496192855,0.05600708754451326,0.038456142691587425,0.04673144791485118,0.9976856256365079,-0.00037396988521644445,fourier,2020-04-30,val,high,mid
15775,0.04876301966191375,0.010269953694728384,0.05905390241009528,-0.023601190816430972,0.012218333188505404,0.43603235227484854,0.46886056261024267,0.08850023711138924,0.050791125723816645,0.062224125527539684,0.9976175970706571,-0.00039428842209232145,fourier,2020-05-31,val,high,mid
15952,0.06227103066320464,0.016116926566082768,0.07787130431756517,-0.03891845802133758,0.021400777962219286,0.40084511174104065,0.4360093229495036,0.12171870739615433,0.035288497911330145,0.05609114234021657,0.9975905233811714,-0.0005643608507721384,fourier,2020-06-30,val,high,mid
16043,0.10412433753400081,0.04627492496616059,0.11370441188406273,-0.02381912061524028,0.04830474773920446,0.40220100921471397,0.4252976640917021,0.23210880422373995,0.10195998922843547,0.14301138066808355,0.9974185792690415,-0.0006128486668179598,fourier,2020-07-31,val,high,mid
16127,0.0889543009126137,0.03475351864139076,0.09456682461247155,-0.01379410915413533,0.03545087142728853,0.40687830124732705,0.4347093409958621,0.20987312558639312,0.12016247760740084,0.15013361676869952,0.9973890820187188,-0.0007334664071413201,fourier,2020-08-31,val,high,mid
16191,0.10513740459501922,0.04779092588578371,0.1135476064298615,-0.02122284280486572,0.04943244472992703,0.39628064497134696,0.43570267833308757,0.24461556478717295,0.12962822642989347,0.16676248157313608,0.9973623540217631,-0.0008817851138349295,fourier,2020-09-30,val,high,mid
16195,0.11951418848600481,0.053046392120231656,0.13577330406529767,-0.0415098605861982,0.058463728264873005,0.39169284959463463,0.42829098441027535,0.2568492862811328,0.08762999972611525,0.1321394812991833,0.9974352149019144,-0.0009228644473919067,fourier,2020-10-31,val,high,mid
16250,0.14331399669609438,0.08495797183502685,0.14929812940252035,-0.014977671826578338,0.08573777719479037,0.3995369090544314,0.4442485420280108,0.3226273390075751,0.14293705386120828,0.20121157296760966,0.9974735233566686,-0.000937885068963115,fourier,2020-11-30,val,high,mid
16358,0.11571309870102231,0.059143379009521824,0.11323753054709979,0.006159329394086446,0.059283883352594824,0.4019217021089975,0.46355618416827143,0.24534518631453717,0.15964297120794296,0.19614778934557156,0.9973618258480841,-0.0010905287023043391,fourier,2020-12-31,val,high,mid
16522,0.09899410000640003,0.03816150375444205,0.09392682820233768,0.011716402930917965,0.038596072820329064,0.43249381520397734,0.4974778246021418,0.17581298152063862,0.131876363911079,0.15453591816325898,0.9973088259784264,-0.001186174126169181,fourier,2021-01-31,test,high,mid
16535,0.08323817746232356,0.029286607053612967,0.07245588490268456,0.024599984606175882,0.031353153756927266,0.4383048498707798,0.49752335618930976,0.16348572168693135,0.15242019775632581,0.16944563798542028,0.9973780110304443,-0.0011475854987615512,fourier,2021-02-28,test,high,mid
16655,0.08795893434029338,0.03382371846006971,0.08347173590338353,0.010383184276514957,0.03420701951127769,0.4321601463875412,0.4801951707940866,0.16693979267574632,0.13571132018471105,0.15605247391217783,0.9974362644135272,-0.001110135182487236,fourier,2021-03-31,test,high,mid
16763,0.0903954820023774,0.03770445990720028,0.07999647320668178,0.022325936541204506,0.039505431209440056,0.4657815261858354,0.5215212198775095,0.1698483390351119,0.1642027009763577,0.1800546447085798,0.997354094214301,-0.0011390097547946158,fourier,2021-04-30,test,high,mid
16879,0.05034470274662511,0.012085279563539553,0.03844831564100286,0.026174972661028445,0.014677265947833584,0.45449472897935544,0.5047869969073732,0.06091934155115296,0.10876971857844764,0.10792133596823991,0.99735979202958,-0.0010529011600499058,fourier,2021-05-31,test,high,mid
17014,0.06772946665493962,0.021826093468944596,0.052571051696480964,0.03365328159047533,0.02612141625554032,0.45042902926711853,0.49092410708126466,0.09659990046469041,0.1484273191984903,0.15206629458563212,0.9973041352232495,-0.0010705917544737455,fourier,2021-06-30,test,high,mid
17105,0.08756931390061952,0.04317330524394891,0.07926857271118373,0.018674636020153772,0.04474881382007834,0.44449279656499224,0.4751678461309211,0.16576514073194729,0.1586365306935671,0.17850213802181633,0.9973356068061489,-0.001013024785376613,fourier,2021-07-31,test,high,mid
17181,0.06850893377506753,0.030119205184234943,0.056913842929785984,0.025602722606098263,0.03346293531293443,0.4528850710007578,0.4834174189276267,0.1371866413628889,0.15448901773890342,0.16990524866473614,0.997415489803543,-0.001001694067280754,fourier,2021-08-31,test,high,mid
17229,0.07183881866034225,0.03312414749165449,0.0632127590578985,0.018764796161060797,0.03490659104437088,0.45969375464569884,0.4995987005067205,0.16647107119754356,0.16333270554681723,0.18277600136778177,0.9974021165255009,-0.0009376976726592606,fourier,2021-09-30,test,high,mid
17281,0.10706548395901301,0.07227127446662662,0.10410453999637392,0.006638815005087425,0.07249387365205417,0.44600489098860363,0.48359192195314965,0.29127206853447674,0.21491191992631023,0.25562260192573066,0.9975133336225578,-0.0008798691601981116,fourier,2021-10-31,test,high,mid
17352,0.08369234119315053,0.05219542666453725,0.07765423694571802,0.01301611997579903,0.05318622263981243,0.46389432938970354,0.4912613202845452,0.2544729541817539,0.23095006504728888,0.2581046655087605,0.9975383304379176,-0.00085435543448747,fourier,2021-11-30,test,high,mid
17409,0.05209772015940577,0.027454608226079924,0.037677327718239735,0.03175246956988825,0.035549577814678046,0.45415026410523746,0.48772347204032773,0.16503688571787334,0.23554070915773895,0.23897192167252368,0.9975405320953247,-0.0007991994357622423,fourier,2021-12-31,test,low,mid
17484,0.02098534782182736,0.00451848325445714,0.0033110050370043775,0.03530147297600412,0.014099676477822953,0.5006687057173976,0.5585740506511805,0.030157566234979002,0.13890535389157282,0.1273629610183819,0.9976086358860414,-0.0007239959241798062,fourier,2022-01-31,test,low,mid
17519,0.04993580808338418,0.022702098899713086,0.03266727380210561,0.03544658926879161,0.03142627630650807,0.487170546940978,0.5388654499110432,0.14515802516850046,0.2120945935879892,0.21610568295768576,0.9976664773742813,-0.0006241907276420669,fourier,2022-02-28,test,low,mid
17575,0.05550706122817505,0.026897129190813218,0.03187700769501386,0.0494794578017913,0.04339522720988842,0.4775730087384484,0.5318323178801219,0.1544745948144749,0.22041727573494016,0.22617541734059884,0.9976702198419005,-0.0006119630974008863,fourier,2022-03-31,test,low,mid
17734,0.007299721797465623,0.00044720409387677407,-0.022351833661587505,0.05989456271351017,0.023175396141057236,0.4950625585308653,0.5454051404173831,-0.03224038785556414,0.11612757470571287,0.09598413503087362,0.9976133216186435,-0.0006199395053533856,fourier,2022-04-30,test,low,mid
17780,0.03002075249375632,0.006683756906098015,0.0020636247642486574,0.05614070979959365,0.024261313975228127,0.49798315392327874,0.5444316567390525,0.036360005451111836,0.13417330153542303,0.1265206475781506,0.9976431449563405,-0.000674822110769855,fourier,2022-05-31,test,high,mid
17812,0.05972799363692243,0.02547517083873374,0.04211733632593343,0.03561035418278181,0.03231601296893727,0.49453754996614746,0.530644836879489,0.17742120646981369,0.20250219504481634,0.21130639404738105,0.9976503743919203,-0.000552084903067791,fourier,2022-06-30,test,high,mid
17832,0.05732754451916319,0.02731249017680426,0.039359291428852694,0.03366724827539681,0.03404930906669568,0.5337012678708237,0.5724335495659912,0.16817263722029563,0.2221019386368082,0.22410267836452885,0.9976691915113074,-0.0004555501326797123,fourier,2022-07-31,test,low,mid
17946,0.0310565669387723,0.008889339414838382,0.0123638430694488,0.035908415802224404,0.017552747792050738,0.5205666541311412,0.5681454938248215,0.07076213854846229,0.1619430991261879,0.15513030062771443,0.9976165558424971,-0.000568683801147247,fourier,2022-08-31,test,low,mid
18009,0.00045910302981640855,1.5175065989359027e-06,-0.010270079326026839,0.021225843179436286,0.002416425581481585,0.505477321448983,0.5552170603563154,-0.019389645861631246,0.0730798427386739,0.059312182548761694,0.9975858871413433,-0.0006259361211906396,fourier,2022-09-30,test,high,late
18025,0.01606277339613787,0.001964108277909271,0.005891792957160045,0.019912622859928033,0.004195040612630319,0.5107805491279812,0.554923494470195,0.03966534980449514,0.12480134239776676,0.11569672363139429,0.9976810794783405,-0.0005474740963396919,fourier,2022-10-31,test,low,late
18108,0.010758848659689279,0.0010030772610357674,-0.0014902081087071924,0.022766346473440044,0.004194363484996466,0.5380334865183686,0.5822936562910771,0.019675059960317775,0.11724549143217028,0.10454906633180047,0.9977247454426543,-0.0005095194532892723,fourier,2022-11-30,test,low,late
18163,0.0029719196013452977,6.547656030275739e-05,-0.010567779335342465,0.02549575785057674,0.0035253407826258965,0.5310569317465669,0.5879198614162134,-0.012939137043069886,0.09865922271502713,0.0809510947376364,0.9976898922758698,-0.0005564544619932744,fourier,2022-12-31,test,high,late
18201,0.03144392103107818,0.007532469923681062,0.0068263612815319605,0.0458752009873845,0.018948723456450156,0.536620204809634,0.5733542506619597,0.08084489494973159,0.19851324222145408,0.18886492693332652,0.9977920751323739,-0.00045760608234006423,fourier,2023-01-31,test,low,late
18216,0.046859067196960806,0.015463385742205071,0.029336818853007,0.0323683016901474,0.02067949428838045,0.5413397499714387,0.5757957500345734,0.15387415628124396,0.21064949542871989,0.2138783516920772,0.9977689472232123,-0.0003885257993324952,fourier,2023-02-28,test,high,late
18275,0.05913592397728711,0.023442623032171594,0.04578661964844056,0.025914195279447584,0.02674975221909537,0.5151348203131968,0.5558377536845336,0.1821584852815382,0.1892262404660008,0.20374954330850692,0.9977210739891319,-0.00040504414851343573,fourier,2023-03-31,test,high,late
18380,0.05244841787282431,0.020928971447899514,0.02767487690811405,0.04556586510598147,0.03205614431870718,0.5436863956621124,0.5893160201192457,0.14657796133676287,0.2061738155244562,0.21041528797389428,0.9976528485616049,-0.0004249254068185427,fourier,2023-04-30,test,high,late
18479,0.056672788845198496,0.022726156681304066,0.04117040867746615,0.029512333234002004,0.027188551545538897,0.5252848036380712,0.5690927620750486,0.15616280253720477,0.1630472546934269,0.1764731408197361,0.9976513811579675,-0.000487559091451171,fourier,2023-05-31,test,high,late
18513,0.059437151333779616,0.026429153274243444,0.04881187634660611,0.020773290815806155,0.028812889647746864,0.511487326749556,0.5561358939545463,0.17833327490634712,0.17398656536934815,0.19005193124978365,0.9976124540783415,-0.00048049762109982086,fourier,2023-06-30,test,high,late
18570,0.10597278166472841,0.06591304902469641,0.08930150452067298,0.03140931736786824,0.0700720813888489,0.5307748955124169,0.5804519770720385,0.3198650026785812,0.29552363544625193,0.3205611218428374,0.9976014059413192,-0.0005274630724753064,fourier,2023-07-31,test,high,late
18659,0.09606635081044923,0.05966690894757998,0.08146997362240482,0.027815041971343695,0.06329151946503497,0.5247655999611484,0.5805402185153048,0.31417416719601143,0.28538593912304255,0.3133788357828131,0.9975649111585878,-0.0005595454933836765,fourier,2023-08-31,test,high,late
18706,0.06857387753153774,0.03704470728328846,0.06000615013680448,0.016040395462546427,0.03849335548090238,0.5341344242250112,0.5818463077864794,0.24410122765638226,0.23350636645945747,0.2536347057504308,0.9976138410418013,-0.0005353478696783097,fourier,2023-09-30,test,low,late
18743,0.07813904674333413,0.040860969812743675,0.0644714735955834,0.026135834487335627,0.04418219714768967,0.5229438208436101,0.5713039158437732,0.2613755737442345,0.2603499203038832,0.28097071758586334,0.9976382555381322,-0.0005327562286874646,fourier,2023-10-31,test,high,late
18779,0.08338207968709344,0.050898684590834464,0.06563260289541277,0.03405962431919725,0.05708490029965674,0.5211295528490879,0.570873542109243,0.28857615125710645,0.29811976263675904,0.31841042102720624,0.997671653119369,-0.0004356651850595994,fourier,2023-11-30,test,high,late
18828,0.08724670320340593,0.0510897892548261,0.06204909023627208,0.046909486361961975,0.06159757923882314,0.5371538876527274,0.5894246714135327,0.2927073460096913,0.3249604964456128,0.3402680722238631,0.9976734005510146,-0.0004448702881441258,fourier,2023-12-31,test,high,late
18910,0.04022660216273407,0.012596043404373924,0.020551210781045263,0.035499127733306574,0.019392069575860038,0.5542499953658974,0.6085300598192472,0.1288427931233522,0.1990452388346959,0.19875736543483796,0.9976404319720392,-0.00042390483386308244,fourier,2024-01-31,test,low,late
18929,0.05193035511660417,0.021227343504707785,0.018324834272352708,0.05643651594371347,0.037409008806815636,0.5954570419929897,0.6354528142622682,0.1700286764452098,0.2586985833675017,0.2555335260745764,0.9976863957144929,-0.00032386577549533023,fourier,2024-02-29,test,low,late
18964,0.03992386250503799,0.011917351375875684,0.008167984325527063,0.05422988941632877,0.026365819634832532,0.5855788850259481,0.636775630060739,0.10462178849609635,0.17126610115014104,0.17098892748394762,0.9976615812325388,-0.00036854377014865783,fourier,2024-03-31,test,high,late
19108,0.008897910539232588,0.0005729352911792995,0.014263349215468735,-0.008736796239298366,0.0009169858480689852,0.6141196989463332,0.6504116774903127,-0.002643629229932895,0.0007596515764359651,0.004335510435639966,0.9975638740452502,-0.00032408227020114716,fourier,2024-04-30,test,high,late
19160,-0.003809733943629331,0.00010365061650674523,-0.0015697328618937724,-0.0038182507423833484,0.00017193252028102624,0.5866563599058393,0.629529269250097,-0.054998488453430416,-0.039115794029694055,-0.03872619933476507,0.9975674015300904,-0.0003567222533739822,fourier,2024-05-31,test,high,late
19204,-0.0019941371780676054,2.691370617247113e-05,-0.0026231569076251957,0.0011123604813605482,3.2610237157726374e-05,0.5654819099541296,0.6079834759668306,-0.03950380440688731,-0.015640923353128743,-0.014997729231325516,0.997598004888767,-0.00034097228606347465,fourier,2024-06-30,test,high,late
19289,-0.00532784901321997,0.0002243624069580008,-0.0003416903034502416,-0.008902415688982026,0.0006542700085397923,0.560090528679551,0.6102578787684594,-0.039128553376849416,-0.016201240628544666,-0.016867804348159446,0.9976074047018019,-0.000254709559608996,fourier,2024-07-31,test,low,late
19353,-0.04311271891789385,0.012475150315677253,-0.024059193802261937,-0.03379777681367018,0.0177052912062462,0.5637508413841967,0.6155645022552287,-0.1126195049930365,-0.07949980268711108,-0.08743081793612524,0.9976344171508795,-0.000288011099135339,fourier,2024-08-31,test,high,late
19391,-0.003515073395253009,0.00011834613868677568,0.003993091365823655,-0.01312703674623544,0.001228909008608614,0.5719618910357592,0.6194285047494312,-0.025371228244051094,-0.009498550930511484,-0.009424913477665992,0.9976559174364917,-0.00019738113237357033,fourier,2024-09-30,test,low,late
19391,0.02498708958122868,0.0063821758657641725,0.02731177988616544,-0.0042872679208413875,0.006514821928020331,0.5422311709596319,0.5931520219481712,0.09969518098841298,0.08879739308648195,0.10006675170653725,0.9975809755771289,-0.0002574267602168487,fourier,2024-10-31,test,low,late
19405,0.027746982538990467,0.007636737089000256,0.03535611572136072,-0.014238143048176841,0.009073292170781344,0.5344189306582675,0.5861733129080766,0.10208275507748547,0.08503236394351778,0.09342100855162036,0.9976070767421215,-0.00024150208876369002,fourier,2024-11-30,test,low,late
19472,0.015856145630033517,0.002016984058939353,0.040026085207453765,-0.0452577028769646,0.013762447309943027,0.5340513998935017,0.5868135681793171,0.038765314161371724,-0.022964323614941964,-0.013181003489944842,0.9975761780379981,-0.00022823399170524323,fourier,2024-12-31,test,low,late
19522,0.01015724825634359,0.0008207097505485983,0.025759293046640187,-0.030465092370757795,0.006267448568930134,0.51212858967938,0.5796379734240581,0.02022135574054886,-0.017504120053463263,-0.011965018650147609,0.9976089890170771,-0.0002678737452769398,fourier,2025-01-31,test,low,late
19574,0.016637424698961536,0.0018821799194532751,0.023201058522092356,-0.013142285952775433,0.0027636804184658637,0.49942862655040093,0.5645791261181353,0.04487237412838432,0.017761948426850683,0.024601709966289034,0.9977099814110403,-0.00022355573214669804,fourier,2025-02-28,test,high,late
19600,0.017125449039791064,0.0017968389304788834,0.0421832568167147,-0.051853575814421904,0.01442331170505795,0.48324165466599933,0.5570084716861426,0.037838302290036464,-0.06588457796783123,-0.04830506505942518,0.9977847544884711,-0.00021082380447447224,fourier,2025-03-31,test,high,late
19679,-1.9104615523337478e-05,2.1308500519623408e-09,0.01872929803540099,-0.03583496988784369,0.005444921358996657,0.5231873421295772,0.5737901107899531,-0.013784667237605802,-0.06407755867286981,-0.05491943171162434,0.9977542350958222,-0.00026917095405037006,fourier,2025-04-30,test,high,late
19682,0.0177475634300134,0.0019864801773423757,0.030997177876709407,-0.026114161675628335,0.005180208873222125,0.5073727662126895,0.5628864502355196,0.04979850232954933,0.007573603831214192,0.01944674545282646,0.997737671894762,-0.00028339252636188565,fourier,2025-05-31,test,high,late
19659,0.025960264850089745,0.004096732556765903,0.03455197089547082,-0.017193298759632086,0.005444967152600011,0.4997124848169801,0.5532389922151695,0.08142985983396138,0.06072297223578371,0.07049214929616898,0.997681067887641,-0.0002602746953633951,fourier,2025-06-30,test,high,late
13909,0.0027692055813515284,5.6144536545343904e-05,-0.017571047494284127,0.024297710978043556,0.001349499656254305,0.8371263076595794,0.8285669139464057,0.011984342687739303,0.042813795878802116,0.04121292445255953,0.770319772891713,-0.0069113678271436035,linear,2016-01-31,val,high,early
13868,-0.008631118136784141,0.0005029408279331182,-0.018400307771718173,0.0117970216345848,0.0007981899384158497,0.8281064439426802,0.8187939846925696,-0.04697746039253157,-0.010750016602527827,-0.014452988786722935,0.7744232739226972,-0.007185179244037305,linear,2016-02-29,val,high,early
13962,0.034456648373361064,0.009788701924857923,0.017844012767450512,0.020488928790222346,0.01097443758670591,0.8108103540207082,0.8019951084405816,0.10901284412001133,0.1400566450050084,0.138715348019138,0.7682115122587786,-0.010911700064647466,linear,2016-03-31,val,low,early
13946,0.043293369991344526,0.014679987975084186,0.03514673445746688,0.00978843423668839,0.01491061271439309,0.832271570394822,0.8231132745690112,0.12230855307900153,0.1391194681741366,0.13836184665299148,0.754111752032026,-0.00701858717202715,linear,2016-04-30,val,low,early
14003,0.030487840358874235,0.007608205566118631,0.03854048281308245,-0.009871337319857855,0.007875028528016359,0.8157600326357441,0.8072117895143669,0.0717663230131756,0.07689162352248631,0.07719158755982362,0.7597310425693146,-0.005582290676159397,linear,2016-05-31,val,low,early
14038,0.05274796671829858,0.024347947372317824,0.05136129835132294,0.0017230093289900886,0.024357100005309884,0.8047944625975754,0.7955158568173925,0.17856705509992493,0.18026683619147132,0.18250818190688156,0.763869896747615,-0.0071162284158544625,linear,2016-06-30,val,low,early
14098,0.06372418709955834,0.03479445185983743,0.07527022728810674,-0.01469763175446501,0.03550314123347165,0.7855714703858347,0.7865961750914603,0.2165943255233009,0.1913979442169527,0.19605627856247032,0.7682262368496552,-0.0037030940338324465,linear,2016-07-31,val,low,early
14187,0.06752481398531943,0.040457476758366306,0.07854085325740096,-0.014246227891321414,0.04118153284177328,0.7732600767104534,0.772083313783975,0.22933327751452443,0.2021341084988124,0.20773843645466428,0.7660183963777307,-0.0028063822329974356,linear,2016-08-31,val,low,early
14219,0.07842046113341164,0.049771894910176306,0.08681317024120076,-0.010576034386053514,0.05010707823052141,0.7935591736401343,0.7915343605538724,0.2582497668424144,0.23205364215876922,0.23709138274535996,0.7608258962789749,-0.00685366732707145,linear,2016-09-30,val,low,early
14225,0.09012098858980706,0.06641271565793971,0.0977480850400505,-0.009694952281175164,0.0667056153114074,0.7867079928851688,0.7840069711889892,0.3051076529564564,0.27016461538637326,0.27722116277824266,0.7642116036808242,-0.005077828508634451,linear,2016-10-31,val,low,early
14265,0.11441626117045128,0.08912531579253535,0.1305405775149783,-0.02053697626407177,0.09022668722854466,0.7851358514120644,0.7817143778374841,0.35554178105476314,0.2994062065484508,0.3089525634907625,0.7658958501382881,-0.001720570753899028,linear,2016-11-30,val,high,early
14299,0.10600472974382474,0.07638384625050998,0.11809988981299072,-0.01544096766814931,0.07701010653029894,0.7833161968281913,0.7844320478171495,0.3458903973932497,0.2973240425488646,0.30653401316556506,0.7694736586343314,-0.0020793466488619287,linear,2016-12-31,val,high,early
14383,0.09726971015200743,0.06609699600126784,0.10372325992783929,-0.008055201023978399,0.0662593355955956,0.8011655769507156,0.7945705569573512,0.3157397602222666,0.2803314042287797,0.28704350503334447,0.760675443803442,-0.011181029020005773,linear,2017-01-31,val,high,early
14424,0.07514146756580656,0.042886064564804705,0.06178274539714539,0.016670291362055504,0.04364138589404187,0.8013490513467103,0.7880254027650014,0.27212794207496427,0.2581212881750001,0.2628854014065704,0.7654449017431016,-0.010362674507579859,linear,2017-02-28,val,high,early
14550,0.059393775691881576,0.030723316388955313,0.04564210830247094,0.017630880680545163,0.03178359032635303,0.7799762041711353,0.7756791642990841,0.21638450919894003,0.21112683071755636,0.21506704605208424,0.7777840258352079,-0.010419698135671453,linear,2017-03-31,val,low,early
14634,0.04790922828501368,0.01926054709252567,0.018309585852430598,0.03710099287418465,0.02345910061347134,0.7978126766836168,0.7967199877647129,0.1605554901268593,0.19354363212988218,0.1943158274806603,0.7686769385635651,-0.006519932786028762,linear,2017-04-30,val,low,early
14662,0.04228047410879492,0.014296075252251073,0.02876090674590668,0.017221101752676667,0.015206056061141338,0.7850582127117517,0.7850606607599719,0.1380517735654576,0.15402275150105357,0.15549726153507226,0.7699937820555341,-0.008233943914293369,linear,2017-05-31,val,low,early
14630,0.04958184948524063,0.01787257865661429,0.05373017334135139,-0.005486266041385848,0.017966294356384638,0.7561288178182217,0.7656291556993405,0.16865310175417006,0.15983029333525053,0.1645762369449062,0.7681438363068046,-0.007546730783654583,linear,2017-06-30,val,high,early
14706,0.048702120312447195,0.01775941007355164,0.04330624141388798,0.006952493347609368,0.017903330874527112,0.7761070207154966,0.7923791617433346,0.19551264812157476,0.19518959982056222,0.19981853925034665,0.753398175848862,-0.006082738566338802,linear,2017-07-31,val,high,early
14714,0.061370158101234584,0.030183777210116003,0.059956650985005175,0.0018127656663817185,0.030194100411798153,0.779751703401513,0.7867114602177807,0.2597529582404993,0.2370026106999946,0.243766258856663,0.7514809132238415,-0.00837395865040562,linear,2017-08-31,val,low,early
14757,0.03726602493047794,0.011562020272558371,0.02263310041392819,0.018884116959416303,0.012748291585092608,0.7748799982542145,0.7861512690265101,0.22218700941748343,0.22834941685232846,0.23245004953929294,0.7563636717730455,-0.007537580208508975,linear,2017-09-30,val,low,early
14809,0.0376578725056551,0.011984953211729432,0.02821490078614502,0.012624113502688833,0.012578223746963046,0.7480106795218195,0.7617099965888684,0.22872668529083165,0.21783548978993475,0.22360563441043246,0.7664263021690728,-0.008370727502044857,linear,2017-10-31,val,low,early
14948,0.028904065286450776,0.007713339958112186,-0.0005904214366038163,0.03831711668068006,0.01323699681750412,0.7697470289541869,0.7740029286939815,0.15862239497351074,0.18872860418654258,0.18995492302135594,0.7745364000707557,-0.007465299403792991,linear,2017-11-30,val,low,early
14948,0.036100844207379836,0.013034481155278055,0.008856765103505835,0.035059550234563024,0.01790446524176259,0.777080108603513,0.7756699938243734,0.2193293121083533,0.22832391459058118,0.2316374542139589,0.7707750767384296,-0.008448213795389879,linear,2017-12-31,val,low,early
15107,0.03906120183321889,0.018627791910709623,0.006130500028002306,0.04249632162223274,0.027436460288198794,0.7749071107363016,0.781120336129847,0.22852930370730531,0.24949839957822476,0.25280098856656874,0.7703238422316815,-0.009621126936249301,linear,2018-01-31,val,low,early
15031,0.03724210930830312,0.016256984025290633,0.004194035061896154,0.04241260700025328,0.024539804963532585,0.7792040287973365,0.7832959392667438,0.21546429569603265,0.24208413917535132,0.24476420392255555,0.773159290120422,-0.008626672855291652,linear,2018-02-28,val,low,early
15022,0.05265724453430488,0.036415563137954465,0.03989418073165555,0.017492484043761844,0.03829480941451924,0.7296312959734594,0.74034299322844,0.2716795728964113,0.255963131700292,0.265044737828272,0.7801741633427169,-0.00948181738626233,linear,2018-03-31,val,low,early
15096,0.06199202454369939,0.05715078517023253,0.06980088960772032,-0.010466600354041122,0.0578731069842261,0.7460746374063383,0.7486402592962348,0.3197284804278267,0.24422602658966888,0.25681654289557554,0.772727574755722,-0.006269871781145076,linear,2018-04-30,val,low,early
15153,0.056272797766287457,0.045839602077483055,0.06463581230516996,-0.011556803691999143,0.04676055077052099,0.7236442498949277,0.7285934280483575,0.30163414322146204,0.2346740699359748,0.24600318758776826,0.7725912979032451,-0.007923938164191069,linear,2018-05-31,val,low,early
15154,0.0507344897379866,0.03438597973415358,0.06027857666320157,-0.012829055498840567,0.03536780231389702,0.7439430693923084,0.740515636288617,0.23924906926215014,0.19686993108859396,0.20509916171691026,0.7775747687733378,-0.007823447773549557,linear,2018-06-30,val,low,early
15108,0.046086961950486345,0.0281346483149999,0.02824466429977396,0.023489351148717304,0.03122629575382818,0.7595909115471909,0.7678037554410774,0.23495767932887426,0.2428397172056492,0.24697520923679198,0.7703464484279946,-0.006243655039230607,linear,2018-07-31,val,low,early
15191,0.0022554721279374095,5.8508226758013926e-05,-0.035535213752294556,0.05062196554486192,0.013105980789322347,0.7465274307993431,0.7550569418120201,0.0035464518084986603,0.09427783503236281,0.08897610844093756,0.7685970304545796,-0.006132499909412263,linear,2018-08-31,val,low,early
15348,-0.008787242764018436,0.0007820092519710276,-0.03005379519603435,0.029034208802874075,0.0047390562104376865,0.7324653678836676,0.7296541253667382,-0.06920741074951782,0.01148220255019913,0.005536011612333474,0.774474775982745,-0.007077440065782572,linear,2018-09-30,val,low,early
15387,-0.02724717656812264,0.006468334042683321,-0.07160157699108204,0.05976174027332793,0.020444728575586657,0.7421872291550341,0.7454074611088821,-0.14015237266077474,-0.0008009710476823466,-0.010579810169381235,0.7702934568925033,-0.0074978605826052525,linear,2018-10-31,val,low,early
15450,-0.002764411531538004,7.989852800582842e-05,-0.039334422466922155,0.0503881310502763,0.012642876596112074,0.7257663694428933,0.7253118939687367,-0.03037537456804613,0.08685948316934523,0.08006328795484635,0.7740852787122701,-0.007801524723348535,linear,2018-11-30,val,low,early
15458,-0.009074537484370608,0.00075671157705548,-0.05494735787091263,0.06119053351005529,0.015826812342369934,0.7496718488160968,0.7423388425127687,-0.05366036961731027,0.06761032579733936,0.06021679346353207,0.7718160466526531,-0.00708178805088115,linear,2018-12-31,val,low,early
15520,-0.009511246651735953,0.0008467379263282782,-0.05366780750879667,0.0569636106415301,0.012968367815850423,0.7751713832699529,0.7588899455322725,-0.06607124423042855,0.04524453386492591,0.03845181787352232,0.7705658763536742,-0.006901980358353447,linear,2019-01-31,val,low,early
15482,0.02691497733609813,0.008113087831443377,-0.00834798761547225,0.04815769528922455,0.020160229788280137,0.7322394632836312,0.726116464400341,0.1111245721088356,0.19473799575519107,0.19299389791526333,0.770954141247235,-0.01060427712967811,linear,2019-02-28,val,low,early
15554,0.03805671977549032,0.016235871248735045,0.019560873785468252,0.026231116246171398,0.020114317599868703,0.7051109002162909,0.7097087805507681,0.16444354589614515,0.20260170435450423,0.20523340150108127,0.7769403767889472,-0.006406041656258949,linear,2019-03-31,val,low,early
15576,0.025700968920613375,0.00700822748774943,-0.007762208046202399,0.04591932429627189,0.017499247442163246,0.7287384446447958,0.7224386423287051,0.09687306359572452,0.1931135698691519,0.19017866584789667,0.7702411031673684,-0.00963958218036678,linear,2019-04-30,val,low,early
15583,0.013580834976619768,0.001713622778445334,-0.02745247563861889,0.05646821550860482,0.015695891793231276,0.7266620743305121,0.721266368730725,0.047591314873816556,0.17034167845069584,0.16487876703683635,0.7718739599754038,-0.009253656547840286,linear,2019-05-31,val,low,mid
15552,0.0023828346598856283,4.9203465857572404e-05,-0.0390944745395339,0.05856667671883526,0.014864994849440483,0.708206637684579,0.6938036743504882,-0.009156696298751849,0.14009235830866307,0.13236424112503456,0.7732692486214328,-0.010430424490403014,linear,2019-06-30,val,low,mid
15590,-0.0034117959915523272,9.461665650267737e-05,-0.03368004100813998,0.04229154242400071,0.00718583862281541,0.7157044477857626,0.6981506271170955,-0.009345975439091754,0.08930065468700836,0.0822080520970339,0.7795794814688524,-0.009327527047906495,linear,2019-07-31,val,low,mid
15606,-0.011601031045752375,0.001029522354891954,-0.0492735120935406,0.05120062483167496,0.01022662792491269,0.7357816661735342,0.7241304493851779,-0.05150537412829956,0.05928249876450323,0.05165519087889082,0.7775244088918644,-0.009789540923420104,linear,2019-08-31,val,low,mid
15634,-0.03047715653229766,0.007904644059907207,-0.07059734938086824,0.05471907188938609,0.01968724356571938,0.7332030947026988,0.7292849267076006,-0.1107654683975407,0.0026518955602809033,-0.004500859794878733,0.7764520057414016,-0.010472358998143055,linear,2019-09-30,val,low,mid
15681,-0.022817731461798937,0.004190621920696858,-0.0598693621336982,0.05188479264846472,0.014808725316701188,0.7141134960858984,0.6985065876865092,-0.10131112245063405,0.029246482139105814,0.020781495076569675,0.7748549612205681,-0.00832953897940492,linear,2019-10-31,val,low,mid
15729,-0.028894706305670224,0.005828497320848336,-0.06984161338186995,0.055871252267136504,0.0159157323387058,0.7328797085199982,0.7136900044740934,-0.12913100341426537,0.007767277847032012,-0.0011520802685244932,0.775217484447591,-0.010200688196082084,linear,2019-11-30,val,high,mid
15780,-0.01562879945157846,0.0015124547824717505,-0.030750104081078186,0.021022951214256493,0.002833274820922105,0.7192760176906293,0.6974761971600435,-0.06826734022136215,0.023340791162043375,0.01663570098134316,0.7688168878629065,-0.01001365875173699,linear,2019-12-31,val,high,mid
15811,-0.04214380711495641,0.00899905676430901,-0.06569011758121626,0.03194322005867264,0.011359861065707855,0.7371301460216769,0.7239277024649714,-0.1449389715886082,-0.03674358751499192,-0.04462942680689603,0.7690318932856376,-0.00804084995156122,linear,2020-01-31,val,high,mid
15782,-0.03115485992866677,0.004198634912552124,-0.02381504962993662,-0.009982086407529286,0.004396618937512309,0.7352982131262165,0.7213829398719352,-0.11053179570021528,-0.03488044444275591,-0.04176545401457584,0.7736716602428175,-0.007976606576504588,linear,2020-02-29,val,high,mid
15731,-0.00763217821984577,0.0001976692850991224,0.038196799234393314,-0.06538238522617652,0.007576946147643815,0.700937680625866,0.6828009825437832,0.00012105908939585447,-0.012669791420315386,-0.013575746066713053,0.7812524827450812,-0.010607917922603582,linear,2020-03-31,val,high,mid
15791,0.0005536526443488691,1.4063246825957165e-06,-0.0025096921230875753,0.0042694234153805655,4.198094144780562e-05,0.7175078387399387,0.7009907226655342,0.003499045090828535,0.04723435571546161,0.0441220101368347,0.7808078913799179,-0.007358647902151782,linear,2020-04-30,val,high,mid
15775,0.017655432532986653,0.0013463067572369036,0.03754617855404287,-0.02690761252586192,0.0027645840083796447,0.7392237420518704,0.7136292575838055,0.04922642848112579,0.054476383535287505,0.05354651066475429,0.7828881121813872,-0.007557845680496241,linear,2020-05-31,val,high,mid
15952,0.038471836925349584,0.0061517115815945544,0.08745781089031003,-0.0671075587590711,0.014895795598255823,0.729962091763949,0.7068236369857839,0.1232326197737803,0.05771807525378068,0.0625283620398378,0.7788034423465388,-0.00880696567267095,linear,2020-06-30,val,high,mid
16043,0.0920913349981172,0.03619751510895497,0.14722712206143201,-0.08483349700610758,0.05393928421524108,0.6499294383600236,0.634067401348704,0.2691588794084789,0.09487322630010891,0.10966411299347849,0.784269603548244,-0.0004149576387915653,linear,2020-07-31,val,high,mid
16127,0.08280432858868335,0.030114174307794395,0.13335103499645148,-0.07487363811866425,0.04351464968722352,0.6750934998996792,0.6508949431518923,0.252506750624152,0.11331035826608044,0.1252407738156883,0.7833965248988872,-0.004057666703903178,linear,2020-08-31,val,high,mid
16191,0.09174028170940883,0.036387404572700954,0.14607385011958843,-0.07620387988200464,0.048730413067407996,0.7130026514961246,0.6802357348517356,0.2585551473453117,0.14837872136100988,0.15918760824353972,0.7822203221256752,-0.0030447300825008285,linear,2020-09-30,val,high,mid
16195,0.09919543918661965,0.03654267425916424,0.16431592960368757,-0.09602915803685269,0.05504075046301504,0.6781324729729978,0.6454673706243129,0.254350830553026,0.10713964645286543,0.11989619173537909,0.784915368051733,-0.005900820074290345,linear,2020-10-31,val,high,mid
16250,0.10823167933889034,0.04845467835109907,0.16245724579524431,-0.07644247325434848,0.06046293302129757,0.7093643644405628,0.6780767211393727,0.2867821531163783,0.15113766316224303,0.16201703713002094,0.7721245885607338,-0.005213146748868358,linear,2020-11-30,val,high,mid
16358,0.0817231539085924,0.029500632220036738,0.10960633479166738,-0.03687628394148751,0.032073123474859466,0.7561277304217628,0.7276950278364873,0.21580975013335202,0.16047409903646953,0.1652545095040448,0.7625561864175634,-0.0013708997843523637,linear,2020-12-31,val,high,mid
16522,0.07554932606520252,0.022226344711740342,0.10299435368953344,-0.0360435708565977,0.024352169543212288,0.7614403060538584,0.7434633375619666,0.18329484652432232,0.12907205675615818,0.1339287227792508,0.7807726620213435,-0.0038355173047762555,linear,2021-01-31,test,high,mid
16535,0.06607283028233381,0.01845311788499593,0.095293074244323,-0.03815444379122934,0.020997465014554684,0.7658411723117882,0.7457574094913489,0.17408981171747978,0.11735707836017967,0.12270499250808138,0.7869052522297815,-0.0063781150035987855,linear,2021-02-28,test,high,mid
16655,0.06509375893557823,0.018524228738637682,0.12808855584677897,-0.0831950843553609,0.03143452758278531,0.7571937380591154,0.7272939217899846,0.1776210663067454,0.07699796078580685,0.08474808286751967,0.7817812118933691,-0.0069554940276945225,linear,2021-03-31,test,high,mid
16763,0.0691267599989354,0.022049141172303943,0.11820407997396475,-0.06604806110302772,0.03106425395021495,0.743054665881216,0.7248747267744752,0.18945880089641925,0.08400830282679791,0.09253747612008391,0.78595824510922,-0.005423472148403468,linear,2021-04-30,test,high,mid
16879,0.05047180108221545,0.012146376668954573,0.07866542015421474,-0.0375684974230185,0.015085992397407377,0.750459054950517,0.7309645599083917,0.12902543088524898,0.06553036259882133,0.07169513160682156,0.7838865155724695,-0.005931993814379047,linear,2021-05-31,test,high,mid
17014,0.06037261079104103,0.01734205717125592,0.07613329103027741,-0.020987408044867574,0.018255929093137002,0.7509588704587671,0.7390843895898921,0.13704227660428558,0.10059468140949632,0.10542072624694718,0.7872077709355902,-0.004409209284391177,linear,2021-06-30,test,high,mid
17105,0.08303147442666432,0.03881475991842376,0.12006143135048816,-0.047254693109076824,0.04366666173147993,0.7836249584424538,0.7824950339187792,0.2248708718013262,0.1427429612688663,0.15230860199624946,0.7761876150897206,-0.0060707265686431675,linear,2021-07-31,test,high,mid
17181,0.068763433151113,0.030343396576522408,0.09170766919252814,-0.029737693149927667,0.032640082444434615,0.7715539980095298,0.7748176078058937,0.1961099129452271,0.13992728840665702,0.14734208406562563,0.7703124536746531,-0.007513202129362302,linear,2021-08-31,test,high,mid
17229,0.07099204733579322,0.03234787435491848,0.09401461938797434,-0.02986322190046732,0.03466987713346947,0.7709339644900494,0.7826853681474945,0.22563716493540528,0.16931753813767575,0.17687329057299053,0.7798161494106116,-0.006585835514213227,linear,2021-09-30,test,high,mid
17281,0.09897432263795233,0.06176064470676368,0.14969020219980514,-0.06444505483413716,0.07172883623510329,0.7869630911535928,0.7938080298576524,0.3425169745374834,0.2331014954746595,0.24469192333904255,0.7802979873662879,-0.004532742740526162,linear,2021-10-31,test,high,mid
17352,0.09086300305700692,0.06152267224706265,0.14051751052961206,-0.06605335246011144,0.07566227277924997,0.7517333431724551,0.7635385547358211,0.3447767575286394,0.20160481645305428,0.21634161395680943,0.7817997875994558,-0.004017008854759247,linear,2021-11-30,test,high,mid
17409,0.06118837365199534,0.037871772669504145,0.06961852242326147,-0.01132308047299224,0.03844980761942074,0.7445101879626091,0.757268774156823,0.27083042149870756,0.2058006503130853,0.21381289828543673,0.7868336248043815,-0.00607603819170441,linear,2021-12-31,test,low,mid
17484,0.02915173610205347,0.008719451796789013,0.01344800138748076,0.019504708508802024,0.010092551368153013,0.805125321789896,0.820000136019802,0.12260899538718754,0.12188096633812001,0.12503244930282634,0.7739308619898149,-0.004691608734106644,linear,2022-01-31,test,low,mid
17519,0.05311261120155646,0.025682491534608887,0.0418080920724349,0.01425353407499142,0.026368685019579563,0.7931028943167163,0.8074857152706477,0.21882896771154497,0.20979922991070646,0.21242817973893657,0.7774205620596826,-0.003051756333117339,linear,2022-02-28,test,low,mid
17575,0.0656350802732549,0.03760810937278236,0.061861655310672684,0.004781055427325384,0.037683359005461714,0.7892451823533584,0.8069816054364211,0.2385351961403865,0.20812562430869452,0.21233106385295725,0.7705862398766413,-0.005253929474712492,linear,2022-03-31,test,low,mid
17734,0.010563212613039595,0.0009364512965780447,-0.016492996147091557,0.033167376690471824,0.004025209975993427,0.8157476249212856,0.8336295804439565,0.011937011823902688,0.058695880211403005,0.054137750100334864,0.7776957812672161,-0.0036798978459926346,linear,2022-04-30,test,low,mid
17780,0.03084483749182745,0.007055738406781087,0.01934141123640827,0.01440244838138497,0.0076127026151765476,0.7987132431096482,0.8119498775874732,0.06929580681368065,0.08236389387848866,0.08095330008028993,0.7794883968600388,-0.0034520427334550083,linear,2022-05-31,test,high,mid
17812,0.060122410587310236,0.02581273499572856,0.07471075537715612,-0.01956047960965164,0.027025229854760302,0.7458071111223081,0.7678666039716426,0.23366071718639794,0.1660050428744279,0.1725295503676105,0.7715053292132156,-0.0010600857316637139,linear,2022-06-30,test,high,mid
17832,0.05849976890137595,0.028440872700376096,0.053307968620705484,0.006535859655890946,0.028571870631409868,0.7943561450236059,0.8152618613076221,0.22195066654056764,0.20197102451363177,0.2049897379264387,0.7656024941012077,-0.0038466025169863294,linear,2022-07-31,test,low,mid
17946,0.0301474530591272,0.008376524281157871,0.0014606101998743126,0.03554727766989297,0.012437964084447417,0.8070053387953321,0.8257115295706992,0.1105897843747077,0.14801850355252008,0.14466735979052472,0.7560968061570408,-0.0029429946394874617,linear,2022-08-31,test,low,mid
18009,0.008285707304769716,0.0004942759117443352,-0.011786784702606207,0.02473203180571301,0.0019973319134013456,0.8115989889165763,0.8251233681334993,0.052437728676287446,0.07246813259348822,0.07073628591325974,0.7625767603583267,-0.003221399937722655,linear,2022-09-30,test,high,late
18025,0.02438403879092701,0.004526219817916788,0.009738159480728224,0.01835405002198331,0.005457750341384737,0.7979644434145107,0.8136000128208976,0.11617277508514504,0.12419805091544385,0.12649799550561638,0.7597355966351177,-0.0038789505915532503,linear,2022-10-31,test,low,late
18108,0.030292853879441375,0.007952124454830067,0.019034188545166253,0.014038032010482178,0.008561398193567049,0.8020116584621422,0.817630344321298,0.14595124894854847,0.13827249949321635,0.14383373646507708,0.7634878871592272,-0.00590202008901645,linear,2022-11-30,test,low,late
18163,0.032482342555703675,0.007821794971055507,0.03036831936920126,0.0026287590907190846,0.007839892921492453,0.8041905376439178,0.8200623763006615,0.12971563633785727,0.12107803867228416,0.12630844572860475,0.7623079649393361,-0.007583924999148353,linear,2022-12-31,test,high,late
18201,0.05944048163369717,0.026917123800127674,0.05172678531075505,0.009786137952000127,0.027193423399816674,0.7882268123313085,0.8052455190434156,0.22329299460468932,0.20938887329723174,0.21416263303833455,0.7649142619416697,-0.008623826762264324,linear,2023-01-31,test,low,late
18216,0.05957060225885914,0.024990865279665986,0.0789294836590497,-0.025166873547005107,0.026812052624958893,0.7692207521934198,0.7831557633241736,0.24320252110142043,0.18296490891450043,0.1895343284477823,0.758828472504228,-0.004765218995096259,linear,2023-02-28,test,high,late
18275,0.06616225700965939,0.029344320281258773,0.12301149775973699,-0.07527130208861295,0.045660256674484034,0.7552578362884261,0.7725662754997902,0.2338907953134303,0.1284214541974695,0.137101936882971,0.7611166556272803,-0.005442900643646806,linear,2023-03-31,test,high,late
18380,0.05839640172144735,0.025945095667133433,0.04948799895375512,0.010901228250135907,0.026245446441217957,0.8171925734678803,0.8262260590423177,0.19936095898778405,0.18604317733977435,0.18842481051729032,0.7493410226647813,-0.0008546855882571782,linear,2023-04-30,test,high,late
18479,0.05323412832559141,0.020051973482200558,0.04561931634583623,0.009269654071115581,0.020249679877208937,0.8214774706081583,0.818437032650377,0.1647181855566292,0.15673934228726505,0.15778127526695654,0.7485084046179435,-0.004477958110025047,linear,2023-05-31,test,high,late
18513,0.056239051106718806,0.023661552973314737,0.06956980699732598,-0.016469614127933463,0.024361331537022912,0.8094151925510541,0.8120418879160681,0.19180689892451935,0.1574439104016476,0.1620004007429354,0.7456825049083505,-0.0013634423431284075,linear,2023-06-30,test,high,late
18570,0.0932200905266261,0.05100371074285037,0.12405503580443136,-0.03788030214999372,0.05384515306334392,0.8140100138509637,0.8187737632996707,0.3308876982261419,0.2705476605093877,0.27785243660559766,0.7579603781960076,-0.0006144944595374085,linear,2023-07-31,test,high,late
18659,0.0746750215813679,0.03605302134037325,0.0692963176495344,0.006560037685546062,0.036144206070739426,0.8199196696206268,0.8314848418453045,0.2866958748193648,0.27032846718097553,0.27496443823320044,0.7523845484246313,-0.000339675013132162,linear,2023-08-31,test,high,late
18706,0.05211654159262381,0.021397347001681055,0.036434885247327596,0.01929862777102805,0.022394076159100496,0.8125788284715751,0.8221480078097995,0.2385326581267995,0.2315039785834104,0.23626293640528206,0.7661124217120704,-0.0006134540756680534,linear,2023-09-30,test,low,late
18743,0.06991814739523573,0.032715403222989825,0.042230693863041395,0.034145819307913265,0.035387900830398555,0.810859252856426,0.8140167474980358,0.2640295375902114,0.2632157306918947,0.2678144367946724,0.7614102784385597,0.0008371891517156918,linear,2023-10-31,test,high,late
18779,0.08232678085617892,0.049618471390724506,0.06448144637443314,0.021875138205254215,0.05079028736687452,0.8157815650944579,0.8145196380118336,0.31897028587431325,0.2922402923389641,0.2990810718015557,0.7717919163115858,-0.0010014674848750668,linear,2023-11-30,test,high,late
18828,0.08304931460885463,0.04629223680479777,0.009551794354579993,0.0894955465858752,0.06379358879315522,0.8212422076636603,0.818754105004505,0.30196872034059297,0.3416813244719436,0.3424875883619308,0.7581292545120303,-0.00261307894508347,linear,2023-12-31,test,high,late
18910,0.04347867672754993,0.014714993800505116,-0.008155770101389709,0.062326788369327556,0.02419999561471642,0.8284470960216017,0.837760450549052,0.16555523840876982,0.19116576638947164,0.19329420196887862,0.7587849142794783,-0.001178383108910747,linear,2024-01-31,test,low,late
18929,0.06790854164010982,0.03629960262254217,0.022343668589521748,0.053865403602805395,0.042796074505244364,0.8459023789473828,0.856004830448211,0.2444684688539861,0.24801232122598244,0.2536127194166053,0.7525668310153785,-0.00027411064922329295,linear,2024-02-29,test,low,late
18964,0.0443356034782595,0.014696702077911739,0.03668005553379972,0.009040767922126698,0.014869625587234259,0.8467807171247993,0.8533030936907752,0.12265734145270862,0.10792153511738871,0.11168759774539228,0.7548724338162789,0.0007300289478022394,linear,2024-03-31,test,high,late
19108,-0.007061611259996048,0.0003608586471012254,0.012501169449052565,-0.022781544283492768,0.0013471694650971644,0.8587117916855876,0.8682702884269111,-0.004437264061500218,-0.03444316037075354,-0.030921344526612174,0.7522603959236847,-0.002870364830805931,linear,2024-04-30,test,high,late
19160,-0.01850428408181111,0.0024452719680475576,0.02661483813827259,-0.05290260312587959,0.007893795133938064,0.8528714950512001,0.8617938692544981,-0.06566200322834308,-0.10874439489868827,-0.10494637225160168,0.7664749474183882,-0.003845190096457306,linear,2024-05-31,test,high,late
19204,-0.02400805789583885,0.003901013967989697,0.04394984427525759,-0.0802677626587729,0.016250246939313318,0.8466400447707914,0.8572423037131249,-0.05834453475042104,-0.1244203418920623,-0.11910789327116376,0.7633032741595036,-0.003168986721024317,linear,2024-06-30,test,high,late
19289,-0.021612140499371147,0.003691831213047281,0.06462580822505765,-0.10093731759945196,0.025438534106149047,0.8543713145480871,0.8627175973609773,-0.03649833688812703,-0.11799772982515987,-0.1112494670411528,0.764363749066429,-0.002168644980555761,linear,2024-07-31,test,low,late
19353,-0.05338673425496992,0.01912941427005177,0.09675409510999988,-0.17661252994430993,0.07718404474084739,0.8501142552697971,0.8605672446126396,-0.07738987012316113,-0.1905074127742738,-0.18208331227310345,0.765942892053362,-0.00435401925947975,linear,2024-08-31,test,high,late
19391,-0.019793951871035508,0.003752755908212446,0.012383395495876387,-0.03689389043080526,0.006873127680068203,0.872159238051915,0.8759230344075143,-0.025886479009114182,-0.05279752496183682,-0.05007533399477041,0.7610410245262866,-0.0019470160623022567,linear,2024-09-30,test,low,late
19391,0.015933650402403528,0.0025951830023701605,0.030325122582229292,-0.016535998807304192,0.0032731573641407996,0.870311636298889,0.8754192837601183,0.11593991163892395,0.09113125832474923,0.09438191289672554,0.7590902160217701,-0.0010391751868722696,linear,2024-10-31,test,low,late
19405,0.017503478096199974,0.003038960312759631,0.04220402822822556,-0.028614368847899977,0.005108747894194687,0.8632219100590355,0.8680960596169447,0.12811306771946168,0.10390695739123186,0.10708603440206027,0.7593357182046796,-0.000577446045406491,linear,2024-11-30,test,low,late
19472,-0.018796135616577454,0.0028342904515599177,0.022748230418032138,-0.04815477553273426,0.007591188729916154,0.8627257748581084,0.8698367820126671,-0.0032992180215050586,-0.024404218708283697,-0.022879843737217125,0.7645068158732874,0.0025857444370380764,linear,2024-12-31,test,low,late
19522,-0.02430641608811608,0.004699799326567833,-0.006278700234356529,-0.020668703858055314,0.005512769611738522,0.8722228533323159,0.8841971242531295,-0.03373511252016772,-0.033581356240093806,-0.03307299116963335,0.7615634623446552,-0.003160654859934793,linear,2025-01-31,test,low,late
19574,-0.01901956453849838,0.002459744899383498,-0.036366158303616475,0.020197848806270357,0.003187643118426342,0.8588337268732881,0.8691491953562689,-0.03469593168822787,0.004741793434799912,0.0013775149274845141,0.7664495438002197,-0.0030250715378835297,linear,2025-02-28,test,high,late
19600,-0.03382949470992361,0.007011585512689433,-0.022757801257141882,-0.012980632077942852,0.007292888439945133,0.8529394706126384,0.8660404594475221,-0.06678626205823408,-0.04533947279232658,-0.048029079345190163,0.772873273002815,-0.0034864259172141475,linear,2025-03-31,test,high,late
19679,-0.0481075681511752,0.013511484377369598,-0.061186508407726777,0.015158352662259823,0.013854283692435576,0.8628206869147624,0.8725815928484425,-0.12252734472055846,-0.07435666098265067,-0.07909764285886287,0.7604826217650551,0.00016546154721367693,linear,2025-04-30,test,high,late
19682,-0.03142305567618244,0.006227354532581275,-0.06359251181192171,0.03840319075938693,0.009001897648035273,0.8376766487265179,0.8489118913295376,-0.06288358164517022,0.005119355264322759,-0.000879689527474902,0.7697787455460965,-0.00021125278596527647,linear,2025-05-31,test,high,late
19659,-0.021289513422781577,0.002755185516352454,-0.06866245053260073,0.05862840191456171,0.010007792789044734,0.8080202694052496,0.8255846758332978,-0.01410994924591878,0.07320636871569904,0.06574461625868218,0.7644112906680369,-0.0006990299932218331,linear,2025-06-30,test,high,late
13909,0.008603270825295077,0.0005419064167342391,-0.006138523782625454,0.036473609271583725,0.00869070717296383,0.40417701736428874,0.6516947527035172,0.01116016618315063,0.09887667866830785,0.08841103104259182,0.9989349707645488,-0.0005100324727823018,per_feature,2016-01-31,val,high,early
13868,-0.00611140176125526,0.0002521531747062822,-0.027134383072585977,0.05025706092733289,0.014320405340313758,0.418309008194847,0.656147393393077,-0.046858256543598494,0.08894389162537636,0.06735331508299057,0.9989766634657112,-0.0006221757312944166,per_feature,2016-02-29,val,high,early
13962,0.024271300115458385,0.004856966665047868,0.006257224705247189,0.0438684404288577,0.01804806262689218,0.41063861021911413,0.6567238282482097,0.09124985005387223,0.16227798753146974,0.15435415104343506,0.9989227097224856,-0.0007006846810984648,per_feature,2016-03-31,val,low,early
13946,0.03220795996510715,0.008124737704867768,0.01179389764460375,0.047207347554046916,0.022315087555644708,0.43243400398853543,0.6690793720696812,0.10006570778678557,0.1604263476656396,0.1548690910864504,0.9988062711043357,-0.0006958786622747559,per_feature,2016-04-30,val,low,early
14003,0.02650226860202308,0.005749035857463003,0.012235722755649634,0.035658015042523916,0.014490491983416898,0.40009366279475184,0.643677730793971,0.06836028881217253,0.12393746180626063,0.12152367044595035,0.9988021825346599,-0.0006766919198828099,per_feature,2016-05-31,val,low,early
14038,0.04098535065294592,0.014699691403294968,0.02928363573963312,0.028954046391542764,0.020837605404051662,0.40414782635406404,0.6392964191252106,0.1599850397072371,0.1729681487116206,0.17770063264354233,0.9988072391091675,-0.0006538663879042184,per_feature,2016-06-30,val,low,early
14098,0.05617330421065477,0.02703717625156643,0.0448400348258808,0.03098275736386269,0.03416172745607793,0.3657927940905993,0.6174621941445526,0.1923735431195975,0.19290622998620544,0.19953642697743862,0.9987941298360603,-0.0006822001510062096,per_feature,2016-07-31,val,low,early
14187,0.05881179752590321,0.030690283988515255,0.04509649894140451,0.035185380512471554,0.040006093345341776,0.3898010589829497,0.6341075085642602,0.22437392865265676,0.22240944249571415,0.22970527184989742,0.9988221669013169,-0.0006880356955014138,per_feature,2016-08-31,val,low,early
14219,0.06422760373356878,0.03338634143105579,0.04525653277470132,0.04525267435287324,0.04704703903404006,0.4192254099925099,0.6524040768180253,0.23838963661337065,0.24517840245782302,0.25067237269477144,0.9988564764382057,-0.0006742486067967279,per_feature,2016-09-30,val,low,early
14225,0.07072782058129062,0.040905329628245224,0.05607487990209094,0.03711797627992446,0.05041558794442136,0.39476669117611335,0.6376012375643735,0.2837233619025892,0.2612208943478614,0.2709534607242061,0.9988711716477794,-0.0006059160036556074,per_feature,2016-10-31,val,low,early
14265,0.08653591569809302,0.05098217564019647,0.06636802996037604,0.04849259243587306,0.0642224755553863,0.4158962168161745,0.6493665014831339,0.33654645643648423,0.3030825311734906,0.31385893288567407,0.9988871847456913,-0.0006292537033844453,per_feature,2016-11-30,val,high,early
14299,0.07317303759187697,0.03639596216771568,0.05956934063532869,0.0355481579223557,0.043727850909466515,0.3826835974522788,0.6218782454240582,0.28646196556423975,0.25050594299184265,0.2622074355786035,0.9988989436681064,-0.0006685384826359856,per_feature,2016-12-31,val,high,early
14383,0.07363181100130735,0.03787541873778422,0.05606202449410107,0.04454996389965624,0.049583911218212706,0.3943838550970495,0.643334435641813,0.2563939802568756,0.255283282215994,0.262113864824268,0.9989486979040606,-0.0006556145243089774,per_feature,2017-01-31,val,high,early
14424,0.06123532112206033,0.02848136822126257,0.0439402386006544,0.04146383137522052,0.039267973281184254,0.41711250378363757,0.6655765093970285,0.21520838687445862,0.23846534197737426,0.24427687968097897,0.9989677875859195,-0.0007162646037338935,per_feature,2017-02-28,val,high,early
14550,0.050595969697903254,0.02229554392467792,0.03769962327306217,0.03321236778458156,0.030453998441476338,0.3882995186753676,0.6449636620399682,0.16377782466161703,0.18673387169392225,0.19291141313087393,0.9989613873021549,-0.0007378570698648407,per_feature,2017-03-31,val,low,early
14634,0.038823964674509985,0.01264823816137639,0.021613302364134557,0.04245273191967378,0.025285796834788155,0.40540765062928075,0.6538961997471768,0.1101390036968803,0.1832896868130401,0.18056256511607524,0.9989182725821437,-0.0006750868802560173,per_feature,2017-04-30,val,low,early
14662,0.03577183902106679,0.01023339325461603,0.018242335619692025,0.041470763682402066,0.021529742586420042,0.4226954568667941,0.6687554054395836,0.09801344361832949,0.1735155418654173,0.17064416582095404,0.9989435886927719,-0.0007373572548736387,per_feature,2017-05-31,val,low,early
14630,0.03749106619366662,0.010218740119794734,0.0216870614143796,0.037886340836200176,0.018838258225118865,0.417142548751021,0.6573198088988159,0.13115580199307242,0.1808436668980056,0.1776793423529251,0.998905253614033,-0.0007471836721188643,per_feature,2017-06-30,val,high,early
14706,0.040822929968349485,0.012477889658979557,0.029450225718761783,0.027085942557909345,0.017002617828002387,0.41987478284188806,0.6573213428916884,0.1467952904820357,0.18481645034597594,0.18250853100564057,0.9988850376900366,-0.0006614887386141512,per_feature,2017-07-31,val,high,early
14714,0.05088967132389382,0.020754792428615665,0.035872834320822326,0.03430551943423264,0.02837918909356063,0.4377382197006921,0.6759625152616275,0.2145583671237389,0.23513551771599608,0.23589468645539316,0.99886108347571,-0.0007607973613717752,per_feature,2017-08-31,val,low,early
14757,0.0390846407524844,0.012718029709052225,0.026470264475246474,0.028283564208725527,0.018053288796304634,0.4459966991475107,0.6726530946461238,0.1713730305243934,0.2223162966761733,0.21939381694894727,0.9988843437876663,-0.0007005795744822594,per_feature,2017-09-30,val,low,early
14809,0.03654533595820056,0.01128726441026906,0.029569104495811023,0.01779406843965505,0.013551890355404161,0.3920537614001585,0.6361122126354208,0.15874418230547252,0.1867397989380236,0.18857591202985696,0.9989080970747851,-0.0006456233511880087,per_feature,2017-10-31,val,low,early
14948,0.029517565635180817,0.008044252406204322,0.023275545567847555,0.015792420606334165,0.009987142485491707,0.39525416799118274,0.6400850925494543,0.08758577522306271,0.13460312510184738,0.13433683461171453,0.9989394661310789,-0.0006288824984422335,per_feature,2017-11-30,val,low,early
14948,0.038570781527432776,0.014879074221563648,0.03283746362533222,0.014374821433926443,0.016616956003195904,0.3988444606734562,0.6398431052340249,0.14054049142823477,0.16546769097952785,0.16994710614868308,0.9989373741487492,-0.000577397137818967,per_feature,2017-12-31,val,low,early
15107,0.03352000705262566,0.013717607663656928,0.02924308850790182,0.010411396132654231,0.014817676158699111,0.41079202925561087,0.6505036166328352,0.11864921305865629,0.14091348521303604,0.14578786283407846,0.9989813021035339,-0.0005393964875917254,per_feature,2018-01-31,val,low,early
15031,0.030098447182182384,0.010618413139172556,0.026877067156376368,0.008423324391353942,0.011328425010785459,0.382435707819521,0.6262745465117433,0.12495164000066428,0.13201745651990546,0.13686376293897745,0.9989987503527087,-0.000573891704989441,per_feature,2018-02-28,val,low,early
15022,0.04263828937624264,0.023876480866269145,0.04088900639693143,0.004773027725014689,0.024135491373074025,0.36649336230349766,0.6176545818631093,0.17648020412973756,0.15352898036317103,0.16548293629435878,0.9989734988688606,-0.0006280498942437657,per_feature,2018-03-31,val,low,early
15096,0.05690263715084388,0.04815211307308953,0.058731414556701785,-0.0045444873779170985,0.04840950558651946,0.4024166542394862,0.6472912935943812,0.21709147878235108,0.1465409502235614,0.16644457613250124,0.9989211776666246,-0.0005109831098617846,per_feature,2018-04-30,val,low,early
15153,0.05004222484807653,0.0362507539060819,0.04969588274962273,0.0008617980408586691,0.03625976863532965,0.4018831350650904,0.642289141764966,0.21207826752661965,0.16317353178119953,0.17767637019894492,0.9989436523033735,-0.0005358037073470131,per_feature,2018-05-31,val,low,early
15154,0.04013417891768972,0.02151808278889844,0.037678094656035624,0.00670885035934015,0.022038768521463914,0.3660961461497983,0.6126845474782333,0.15775165401461777,0.1403265598213168,0.14808982152264774,0.998970106039106,-0.0004783505654397102,per_feature,2018-06-30,val,low,early
15108,0.037721301574969716,0.018847713404823718,0.02900414510862087,0.020735224664605305,0.023536283422569082,0.4204032802796054,0.645072463631814,0.16659379698589416,0.18164641493402292,0.18591923426522855,0.9989651401377075,-0.00044434647825600536,per_feature,2018-07-31,val,low,early
15191,0.009502780360187294,0.0010385882130123925,-0.005072848940897548,0.03573116091053583,0.013278902187442432,0.4079248736853502,0.63514579512299,0.0025173056938169627,0.08939721049400934,0.08640756129993038,0.9989972496609005,-0.0004606689051326599,per_feature,2018-08-31,val,low,early
15348,-0.015036544294110743,0.002289827240772202,-0.02670458288697107,0.028824746418603737,0.009325704341470176,0.4047924107776947,0.6382441481114307,-0.098243929391272,0.011876321592487818,0.0006577235953267502,0.9989966555214681,-0.0005036402340251539,per_feature,2018-09-30,val,low,early
15387,-0.021823761567727945,0.004149623019451543,-0.03495998466434488,0.035492199792674574,0.013621439194608231,0.370115776799706,0.606978978165139,-0.09505506235110263,0.03779687334814315,0.022550885000741268,0.9990094501420842,-0.00045801153612499897,per_feature,2018-10-31,val,low,early
15450,-0.0053207912404646335,0.0002959959890470598,-0.01370371290554918,0.023352360500212256,0.005262848575544377,0.3589753449119625,0.6041278890767953,-0.06223248107168762,0.051765219907353534,0.04012099082137581,0.9990000858723883,-0.0005016135766241472,per_feature,2018-11-30,val,low,early
15458,-0.01342484561742403,0.0016561511890077485,-0.020683815507221585,0.018686345158670844,0.004380651229667798,0.3884638664302113,0.624673034822938,-0.0712039725052712,0.013911113065592996,0.0037627590683030824,0.9990011496208752,-0.0004275400177199054,per_feature,2018-12-31,val,low,early
15520,-0.01561915923453846,0.0022834390785765324,-0.022467170427188765,0.017795947128927674,0.0048087615152767604,0.3848073464720923,0.6191131620149766,-0.10989814845282275,-0.014099397321685218,-0.025611642858569438,0.9989906285634887,-0.0005309851488202418,per_feature,2019-01-31,val,low,early
15482,0.01142039266927565,0.0014606972576099997,0.006728400090724352,0.011980162366446378,0.002821541311779474,0.3916468270652067,0.631551730566499,0.02907725748696397,0.06677740402135281,0.06690128698824181,0.9989896452073579,-0.000580559641520602,per_feature,2019-02-28,val,low,early
15554,0.018088967366736812,0.003668093897758906,0.01318537779830283,0.014350180959548502,0.0057070309395304,0.34170924967773847,0.5755266703381948,0.08159988845093943,0.08426744665097291,0.09560864497381047,0.9989439542809869,-0.0005930196133199011,per_feature,2019-03-31,val,low,early
15576,0.006920941655573602,0.0005082057493622782,-0.0014196358871618451,0.0241812174331823,0.005974039606814974,0.3449196702262908,0.5939275533317916,0.014086102138890435,0.09866931397373424,0.0932488933495598,0.998874540694843,-0.0005709357016483563,per_feature,2019-04-30,val,low,early
15583,-0.0014300262090244742,1.8999854562440355e-05,-0.010622995317465652,0.02757744891325821,0.006299759808782279,0.33335096140847315,0.5805770073475042,-0.002879999667539938,0.08881155998775304,0.07897532127177848,0.9989124348317047,-0.0005266509426784847,per_feature,2019-05-31,val,low,mid
15552,-0.00929775782328075,0.0007491423312625534,-0.0206537806006252,0.0326386451764552,0.00886310606236873,0.34793180648074223,0.5868408994061546,-0.047291850847828915,0.08178050609503117,0.06204748719655211,0.998920104610427,-0.0005504396827744093,per_feature,2019-06-30,val,low,mid
15590,-0.005604405840426257,0.00025530577693333445,-0.018912812685888344,0.0371507662473179,0.010034224744947862,0.35822698129149555,0.5925531381076824,-0.03667189610889604,0.09749320576801121,0.07796070618788582,0.9989183884058086,-0.0005750676220461639,per_feature,2019-07-31,val,low,mid
15606,-0.00594147738237588,0.00027004211430936564,-0.013699506949329216,0.019592953240627077,0.0027462152134118956,0.3959601940383034,0.6291786680053566,-0.0664655955160256,0.03665040226579134,0.020853168961596103,0.9989228469087537,-0.00058083153225428,per_feature,2019-08-31,val,low,mid
15634,0.0014763631095529983,1.8548969926479586e-05,0.003747507354042642,-0.006042083432581875,0.00028532857861740535,0.3758876006642484,0.6108095244965907,-0.10566753559946249,-0.04115845046050637,-0.04379912507202672,0.9989194476097011,-0.0006214561343688404,per_feature,2019-09-30,val,low,mid
15681,-0.0036498872995404472,0.00010722411250307928,-0.006497720499384133,0.007416225272760922,0.0004846364020069105,0.38400036340583027,0.6121662760950859,-0.08373621138376416,-0.007132548914535638,-0.015134299517724516,0.9988994365267782,-0.0006364588833258769,per_feature,2019-10-31,val,low,mid
15729,-0.010742898917971599,0.0008056807938936483,-0.00816230527090643,-0.006630918215751932,0.001066140636760915,0.3891759124597963,0.6227927226124083,-0.10903016966941692,-0.04267438069199469,-0.04890636509137481,0.9989151985072909,-0.0006512624140014308,per_feature,2019-11-30,val,high,mid
15780,-0.0023612974378799017,3.452490995625723e-05,-0.0016980718052235916,-0.0017743875322927493,5.129646342594274e-05,0.37377721641136397,0.6126448827933311,-0.05238174601990358,0.0011193864731221042,-0.004775338664591602,0.9988946941980114,-0.000699517570024054,per_feature,2019-12-31,val,high,mid
15811,-0.01663275083531575,0.0014017082305517459,-0.011476343989977048,-0.014807044987567776,0.002377868501259539,0.3482401012261928,0.5974951456283751,-0.10423536073886375,-0.030485469004804578,-0.038303723506465846,0.9989142844551882,-0.0006570935079211771,per_feature,2020-01-31,val,high,mid
15782,-0.012638993664422537,0.0006910054917893538,-0.00954953464356025,-0.009773747014580756,0.0010629352141479087,0.3160977070768136,0.5463867666307742,-0.06554417424298907,0.02846567468142349,0.009604671046246875,0.998875309388392,-0.000696731880470998,per_feature,2020-02-29,val,high,mid
15731,0.011939473035666708,0.00048374056057720605,0.006913324708713966,0.014545382787713518,0.0011159616979592446,0.34554940219179353,0.5647835614131312,0.05436866737821022,0.09507697514236088,0.08705993084495858,0.998950692628028,-0.0006223145855219722,per_feature,2020-03-31,val,high,mid
15791,0.013145109690179718,0.000792755513272736,0.007852433566333151,0.013830025372199701,0.0015417577867679055,0.38269460694397067,0.5980060934921952,0.010190369579056772,0.075276234359019,0.06428086953534479,0.9989087297201261,-0.0005732907902671261,per_feature,2020-04-30,val,high,mid
15775,0.02187778003612378,0.002067253830697169,0.00959195040125679,0.030674558270585798,0.005479239515158607,0.4005218111528854,0.6187927056697662,0.07341955887006418,0.12593776342234003,0.11548689798136637,0.9988920170809341,-0.0006325815720607414,per_feature,2020-05-31,val,high,mid
15952,0.046002148634188555,0.008795617871997785,0.03881646605987009,0.017996528656693066,0.009927141601383194,0.3992815898768389,0.6243644613616602,0.15872457975202534,0.1446833433311999,0.14489032661409212,0.9989389801319478,-0.000606822424389305,per_feature,2020-06-30,val,high,mid
16043,0.08069543968952272,0.027793241760310283,0.076190637223586,0.014299499995932363,0.028579362904761374,0.31503216666400063,0.5493352539543171,0.27580912274988323,0.14408451497167446,0.16531337060696996,0.9988293157485355,-0.0006972033972782568,per_feature,2020-07-31,val,high,mid
16127,0.072702912150512,0.02321498962290025,0.06508401523848556,0.023614983918551914,0.02540933299076753,0.3226297734647438,0.5844101622841708,0.2757482579260413,0.1762451733487179,0.19301505850331216,0.9988700697776461,-0.0006673578367834069,per_feature,2020-08-31,val,high,mid
16191,0.07539979511013133,0.024579399711448513,0.06525900649039197,0.028327516086707787,0.027604143175391838,0.35798368585106194,0.6072098494898619,0.2741775573694322,0.19757097115493372,0.21069905155767574,0.9988745772378291,-0.0007232803719890599,per_feature,2020-09-30,val,high,mid
16195,0.08514917839315772,0.026926371973180374,0.07482507858513575,0.03140024995826415,0.03019223359076939,0.32879037019542817,0.5659309536989335,0.2838698028233869,0.18679675559481654,0.20307817109583784,0.9988850438182942,-0.0006845722961028014,per_feature,2020-10-31,val,high,mid
16250,0.10035989481250777,0.041662690817721004,0.0895438654666323,0.030434382594339095,0.045010169045041404,0.35538849235179615,0.6020175206007203,0.30324181746654905,0.1936793566633288,0.2147516866333003,0.9988983429090207,-0.0006701151580914683,per_feature,2020-11-30,val,high,mid
16358,0.08294512394899167,0.030389447654151525,0.0711153787559309,0.030879542075757455,0.03398324645177775,0.3830932843505503,0.6350508604837632,0.22667594742322683,0.16988791964947134,0.1838602454342599,0.9988949913976837,-0.0006343758599250825,per_feature,2020-12-31,val,high,mid
16522,0.0763578741912843,0.022704634480468333,0.06674365639741238,0.025893573308067144,0.024955594182949348,0.37129745205394127,0.6264958089322243,0.1891326226528624,0.1227515425077371,0.13637035310023213,0.9988613284063523,-0.0006234310580840659,per_feature,2021-01-31,test,high,mid
16535,0.06761415165813911,0.01932409402018309,0.05737652459832805,0.02621590317606361,0.02178612463819596,0.39051208692068834,0.6363618762689165,0.16231389383164863,0.12613403409023263,0.13698574574959113,0.9988808618805328,-0.0006015740946080513,per_feature,2021-02-28,test,high,mid
16655,0.07341336434965695,0.023561974783757877,0.07217407333839804,0.0034500857699885762,0.023607298445286418,0.35920585570285546,0.6229011665115605,0.16068598739752482,0.08261799730870484,0.09903778047980497,0.9989056008053117,-0.0006545881046917181,per_feature,2021-03-31,test,high,mid
16763,0.08574470563414228,0.033924534877535106,0.08216448929510176,0.009168577714568586,0.034253275113345305,0.39048764710214856,0.6532473266490132,0.15658757328979878,0.09818783716358213,0.11654785382814749,0.9988372158518913,-0.0006463845260938717,per_feature,2021-04-30,test,high,mid
16879,0.06486907087809815,0.020064322252110856,0.07287914692253007,-0.021903642082747993,0.02204600106430432,0.3656960798646477,0.6387190456383959,0.08000358925309584,0.005478555897122714,0.024643868571979373,0.9988602101187983,-0.000598018174519449,per_feature,2021-05-31,test,high,mid
17014,0.06011909755410037,0.01719671939807854,0.05680203135907708,0.00834606702399058,0.017475792283540015,0.39744063706689303,0.6582666461308744,0.08961224706546173,0.07347301214358345,0.08456239846968175,0.9988388119542203,-0.0005248697033145122,per_feature,2021-06-30,test,high,mid
17105,0.085466163687757,0.041124423689363865,0.08809573441699747,-0.006489770206544392,0.041322614997644,0.4051870321362802,0.671096717192532,0.18395573515535382,0.09846011758377125,0.11756637172607662,0.9987739678265308,-0.0005683347825982807,per_feature,2021-07-31,test,high,mid
17181,0.07454767298471714,0.03566295067689018,0.07226947161283093,0.0054517760496397534,0.035820376523535535,0.41788242054309394,0.6745128651321751,0.16080301159594404,0.10783727038730563,0.12616754685649106,0.9987874620349108,-0.0006111821259048554,per_feature,2021-08-31,test,high,mid
17229,0.07789865125225061,0.03894809514609465,0.07855424210025501,-0.001564990181136171,0.03896105641742775,0.4189105183569544,0.668371554169553,0.20247568331295276,0.13134764540168162,0.1498960522183222,0.9987987758835735,-0.0005864163549377272,per_feature,2021-09-30,test,high,mid
17281,0.0982004124919243,0.06079857054525306,0.09843066554115132,-0.0005283211646930761,0.0607999960883191,0.4358202256772119,0.6848121781923732,0.3169579738601415,0.19661449742122075,0.21868668782894832,0.9988224092870522,-0.000565640042791166,per_feature,2021-10-31,test,high,mid
17352,0.09473754548827326,0.06688138767939766,0.09494371077441305,-0.00046382999376929805,0.06688267411395699,0.4444845932968586,0.6855569896379805,0.3450109379289798,0.21571944491029146,0.2391336376482981,0.9987987993256144,-0.0006138256385503318,per_feature,2021-11-30,test,high,mid
17409,0.07283345032247246,0.05365863021043171,0.06709690403505995,0.0130538150001073,0.05504942145485181,0.4394536223590935,0.6838776669806117,0.23665963344295948,0.20681411420561036,0.22097674979113321,0.9988131568624014,-0.000542432288594656,per_feature,2021-12-31,test,low,mid
17484,0.041787421659196106,0.017916430296453623,0.03232489956119743,0.019944804857614466,0.021079230471989785,0.4744354314586802,0.6989228015382707,0.11012681461314605,0.12786879652215577,0.13508666733039457,0.9988801636380765,-0.0004647512788664057,per_feature,2022-01-31,test,low,mid
17519,0.05871872316244188,0.03139027015868168,0.046242807897013294,0.02549879373538355,0.03589266200396268,0.48927472392914556,0.7060491740104479,0.18390507327843106,0.1918386951940627,0.19859421141935737,0.998898437460295,-0.0004726777041513761,per_feature,2022-02-28,test,low,mid
17575,0.061877985776800135,0.03342579892744191,0.054487967286233445,0.015687752651825957,0.035097516235646165,0.471069289181659,0.6978812071616034,0.16739198239743822,0.15362412866295785,0.1627468527862407,0.9988926018888344,-0.0004895324302673926,per_feature,2022-03-31,test,low,mid
17734,0.025053571420793494,0.005267838361959543,0.009592944537260858,0.031618202598681415,0.011651869682783977,0.4889786772430125,0.7111917161624105,0.0012208608163748105,0.09191499446067532,0.0884489410072583,0.9988479167548421,-0.0004346048303573077,per_feature,2022-04-30,test,low,mid
17780,0.032698304786948504,0.007929174455841848,0.01472581548419474,0.034787570349939435,0.014508505528915694,0.5166353706778034,0.7190729350590847,0.039113218455311016,0.09095392189597827,0.09080283272026288,0.9988414291342456,-0.0004638899695615959,per_feature,2022-05-31,test,high,mid
17812,0.05879190208384455,0.024682905165431812,0.0469777184668726,0.02382841321215492,0.027740827970367032,0.4958023646712935,0.6942194147438425,0.20254885029569364,0.17534861025802376,0.18278156886237906,0.9988063745186087,-0.0004737194429568666,per_feature,2022-06-30,test,high,mid
17832,0.058930930587420445,0.02886165399637952,0.04429503057989041,0.028018902721366094,0.033605778973604505,0.5223580720862283,0.7203702371208952,0.19579552277939222,0.20160539655901627,0.20691310576562305,0.9987663120851756,-0.0005189310827949977,per_feature,2022-07-31,test,low,mid
17946,0.03832200920520644,0.013535027366763042,0.021217612763479506,0.03380833237265845,0.021373072988428388,0.5059225120352108,0.7086577135701307,0.09773536802970448,0.1631703985688998,0.16434840013775884,0.9988061866359164,-0.0005043484663295936,per_feature,2022-08-31,test,low,mid
18009,0.026447479017478882,0.0050359201246593654,0.012990291082457316,0.025867419963180274,0.008549538364762688,0.5202369603985278,0.7128549154874223,0.08024233867619818,0.11957134619754298,0.12235246698710685,0.9988647856806661,-0.0004236662262889409,per_feature,2022-09-30,test,high,late
18025,0.03551766552850617,0.00960313837995208,0.028222274327463385,0.014360902520335674,0.010767940333401116,0.5080036711271428,0.7007716496881886,0.1258871204460429,0.1385639812922871,0.14357528535050107,0.9988764948317285,-0.00046666853506691737,per_feature,2022-10-31,test,low,late
18108,0.032347420480608194,0.009067385835269559,0.03302303942203072,-0.0012848195063692258,0.00907773526206579,0.5258473568248924,0.7195755109458802,0.10219740788946954,0.08158466837230434,0.09064983357769918,0.9988347743810251,-0.0005482200962441918,per_feature,2022-11-30,test,low,late
18163,0.024486735906638583,0.004445018146855828,0.020137067325045357,0.008333704540367758,0.004819619862489577,0.521936980188794,0.7141233449348124,0.08033686214905351,0.08394878948692949,0.08773920465388382,0.99883971235562,-0.0005439221159709092,per_feature,2022-12-31,test,high,late
18201,0.046347697018807754,0.01636516283582934,0.03372599411254594,0.02318211487613166,0.019245704832173804,0.5444586472666836,0.731660431021191,0.17137701169845837,0.1749959013064332,0.17890339439980865,0.9988667699347219,-0.000491937305811764,per_feature,2023-01-31,test,low,late
18216,0.044853402569985885,0.014167985375425185,0.03892354161152559,0.011287598836230968,0.014817618036572666,0.5253429931807957,0.7172515058608748,0.20032440571220303,0.16521421220094035,0.17133840200362374,0.9988559921556586,-0.0005028393431737996,per_feature,2023-02-28,test,high,late
18275,0.042450220848647725,0.012079899974718256,0.0416736838338528,0.0014957631162960418,0.012090855534265255,0.5191577505376943,0.7140658013114075,0.18697878941718352,0.12437626814474721,0.13318692269769078,0.99886825514562,-0.0005466560634695763,per_feature,2023-03-31,test,high,late
18380,0.03707197098038507,0.010456213790146829,0.01666688407741267,0.036742257942426054,0.01755944603473114,0.5553574561179669,0.7450712301627909,0.1335942882316275,0.16547104580588193,0.16487108895097088,0.9988398754195676,-0.00045021086943499426,per_feature,2023-04-30,test,high,late
18479,0.03557089359468447,0.008952954516895928,0.02215466867619175,0.02417956571024204,0.01181623004108645,0.5548579771548766,0.7461142381091438,0.13350902172336415,0.13219848071152931,0.13273949762797485,0.9988445842756967,-0.0004874459066701703,per_feature,2023-05-31,test,high,late
18513,0.0376914764354849,0.010628049681540741,0.030734001930546716,0.013000612749838453,0.011530345038787249,0.5351651217372083,0.7370003996196648,0.15078068263929026,0.13008133593956248,0.1335408777608997,0.99882202912017,-0.0004645180464690964,per_feature,2023-06-30,test,high,late
18570,0.07516707393193403,0.03316179440963196,0.06916978486689318,0.010893109426538221,0.03364713666448549,0.5505580482299358,0.7443052585004073,0.29418488228510437,0.2281791815069547,0.23819786242991067,0.9987770954342078,-0.0005027747795608483,per_feature,2023-07-31,test,high,late
18659,0.05386873033518327,0.018761364931059177,0.03529069076730659,0.033224311362395426,0.023666686816352533,0.5591700416361411,0.74473443078903,0.23535249408410983,0.2384327834357973,0.24150705854669852,0.9987997246194377,-0.0004833705769797143,per_feature,2023-08-31,test,high,late
18706,0.043331638453202495,0.014791730114822932,0.030579413583710607,0.022725921480127184,0.017579300401840636,0.5611312562449767,0.738544639996731,0.19936975855362268,0.19849055414283825,0.20236677276004178,0.998820058030424,-0.0004149452920404987,per_feature,2023-09-30,test,low,late
18743,0.049871342592409586,0.01664464637669638,0.030013698758655408,0.03713148772986674,0.023232644733723218,0.5347925722282519,0.7129794628999864,0.22364993314987044,0.23253726064668606,0.23429817893986418,0.9988263083596739,-0.00037989452348944296,per_feature,2023-10-31,test,high,late
18779,0.056370154594747195,0.023262670249226236,0.03884434796656221,0.03249752399510225,0.028745507277363358,0.5392966747495548,0.724366388465482,0.2527295747345836,0.24244195434989127,0.2489751658639582,0.9988317972055135,-0.0003937608906951384,per_feature,2023-11-30,test,high,late
18828,0.05071875942744529,0.017265267250919925,0.02193925787723082,0.05322062142184061,0.030716796660393064,0.5407584650702668,0.7252989399628251,0.22327548559967392,0.26977780076311186,0.26971788045557815,0.9988551766048398,-0.0003468586832118188,per_feature,2023-12-31,test,high,late
18910,0.02075315976913074,0.0033525549645264663,0.00754987855908244,0.02424367691435411,0.0065707223724568165,0.5446072085792241,0.7318880735734964,0.07550007143179618,0.1323679367942441,0.12953662742254077,0.9988652769019678,-0.00029891775288049455,per_feature,2024-01-31,test,low,late
18929,0.035724384613919614,0.01004575484931891,0.02298546113679262,0.023954460871023705,0.01328512756967537,0.5317975447534451,0.7231126005271112,0.14743111549764268,0.15685983320846872,0.16057923438032398,0.998829007648572,-0.00039783607977022666,per_feature,2024-02-29,test,low,late
18964,0.01830444959462361,0.0025051168651714084,-0.005743098848814123,0.04343886998251442,0.012289612187960652,0.5535951661052102,0.7454038596363308,0.06038324211756052,0.12046875215455921,0.11812012714889492,0.9988104631307985,-0.0004100252961129412,per_feature,2024-03-31,test,high,late
19108,0.0026258668014757665,4.98970522118114e-05,-0.00047271947897181894,0.0054181467446493305,0.0001928549771902377,0.5718904316317912,0.7614599697352125,-0.03214296264517407,-0.003380995962786587,-0.0027002789397811275,0.9987079489602071,-0.00040133028381206416,per_feature,2024-04-30,test,high,late
19160,-0.013180498163569547,0.0012406413295550367,-0.014203868229635949,0.0017625958976168052,0.001255348717075444,0.5806039078203574,0.7607870582048588,-0.08208721414358305,-0.05436142913477341,-0.0542143246269419,0.9987396805915609,-0.00038479335089792115,per_feature,2024-05-31,test,high,late
19204,-0.00705635257258923,0.00033699541376497333,-0.01202356115799942,0.008855128162305211,0.000700711230978146,0.5609414674025122,0.7520110752206932,-0.042572095347737905,-0.01557497291834356,-0.01281141813929247,0.9987878788078155,-0.00029327477892250695,per_feature,2024-06-30,test,high,late
19289,0.002144518673218774,3.6350127393114384e-05,0.005938151153123515,-0.006609517218648528,0.00026789010921690615,0.5739651406299304,0.7609066783430037,-0.012287228407364893,-0.009393606060658635,-0.004062472066431682,0.998771516037991,-0.00032746275573713654,per_feature,2024-07-31,test,low,late
19353,-0.010700653737757153,0.0007685207251399984,0.011756776439157644,-0.0377411101203727,0.006943689857329294,0.595038940435118,0.7716494259914519,-0.03246200474195561,-0.061098908847816,-0.05176443457424514,0.9988451162955649,-0.00028293636129123246,per_feature,2024-08-31,test,high,late
19391,0.00501279380683687,0.00024068275798894145,0.010309412842965004,-0.008866198772131871,0.0007249131606642534,0.5973945737339595,0.7834795117046676,-0.026689949264972413,0.0036188853077940707,0.005160204105042198,0.998751827660071,-0.00039227964502432745,per_feature,2024-09-30,test,low,late
19391,0.029180590462254796,0.008704134047442524,0.024430659710577673,0.008226783606383141,0.009165333173822954,0.5773739749253549,0.7686050488126746,0.122293431732746,0.1372017504453271,0.14036597970530448,0.9987336166536139,-0.00042259454759968254,per_feature,2024-10-31,test,low,late
19405,0.03442053665270204,0.011751994835327295,0.034804555774313246,-0.0006640653535938372,0.01175490623842168,0.5782851334318732,0.7672651530915167,0.13838703018424273,0.14407638661861794,0.14683193245999238,0.9987472027173785,-0.0004092965461361436,per_feature,2024-11-30,test,low,late
19472,0.02358139716040253,0.004461144386319504,0.01684678571782413,0.011438201052745825,0.005146883279266268,0.588782397818466,0.770001343673409,0.07189915061499962,0.11972909805271054,0.11652782667650423,0.9987790774959916,-0.00034766971679109116,per_feature,2024-12-31,test,low,late
19522,0.006651102225363548,0.00035190440585508576,0.006083330338432626,0.0009941288470013464,0.0003572018238753305,0.571125049476646,0.7581646090010272,0.012208381860366513,0.049096963917824046,0.04625795397921389,0.998828720182586,-0.0003572565878179774,per_feature,2025-01-31,test,low,late
19574,-0.00410609595798071,0.0001146428882479178,-0.01382015778975818,0.01685030969171216,0.0014036591649186914,0.5764915903317869,0.7652663699948494,-0.010297289577861263,0.06035610988491775,0.052721167940130265,0.9988620568524619,-0.00038226222272774767,per_feature,2025-02-28,test,high,late
19600,-0.0032559837576090064,6.495157287011999e-05,0.0044229807646536745,-0.013548022104256261,0.0008282281401291725,0.5667959841780272,0.7480613033403738,-0.015512257909782752,0.015206285569777715,0.011677374825780799,0.9988727129846999,-0.000375896060342433,per_feature,2025-03-31,test,high,late
19679,-0.020145310455802125,0.00236932253503086,-0.027439077634667103,0.012524933133092475,0.002974593615826304,0.5823398098293734,0.7588304248199045,-0.07366560201438661,0.029476202928779335,0.016993658487998536,0.9988422733860781,-0.00036418592943685403,per_feature,2025-04-30,test,high,late
19682,-0.009638579570654934,0.0005859125974037038,-0.01369700175723523,0.006680283229672914,0.0007634820930960684,0.6075224727816121,0.7802524000808299,-0.03628918510470858,0.04993287623775736,0.040523988330485115,0.9988516933291454,-0.00033931828292137753,per_feature,2025-05-31,test,high,late
19659,-0.00043250835988669674,1.1371254722281066e-06,-0.010915911776510114,0.017310980109026815,0.0011547046163595809,0.605592713444142,0.7704368306814584,0.008589335212830665,0.09644457453443961,0.08853680196574965,0.9988387338856469,-0.00035840449876280194,per_feature,2025-06-30,test,high,late
13909,0.01882180932812629,0.002593700607657623,0.007049321211015802,0.0165121354103584,0.003575207902174138,0.7129597610804388,0.7847196324945612,0.033532873225424906,0.07645659558942497,0.07332607950195932,0.9971300148083676,-0.0007137251482358492,periodic,2016-01-31,val,high,early
13868,0.014199953873120383,0.0013613087552780678,0.005538764205297394,0.012217634886226696,0.0018626171056482788,0.7089088639878444,0.7820767529318604,-0.0002765425115452481,0.035451560281217036,0.03195373946171173,0.99714939622312,-0.0007742877550252685,periodic,2016-02-29,val,high,early
13962,0.04419281775421089,0.016102096631312568,0.03607058923154169,0.011446611076735646,0.01663845506031003,0.7095749535133495,0.7813284743285401,0.12882837748463283,0.13915352730579228,0.13907218811141517,0.9971330713756983,-0.000855158115850263,periodic,2016-03-31,val,low,early
13946,0.0533517810678485,0.022293628429846835,0.04597775706913466,0.010284100391777644,0.02269609691179031,0.7170315066742633,0.7876675884692906,0.13850457890699613,0.13866863410246352,0.1419404945022917,0.9968662171771372,-0.0007764667399074004,periodic,2016-04-30,val,low,early
14003,0.03782992201081375,0.011713854001860091,0.03261536134056356,0.007399109872745705,0.011939398495612763,0.7047551340536309,0.7748101173915302,0.09455522647010882,0.09861928339509948,0.10074283355378692,0.9968788554613375,-0.0007586808267114006,periodic,2016-05-31,val,low,early
14038,0.053076038684437235,0.02465175888293425,0.047698263372416214,0.0078114011463126356,0.024932639902640275,0.6884520729745948,0.7606335485898545,0.18255728996665269,0.17386574088697107,0.18008331763400312,0.9969348765440215,-0.000687093014613473,periodic,2016-06-30,val,low,early
14098,0.06657786799698695,0.037980542042814425,0.066644845828438,-9.98090249695986e-05,0.03798058896193757,0.6710598713034508,0.7501779859667217,0.21159874894580893,0.1930355225741398,0.1995125472796112,0.9968767816163644,-0.0007388356940539057,periodic,2016-07-31,val,low,early
14187,0.07138765775949514,0.045218720157713,0.07492839353259034,-0.005264630443563802,0.045353408544244966,0.6725516275163969,0.7474519182018726,0.24455643701116161,0.20584206133157498,0.21520007697177698,0.9970104377659307,-0.000681100108335513,periodic,2016-08-31,val,low,early
14219,0.07968480069137816,0.05138973443695072,0.07948327351304099,0.0002984826332415772,0.05139012678921828,0.675172207335119,0.7497626498508952,0.2617970487716881,0.22461102170715053,0.23419541462133545,0.9969947663576979,-0.0006866606193816775,periodic,2016-09-30,val,low,early
14225,0.09071040911679898,0.067284277966293,0.09762833334981248,-0.0104324795782909,0.06778290901620443,0.6631140929718545,0.7430380353610941,0.3161159977125258,0.2496019845135308,0.26375492641027626,0.9969952524449964,-0.0006806010008795719,periodic,2016-10-31,val,low,early
14265,0.11860555380407341,0.0957713543460551,0.13616010550951158,-0.026333383014078615,0.09839440951988188,0.666627288109302,0.7457486865555344,0.3745245140266073,0.2755007208915175,0.29550056379379547,0.9971197907965518,-0.0006471753113673649,periodic,2016-11-30,val,high,early
14299,0.10422782525050966,0.07384453994647722,0.11255526346017553,-0.01245180378020502,0.0744270962292849,0.6687736457022369,0.7481238024334782,0.33643703898494615,0.26886201351787137,0.2847420094312088,0.9970275087623758,-0.0007413194557878727,periodic,2016-12-31,val,high,early
14383,0.09795552754693948,0.0670323390758325,0.10133243635654893,-0.005156367883504924,0.06713841829405975,0.6549006754169419,0.7420681217961752,0.306200712627378,0.24631487054125312,0.2623360054706917,0.9970875746505014,-0.0007980172905171739,periodic,2017-01-31,val,high,early
14424,0.08315022125657796,0.05251503601602059,0.08315247710297823,-3.494148251167371e-06,0.05251503607010244,0.6456069514314037,0.7330411997469015,0.27297506659416415,0.22749402240599456,0.2439909088508581,0.9972064825454293,-0.0008491695313084879,periodic,2017-02-28,val,high,early
14550,0.06466547306437187,0.03641926211440605,0.05935748147260839,0.008262827605066272,0.03676850347563698,0.6423940865597809,0.7297433116192161,0.20848438248639928,0.19206492383733179,0.20235797772732939,0.9971445287425761,-0.0008656686043956196,periodic,2017-03-31,val,low,early
14634,0.055575456629980466,0.025917693387003005,0.03775779008360641,0.02674092025466119,0.029254145669008302,0.6663071568469394,0.7503350510649244,0.16224783669206053,0.19596705722175056,0.198425750407447,0.9969032567312066,-0.0009385893670282779,periodic,2017-04-30,val,low,early
14662,0.05223891781184683,0.021823553685936803,0.04093097333407665,0.016922398956663427,0.023091091297342103,0.6682234892768972,0.7494558446362746,0.14946177679161723,0.16932271499327783,0.17254181195969565,0.9969213845020337,-0.0009928966860945976,periodic,2017-05-31,val,low,early
14630,0.059753096684163544,0.025957484689032473,0.06008400954367677,-0.0005028139327926204,0.02595852663240872,0.6581218974481995,0.7422533695479288,0.18777085755258943,0.17107223113464937,0.179064945410959,0.9968827043263156,-0.0009293510936754309,periodic,2017-06-30,val,high,early
14706,0.058955262058449344,0.02602423340115445,0.06096734227522194,-0.0030005110917397052,0.026061330623790235,0.6705791630997475,0.7561536278977091,0.19488522148148543,0.18952086147938066,0.19679703148396527,0.9968066392915188,-0.0008422872765965178,periodic,2017-07-31,val,high,early
14714,0.0694623694136562,0.03866858578913546,0.0778313955778501,-0.012375319315993708,0.039334627708586756,0.6762674926188259,0.7580733030345779,0.25461992493384633,0.21695108046087289,0.22811950125876976,0.9969017908405958,-0.0008609527878039448,periodic,2017-08-31,val,low,early
14757,0.05164209000941229,0.02220318138272137,0.05982013763871631,-0.012199696648947732,0.022885469582162865,0.6703484409999749,0.756309838843671,0.20922563730814456,0.2059865450021968,0.21151268389972927,0.9968997127042627,-0.0008387686786394958,periodic,2017-09-30,val,low,early
14809,0.049708105811510396,0.02088234226600849,0.05369303751260271,-0.0061066661343171045,0.021063299413168757,0.6525543747502305,0.7428946653877145,0.1956097424718781,0.20070740927624475,0.20599551319955772,0.9969787199770266,-0.0007815818300891193,periodic,2017-10-31,val,low,early
14948,0.032295374939750564,0.009629534107229998,0.018985517701297985,0.020042043478728934,0.011702543763269402,0.6640968149062814,0.7478537868828189,0.10409901290942992,0.16943593430254628,0.16539942840067834,0.9970128344370054,-0.0008163047142517873,periodic,2017-11-30,val,low,early
14948,0.03768757227121688,0.014205461825625765,0.02446544665520742,0.019966034144294702,0.016443945213954203,0.6622309428320934,0.7450827716139302,0.14801677377811176,0.21194073805966918,0.20809495709647036,0.9969468622629787,-0.0007777787334788975,periodic,2017-12-31,val,low,early
15107,0.03244843320471179,0.01285457248892008,0.013506879303657869,0.028758437858728562,0.01857149276866943,0.6586433517035637,0.7353262066909543,0.13670587385470617,0.2210552659118402,0.21492324471243246,0.9970940971012916,-0.0007340489178563314,periodic,2018-01-31,val,low,early
15031,0.03140705232098986,0.011561809093226239,0.016983205245702633,0.021412287129077702,0.014497246583530798,0.6736247738655942,0.7476959639266745,0.13751393524910507,0.2025028382378999,0.19795924632473125,0.9971256920253847,-0.0007869450573779498,periodic,2018-02-28,val,low,early
15022,0.04565015012577841,0.02736876443816405,0.0394096928814802,0.009515572569217545,0.02804647485728451,0.6558152122635739,0.7320272120277733,0.20435215743696933,0.22978937603134536,0.23249004491637562,0.9970857143740093,-0.0007505637302367869,periodic,2018-03-31,val,low,early
15096,0.04918879769711019,0.03598180755853864,0.04861117918449602,0.0008666666434140184,0.03598801587254419,0.6664829170511394,0.7475799934294797,0.2180337961408034,0.21932472946657244,0.22399884226913191,0.9968398768401935,-0.0007382518449368535,periodic,2018-04-30,val,low,early
15153,0.04674147586378684,0.03162632033119095,0.050713272677187164,-0.006126517453304047,0.031941300837696196,0.6482960088938592,0.7274212760905658,0.21571583319190155,0.20631398695936204,0.21167459883915438,0.9969394139940628,-0.000719423736759706,periodic,2018-05-31,val,low,early
15154,0.03881745547646202,0.020129312229350105,0.03902976993680036,-0.00032527714618526605,0.020130123493525942,0.6527186518574055,0.727789618192937,0.16847562307687267,0.17073237833040017,0.174516824941837,0.9968773486939698,-0.0006968604586701257,periodic,2018-06-30,val,low,early
15108,0.041259990702179894,0.02254984606514676,0.03031685292155451,0.016374553586344695,0.02451520725555767,0.6683014424123387,0.748189939312932,0.17905828200562715,0.20877927102543445,0.20964237340074549,0.9967883124916144,-0.0006844702876468353,periodic,2018-07-31,val,low,early
15191,0.0022870436346250187,6.0157656258441605e-05,-0.021174043287912475,0.03547470690087057,0.008203356395282246,0.6613468854885381,0.7387488639237252,-0.02782410608071009,0.06519876533949752,0.0591248886259955,0.9969620962497777,-0.0006774538315585661,periodic,2018-08-31,val,low,early
15348,-0.01919224211630955,0.0037304229065575623,-0.047952414867821695,0.0438591136834808,0.014835078791391787,0.655739944017843,0.7298146613629208,-0.09373056717072933,0.0028882428941908143,-0.0054138092581559015,0.9970199392821435,-0.000607069079797735,periodic,2018-09-30,val,low,early
15387,-0.02038298195804118,0.0036198024357920744,-0.0496188134794614,0.04524115265577645,0.014005505520452322,0.6462220744867007,0.7225166137411936,-0.08741568785893647,0.009287856712639353,1.8571182044846817e-05,0.9968614241918112,-0.0006803582022335548,periodic,2018-10-31,val,low,early
15450,-0.008334814027382611,0.0007263153360576036,-0.03515000314180501,0.04181543882029263,0.011489724440183147,0.641274846585554,0.7191247784426101,-0.04242808784344631,0.0647432553099509,0.053995845456304516,0.9968842269062482,-0.0007032990003939284,periodic,2018-11-30,val,low,early
15458,-0.016304157494801772,0.002442744838265676,-0.05272926938176393,0.05618568991675998,0.01925951811274973,0.6482987383599534,0.7244754701232485,-0.06304007407976508,0.06294073307866208,0.04952169247585286,0.9968598702331869,-0.0006333262817420075,periodic,2018-12-31,val,low,early
15520,-0.022137719759926587,0.004587117820501807,-0.06052896606208373,0.05865502272582349,0.02299370842200399,0.6545261516915164,0.7293534211290078,-0.09380392914954253,0.04015376336131574,0.02479382384953183,0.9969558295589684,-0.000682188215091602,periodic,2019-01-31,val,low,early
15482,0.00919637995542927,0.0009471787652762798,-0.02008479684081798,0.04557680599934086,0.014608962138259018,0.6424578500879753,0.7264277219849997,0.044366078405007746,0.15454448521479655,0.1426220727564782,0.9971035816942514,-0.0007167166903463325,periodic,2019-02-28,val,low,early
15554,0.018989191704589018,0.004042274963181991,-0.003956788964924771,0.0361079676047285,0.012755587431766746,0.6354824763518976,0.7213299939728449,0.09914139015247869,0.18248178695703088,0.1748125056033831,0.9970705111808837,-0.0007390214317733315,periodic,2019-03-31,val,low,early
15576,0.010231563530040524,0.0011106908860173403,-0.02316443912846259,0.05184015798521235,0.017790529639572505,0.6442110509769459,0.7232985362963438,0.04247714422511418,0.17378699421299776,0.15730902859191767,0.9968217025285919,-0.0006930107672439947,periodic,2019-04-30,val,low,early
15583,0.004605132739059883,0.00019703645628532662,-0.028961283043135812,0.053110796009964455,0.01593647071695614,0.6320073940495861,0.712009971390015,0.018878232937670325,0.16010022753909917,0.14058867305669157,0.9968360574508474,-0.0006344115999606422,periodic,2019-05-31,val,low,mid
15552,-0.002197022940433938,4.182895948623422e-05,-0.03296340502285411,0.0496499781618978,0.01320125637159797,0.6196655712931501,0.7001018578753693,-0.021104641686979484,0.1294655486701049,0.10796128736368395,0.996828805071441,-0.0006437190900347088,periodic,2019-06-30,val,low,mid
15590,0.002379318309188932,4.601575807350322e-05,-0.017588717342061765,0.03185681776059143,0.00505416125960978,0.6268057218172324,0.7068958920288686,-0.006456881439572027,0.09059486614374812,0.0781243190381551,0.9969729970705421,-0.0006187505371532964,periodic,2019-07-31,val,low,mid
15606,-0.007222918647011333,0.0003990874307743253,-0.029221751495681278,0.03464745280363668,0.005880054403209489,0.6349336262415057,0.7151988683395019,-0.045602587769826654,0.05976644286084496,0.046829886438211475,0.9970015047510771,-0.000687563678393325,periodic,2019-08-31,val,low,mid
15634,-0.0222964621096538,0.004230632888624131,-0.03772527694194214,0.02415570823461245,0.0071704378291234105,0.6387233478073987,0.7185879212828996,-0.10982957498998788,0.0017726986789691113,-0.010512946519716328,0.9970000647639423,-0.0007288745845926978,periodic,2019-09-30,val,low,mid
15681,-0.018263302005570012,0.002684677682405212,-0.03806122847751893,0.03154977552917744,0.007541595643417831,0.6275140199846057,0.7085401545899562,-0.08573194846104416,0.032554296173038996,0.01700853021706493,0.9970387770912726,-0.0007312438172340106,periodic,2019-10-31,val,low,mid
15729,-0.030002905987038822,0.006284151902947732,-0.05140396748030756,0.03396286027438886,0.011139257843802652,0.6301313057953063,0.7110605602499099,-0.11899877166413418,0.010884934174285262,-0.0063095828769757665,0.9970361457993268,-0.0007669329095723386,periodic,2019-11-30,val,high,mid
15780,-0.022835466636654814,0.0032288728575345926,-0.03229023303819399,0.015209943313958377,0.0041078262558053025,0.6216174647312193,0.7056332567761578,-0.07668891900021772,0.013004319291031572,-0.0014346460797215797,0.9970349000129314,-0.0007685633366070646,periodic,2019-12-31,val,high,mid
15811,-0.038994785911037035,0.007704465960522766,-0.04939634899666641,0.016890049379213325,0.008601692367995462,0.6158397084628101,0.6975745253655254,-0.11229301324915648,-0.000895785574475298,-0.017488839099727815,0.9971298293985783,-0.0007245928652260899,periodic,2020-01-31,val,high,mid
15782,-0.02511792978626078,0.0027291297951786975,-0.015262062647963037,-0.01584348736219981,0.0033947599193188127,0.6220768769507705,0.7027065590099945,-0.06852812288863658,-0.008984912058235043,-0.019894732846035105,0.9971025254334037,-0.0007716108933699565,periodic,2020-02-29,val,high,mid
15731,0.02334235663875022,0.0018489773275760513,0.05987674977093069,-0.062296004663354804,0.010488818441494407,0.5864644663741747,0.6634590106059389,0.06352953695196117,0.01609265016545778,0.022200361646453323,0.9974051584075886,-0.0006195336815469035,periodic,2020-03-31,val,high,mid
15791,0.012407642993642188,0.0007063003477929541,0.014919510587408792,-0.0041676691427987534,0.0007570421010859585,0.6027032155620958,0.6778087874383683,0.02105896334776457,0.05071483878931724,0.04841192455359256,0.9972114413854828,-0.0006157395180545106,periodic,2020-04-30,val,high,mid
15775,0.03954027672852747,0.006752532937003952,0.05334507678391205,-0.022502592935280796,0.008116460889519339,0.6134759711946343,0.6885649316340057,0.09681925186498501,0.0748028585957425,0.08003078872821447,0.9972915700201319,-0.0006773243451499092,periodic,2020-05-31,val,high,mid
15952,0.07025530905086509,0.020514853336107697,0.09886393124359388,-0.04787823743578121,0.02664075460046189,0.5975287254688296,0.6693415846290979,0.1908463043115649,0.09563420191875775,0.11387112371468679,0.9973968169003272,-0.0006684822517377783,periodic,2020-06-30,val,high,mid
16043,0.10828487513969909,0.05004685841495782,0.14426218314923372,-0.06015822668882027,0.0599688296410712,0.5980446896414201,0.671998461459058,0.28956186927631256,0.12778640665853971,0.1569446985978167,0.9972464260094925,-0.0007303330238978818,periodic,2020-07-31,val,high,mid
16127,0.10043476609391233,0.04430298867061622,0.1307737720217882,-0.05116251341640058,0.051756904219961264,0.5929928750942872,0.6703495011046109,0.29194456344609565,0.14076727212316553,0.1675492729065139,0.9973233697450902,-0.0007365783057271595,periodic,2020-08-31,val,high,mid
16191,0.10375933175089994,0.04654631163204437,0.13434423712569743,-0.04970208132249241,0.0531822116873244,0.615364680129031,0.69436227770326,0.2948887247149602,0.16855103423247006,0.19162003532072935,0.9972607688772168,-0.0008286460503419074,periodic,2020-09-30,val,high,mid
16195,0.12118524116016974,0.054540156566381226,0.15829762371015685,-0.06289889466187314,0.06411779624449532,0.5900323487312431,0.6687579976491986,0.3024912767369736,0.1447870816311886,0.17203681220311687,0.9972220648409446,-0.0007930750437364849,periodic,2020-10-31,val,high,mid
16250,0.11909926257189607,0.058673914787673476,0.14881660188341272,-0.04902252409400413,0.0649616687679675,0.6061976583355299,0.687132556448758,0.3006305765078785,0.15741226930346364,0.1820927162895569,0.9972325561057408,-0.000796074313662729,periodic,2020-11-30,val,high,mid
16358,0.091380455622069,0.03688482471050203,0.10855031274517277,-0.02710449001988148,0.038827700673752075,0.6334691082728164,0.7102559533533388,0.22198687562762667,0.14320990147787993,0.15725620729079984,0.9971885636953753,-0.0008088724920087084,periodic,2020-12-31,val,high,mid
16522,0.08669724370091253,0.029269643811139834,0.10054860202903175,-0.021099071878622505,0.030256060480616243,0.6564913569557215,0.7346377308130577,0.1798775750456461,0.12386109094262632,0.13538452633389236,0.9970782767021923,-0.000887646897707401,periodic,2021-01-31,test,high,mid
16535,0.06923099960919156,0.020259332849658862,0.07372139489809962,-0.006765772855369755,0.02036759283874312,0.6636928825269375,0.7408942958458083,0.15194288424755903,0.12156424658990395,0.12961789234524249,0.9971332146754432,-0.000863512259374379,periodic,2021-02-28,test,high,mid
16655,0.0663692718884244,0.019257306333517077,0.08985160572400178,-0.03574824001808379,0.02243350026384472,0.6568808373131316,0.7322041615874264,0.14255101636529494,0.08064794289685107,0.09225103577227482,0.9971457920194405,-0.0008619086734107862,periodic,2021-03-31,test,high,mid
16763,0.06744204613305957,0.020987501992742907,0.09000353985142143,-0.03376765460435396,0.02390015878099916,0.6681391995589429,0.7474223019719245,0.13974871157310487,0.08243874022317325,0.09345076902735575,0.9969814274156987,-0.0008442335360339788,periodic,2021-04-30,test,high,mid
16879,0.034672353601320496,0.005732126755414013,0.04383096604759391,-0.013852449301203764,0.006247134532929022,0.6611547349584496,0.7414402585355966,0.05764862275594828,0.040656402019065625,0.04806156565121038,0.9970343291952727,-0.0008271933024084361,periodic,2021-05-31,test,high,mid
17014,0.04168263681695482,0.008266678884905065,0.04615578626906831,-0.00672178902705369,0.008386452804031386,0.6654700756160047,0.745346580634676,0.07801355575011976,0.07010338617338306,0.07649016098441563,0.9969879487168545,-0.0007483079863057472,periodic,2021-06-30,test,high,mid
17105,0.0602943367098924,0.020467483463000646,0.07376662797372074,-0.019417464926135875,0.02156835489964537,0.6938233860630858,0.7752425224472212,0.1412836096185839,0.10173353742605035,0.1129687942580869,0.9968720156177328,-0.0007997446775998154,periodic,2021-07-31,test,high,mid
17181,0.0487882107428251,0.015274917463470317,0.052162862377170445,-0.004890384759716771,0.015355310161159097,0.6900585128064409,0.7740884714192028,0.12381141405183478,0.1023007052609844,0.11092621623117765,0.9968655273921377,-0.0007781927846404482,periodic,2021-08-31,test,high,mid
17229,0.05622355683708941,0.020289109169873587,0.06209198158323964,-0.008456347509517766,0.02052704803307348,0.6939668384652377,0.7777236130715738,0.17401572676297833,0.14261059724671793,0.1521910354130569,0.9968087943500997,-0.0008139116227558818,periodic,2021-09-30,test,high,mid
17281,0.09036819919525844,0.05148704896099365,0.11528304601267678,-0.03573256573427626,0.05562337452529453,0.6972588255393636,0.7815649739401885,0.30444759468386523,0.21002483314429465,0.22636213356763876,0.9968376555408786,-0.0007706304808671488,periodic,2021-10-31,test,high,mid
17352,0.09066133075307904,0.061249873651809006,0.11713869294248513,-0.03859788951859817,0.06712745149918797,0.6859795320316062,0.7736153713154147,0.32633608886135135,0.2131155413873007,0.23325251862484728,0.9968761551480539,-0.0007536043164641401,periodic,2021-11-30,test,high,mid
17409,0.05444935719058717,0.02998909275873063,0.05157552212062552,0.004164497699739607,0.030080981085917502,0.6900796391694383,0.7782937716211262,0.20012327778970732,0.1930060945687128,0.1987325196596133,0.996836314286155,-0.0007179614444311268,periodic,2021-12-31,test,low,mid
17484,0.02905696281964408,0.008662849487778623,0.012807300701677099,0.022888033247060777,0.011328585325994789,0.7099632346101472,0.7989115105512756,0.093484313490591,0.12317948387246266,0.12309285826543773,0.9968768500497378,-0.0007326626181877173,periodic,2022-01-31,test,low,mid
17519,0.049535663495573125,0.022339724643454684,0.042144718059422714,0.01056873084433345,0.022859319588969584,0.6993219474507198,0.7875065985391151,0.17597864093690718,0.17179432952237436,0.17627541723409687,0.9969127717859462,-0.0006648184352873959,periodic,2022-02-28,test,low,mid
17575,0.04295196995773929,0.01610555273260117,0.02781839040543875,0.021404991368638365,0.018105996450601514,0.7070117101030823,0.7906536693785303,0.13747962939733877,0.14969399307467787,0.15172874278950524,0.9968979831310232,-0.0007317551919601193,periodic,2022-03-31,test,low,mid
17734,0.004746991619044939,0.00018911678785116237,-0.02410543231565189,0.039173203424887296,0.006081326664677866,0.7365347077112673,0.8103690182942971,-0.020556902274154253,0.03237843482540412,0.027436648574543053,0.9966598082651529,-0.0007693790141450315,periodic,2022-04-30,test,low,mid
17780,0.021537225741844215,0.0034399887172679167,-0.0026180488110273195,0.033143875001211756,0.007259587533628875,0.728800556723088,0.8022330801178152,0.03677878399890745,0.06109950192328834,0.06086550246362861,0.9966768427662744,-0.0006808169241769501,periodic,2022-05-31,test,high,mid
17812,0.05248568087928303,0.019671746695267278,0.04694988543597593,0.007857168314904342,0.019893761967858525,0.7045535008840034,0.7826153488267077,0.1910908966510015,0.16709696498044596,0.17273090890525,0.996650018728594,-0.0006163034093990984,periodic,2022-06-30,test,high,mid
17832,0.049870333118556924,0.020668985279480134,0.03383421999898587,0.021953591295043342,0.022537244769237463,0.730455117982145,0.8112653872096003,0.1755948939319118,0.18594380041981548,0.18811508187380724,0.9966325682507161,-0.0007150980470601895,periodic,2022-07-31,test,low,mid
17946,0.026758977320670396,0.006599356950799717,-0.000971553625934686,0.037568255116463486,0.01251991093946725,0.73813731461861,0.813673910753187,0.08584052447225556,0.13146241275383655,0.13027755468289295,0.9966625710647008,-0.000777247701699472,periodic,2022-08-31,test,low,mid
18009,0.019439645982003952,0.002720739575995612,0.006891018779926718,0.01739305627312153,0.0037650487355612716,0.7214733859888023,0.8035387623332173,0.06775077135637432,0.0917016383498435,0.09322470591954482,0.9967317856855238,-0.0007341968084886341,periodic,2022-09-30,test,high,late
18025,0.030311103073647122,0.006994035679704469,0.024380114505615426,0.008224197877145576,0.007241141884661739,0.7211631646785444,0.7997690472678143,0.11498292935418268,0.12983947264082754,0.13140449637615378,0.9968189022244981,-0.0007680139117311895,periodic,2022-10-31,test,low,late
18108,0.025727935325132786,0.0057360464435468606,0.018418426956747495,0.0099254075316586,0.006126737037829844,0.7364441555736713,0.8107938049538458,0.0999294560500881,0.11355655965072463,0.11587101776562928,0.9968127734835536,-0.0008010488657454115,periodic,2022-11-30,test,low,late
18163,0.026013507337184345,0.005016601061057724,0.022402442315675744,0.0049326118461640225,0.00510030369290515,0.7320797042468786,0.8057373510993169,0.09662002979929873,0.09819048267096059,0.10312250363118267,0.9967605185020748,-0.0007693952338662288,periodic,2022-12-31,test,high,late
18201,0.048227327333399815,0.017719456712757764,0.04168971161631976,0.009026097527238807,0.018014517640427274,0.7243014710779901,0.796050198046631,0.17004576717124686,0.17307609235717555,0.17689705235875608,0.9969865003524278,-0.0006322657841821803,periodic,2023-01-31,test,low,late
18216,0.052876327160145134,0.019689735117336515,0.06646687839902952,-0.018880592372804077,0.020899424712269687,0.719815934294765,0.7901643468893664,0.2009365407553559,0.15623431004507826,0.16465751787114566,0.9970157521756781,-0.0006190696559362186,periodic,2023-02-28,test,high,late
18275,0.05166098153751456,0.01789075781830074,0.07515967823880357,-0.03278776937321658,0.02139569124413776,0.7166909231848186,0.7862481866627035,0.19335748646357814,0.12253499874013622,0.13361558952248095,0.997013168227136,-0.0006842528996172333,periodic,2023-03-31,test,high,late
18380,0.050558567957158414,0.01944789629497945,0.04209477656508653,0.011524559792699257,0.019913365058228938,0.7344134217971561,0.8075126691718543,0.17108330872193162,0.1567049887938855,0.16219434833238694,0.996771290168513,-0.0006223485653570136,periodic,2023-04-30,test,high,late
18479,0.05087021418673982,0.0183106583618573,0.04907201980066778,0.002451198122218812,0.01833029283902521,0.7335981411581085,0.8038899541736024,0.1641203336442162,0.13918504349322564,0.14541384709938254,0.9968678264858364,-0.0006416784498290649,periodic,2023-05-31,test,high,late
18513,0.05078169077188232,0.019292192621151227,0.05799788925721462,-0.009736158722007521,0.019611781059195477,0.7411751072846197,0.8084490181577423,0.17821742128507173,0.14431773196516423,0.1514869802108279,0.9968098023657831,-0.0006174653993056924,periodic,2023-06-30,test,high,late
18570,0.0800953670345713,0.0376528214709001,0.08882606534188013,-0.01174737575945806,0.038015398862289995,0.7432041407434813,0.8152715853951373,0.2913180932314382,0.23927193528133334,0.24821473266805014,0.9966772119864171,-0.0006706299165953844,periodic,2023-07-31,test,high,late
18659,0.060437866386228827,0.023616155539366357,0.045366074485621806,0.020164590810568345,0.024776371401433295,0.7474385194412433,0.8184343868878629,0.25180313614536065,0.24339935888237413,0.2477990905811284,0.9966900724062555,-0.0007054091082563263,periodic,2023-08-31,test,high,late
18706,0.048472101074258256,0.018509404337004876,0.04220696330250497,0.008465685789380065,0.018764772427991683,0.7400626396511744,0.812320547317015,0.220711850361718,0.20904719171155428,0.214089957897685,0.9968199021743552,-0.0006047626843304354,periodic,2023-09-30,test,low,late
18743,0.0668362151382379,0.029894834209357346,0.06044654387370785,0.008848741711646301,0.030145608587647255,0.722099420769933,0.8023051910097642,0.2661653765169152,0.23605253976969928,0.2444495477695147,0.9968005897032426,-0.0005797059570420468,periodic,2023-10-31,test,high,late
18779,0.07001427222500785,0.03588676166960081,0.05694029946508544,0.018035405459362965,0.03701671250726424,0.7249059517605485,0.8040483928286846,0.2903141515353024,0.26720423603462395,0.27519052089744817,0.9968455277296908,-0.0005404790406636778,periodic,2023-11-30,test,high,late
18828,0.06757911580396732,0.030652159108542687,0.03399978884499203,0.045864366486760864,0.03720262283192133,0.7321441356576553,0.812144515079798,0.2727635938316443,0.2877965185160968,0.2900789643514222,0.9968310297101777,-0.0005194642091690818,periodic,2023-12-31,test,high,late
18910,0.025412616230488135,0.005026968961291511,-0.013366922144099909,0.05240919154888221,0.014701577902339724,0.7399377328377986,0.8183937752342678,0.11428012084727608,0.17297630633065592,0.1691517059124054,0.9967497521546593,-0.0005528927625508109,periodic,2024-01-31,test,low,late
18929,0.038939749892110465,0.011935465956428137,-0.008599464102968956,0.06287514765887074,0.02526419840057026,0.7560891030101011,0.8308444757158484,0.1693409645683679,0.21458091354856643,0.21376455461361019,0.9966465945576222,-0.0007155240170727923,periodic,2024-02-29,test,low,late
18964,0.017679620176815663,0.0023370096357312464,-0.028177425512780435,0.06066468349711379,0.014130398882117201,0.7559100789131052,0.831535721258825,0.07337219459544751,0.11440845946933899,0.11272977493401344,0.9966428354351328,-0.0005791545437700351,periodic,2024-03-31,test,high,late
19108,-0.006829260969906056,0.000337502444164417,-0.006280541150693727,-0.0007185860800850897,0.0003390602670799714,0.7636104211018363,0.8407627214603989,-0.02684096763968556,-0.017058363769365294,-0.01846037272568187,0.996378138456241,-0.000619132884759842,periodic,2024-04-30,test,high,late
19160,-0.023623089211368384,0.0039852537118088005,-0.027719724741870934,0.00538621440834601,0.00407258490304041,0.7605778789923229,0.8362038265014395,-0.07799893297671015,-0.06673094800262927,-0.06751071154451034,0.9965064408448585,-0.0005386114239266653,periodic,2024-05-31,test,high,late
19204,-0.022930144992294083,0.0035585825733760457,-0.009940418415885824,-0.017209913478676616,0.0044211576350200454,0.754781631673354,0.8322538215064388,-0.059955045787320534,-0.07208210634620894,-0.06882283160090111,0.9964707721729369,-0.000479541879293154,periodic,2024-06-30,test,high,late
19289,-0.012917575374422098,0.001318889107715271,0.007016311661894235,-0.02640016397337801,0.0036869935142230803,0.755066788842455,0.8346590039312114,-0.031016914224263822,-0.051151359595825584,-0.04652722321868769,0.9964113981892424,-0.0005302182965948105,periodic,2024-07-31,test,low,late
19353,-0.03057708269191257,0.006275192565171173,0.012833353443801081,-0.057726787566667284,0.015993224913868787,0.7519981271351457,0.8310903616859235,-0.05757811683509126,-0.08783682755533949,-0.0823177087143723,0.9965037802272798,-0.000449780154602387,periodic,2024-08-31,test,high,late
19391,-0.005507391788886133,0.0002905208077348398,0.010632333160224081,-0.021195906867383655,0.0020986584761077953,0.7614547964412567,0.8404999366017304,-0.017755578858924755,-0.020096341017025704,-0.018572380108008824,0.9964825522665284,-0.0005436860396731489,periodic,2024-09-30,test,low,late
19391,0.02491039918134268,0.006343059624950742,0.031340448126744594,-0.008356213115462023,0.006634191071839046,0.7694931731092919,0.8447087639837414,0.12186294644549328,0.10969197184631974,0.11441827716823727,0.996536854616114,-0.0005956881910835587,periodic,2024-10-31,test,low,late
19405,0.03088014248070526,0.009458775299899358,0.04986364977270355,-0.024963230843990505,0.012065433394496061,0.7604587487338703,0.8380937794634603,0.1378342125970859,0.12080991151378882,0.1247762997145192,0.9965620780730101,-0.0005780173970632576,periodic,2024-11-30,test,low,late
19472,0.017752721414779488,0.0025283493981936855,0.05937734827417594,-0.05523608939923016,0.013105280673053388,0.7535766436775813,0.8324392107296134,0.06123454572782887,0.024702706567916812,0.029156032114532444,0.9965379828947966,-0.0005390036568204786,periodic,2024-12-31,test,low,late
19522,0.003433439707621241,9.377699443124943e-05,0.01953359227510681,-0.021442958799905872,0.0016894251853721842,0.7508363336284025,0.8315933859920426,0.02643851174634255,0.02313926659809247,0.02402991464547341,0.9966179775181956,-0.0005061621129542677,periodic,2025-01-31,test,low,late
19574,-0.006968422282574467,0.0003301853891202189,-0.014402143198721136,0.009924625809890824,0.0006241901985702958,0.7490177522591617,0.8267110067728037,0.005739670804267265,0.029438472821389134,0.027697177667955014,0.9968548687307949,-0.0005047248460406388,periodic,2025-02-28,test,high,late
19600,-0.010988578277038391,0.0007397896062537601,0.009391300179372205,-0.02756891177234066,0.0028516896703005834,0.7392340555434106,0.8182384614799101,-0.00687706213530476,-0.014273157968684601,-0.01260807369872945,0.9968517759687229,-0.0004963905707369035,periodic,2025-03-31,test,high,late
19679,-0.02652878357174314,0.004108761467644051,-0.030311589092704583,0.0049810970610950885,0.004170072169886407,0.7594322043034506,0.8281410853870931,-0.06207941243691157,-0.01890530800146267,-0.025098987651155258,0.996713216159377,-0.0004952421198986119,periodic,2025-04-30,test,high,late
19682,-0.019659058357743054,0.0024374301865852654,-0.03674488228023018,0.022601509390272074,0.003817999362982216,0.7559594196757699,0.8216382811872277,-0.03474870179963615,0.035701309497232506,0.02653361358959422,0.9968013595444458,-0.0004730827217200421,periodic,2025-05-31,test,high,late
19659,-0.008818462573091783,0.00047272125237007856,-0.032353792149363465,0.03128689006271039,0.0030559634775302325,0.752242537659379,0.8143623128901373,0.008534888662509437,0.08823988645625189,0.07706320902039582,0.9969004012858278,-0.00044309660070190475,periodic,2025-06-30,test,high,late
13909,-0.00011921695196383466,1.040574386657056e-07,-0.011764090677924902,0.03375136540956644,0.007347556859884419,0.345019337281546,0.4900399895133327,-0.022436003381370178,0.12269142545363648,0.11751399321357194,0.4295624250862758,-0.01681760904192871,ple,2016-01-31,val,high,early
13868,-0.006996796521450258,0.00033050745395957204,-0.02610145282933303,0.04875628093255004,0.013915240779401317,0.39183990128992835,0.48357715337946283,-0.06274055796843116,0.128092373614036,0.11953788380065253,0.42603997572939084,-0.015228896918548626,ple,2016-02-29,val,high,early
13962,0.036189546884509614,0.010798049974049095,0.030461499264216468,0.01843223004067578,0.013328674334490143,0.31076259398076816,0.44892612676586247,0.09891108732151638,0.155479474772675,0.15093811305543856,0.4468070655931662,-0.018379461108540027,ple,2016-03-31,val,low,early
13946,0.047374789072726915,0.017578325117039828,0.03591159880499127,0.028631472803526493,0.022969660311863205,0.4003702619977933,0.5044456582669062,0.12481396402017506,0.1796097952797833,0.1773857056548344,0.428091541229254,-0.016526397488803454,ple,2016-04-30,val,low,early
14003,0.04040323569989545,0.013361684380787331,0.028196417227237917,0.029031089298202604,0.019040552570960156,0.4204740079597342,0.5151000697901071,0.08853092093097369,0.16807297550083083,0.16805723943355988,0.43136147805683145,-0.012919221254690926,ple,2016-05-31,val,low,early
14038,0.057943614280905206,0.02938069533459642,0.05179611886968645,0.014690475873967228,0.030938509884349097,0.4184680921133355,0.4980214383942479,0.1817785782588267,0.18454993948969708,0.18818594660408247,0.43831785166214576,-0.015011446956708554,ple,2016-06-30,val,low,early
14098,0.06866957486937803,0.04040453457161153,0.06693952241237142,0.004372142906740037,0.04054267957450419,0.39569897277118005,0.49547666396720447,0.21305023026038933,0.17020945929969253,0.17663640802048966,0.4250356879640401,-0.01051950065846775,ple,2016-07-31,val,low,early
14187,0.07142378788088134,0.04526450317770536,0.0721333673450624,-0.0018389467212640218,0.04529004173107065,0.38586189364583645,0.48865657085147257,0.23317309850838455,0.1588430316862386,0.1663539541945903,0.4288461334742135,-0.012308904834138686,ple,2016-08-31,val,low,early
14219,0.07749313469749916,0.04860174360745573,0.0820451995320123,-0.010782408527826253,0.04937496927530172,0.42217514043949905,0.5037002782507333,0.24343449142823861,0.148839756312589,0.15733533944955833,0.43263759622339903,-0.012569236233353319,ple,2016-09-30,val,low,early
14225,0.0845357180095969,0.058435913346057244,0.0933132837893152,-0.02220695763230113,0.061838431974323926,0.39526196812060854,0.49664975099965086,0.27843018679850795,0.15223270819825682,0.1561318511834703,0.4361903578174226,-0.015280187595570552,ple,2016-10-31,val,low,early
14265,0.10180632481726455,0.07056268489030615,0.11958394884936165,-0.04808582076509281,0.08415301846820267,0.36970615764126485,0.48270893198481546,0.3146425374778976,0.11834346864205704,0.12350215768734073,0.45127686173234594,-0.007634864985273679,ple,2016-11-30,val,high,early
14299,0.09213313591091672,0.05770092078242339,0.10501875098842267,-0.0331060048172744,0.06402240801879511,0.3892228962274706,0.4976494847125684,0.3012644600004938,0.13981317147817215,0.14524681766880698,0.4478863648404977,-0.015095673159407363,ple,2016-12-31,val,high,early
14383,0.08998425081951783,0.05656652356052305,0.09685156458136007,-0.015391049520859616,0.057891931850602374,0.4461887899543061,0.531039210697849,0.27943697044408805,0.17037086897615847,0.1730570695334689,0.4260758393098568,-0.01868563655108727,ple,2017-01-31,val,high,early
14424,0.07152388765324746,0.03885608799455864,0.07380705750429538,-0.004970399356323169,0.03900413968405181,0.45935340148116743,0.5394134005988916,0.2491083373079126,0.1658108685616694,0.17031039551127217,0.42518880942431714,-0.012474686974073588,ple,2017-02-28,val,high,early
14550,0.059461659740585565,0.03079358688319389,0.057776798742750365,0.0036204788278515125,0.030883024258477776,0.4653696590830007,0.5445048790259112,0.2018769317439157,0.1525938560864203,0.15794962551510877,0.42960941329655283,-0.009101735590430397,ple,2017-03-31,val,low,early
14634,0.04958797233044323,0.020633978263342345,0.04492015228798103,0.009168066988823156,0.021156463016414384,0.5091389546074115,0.5648892225946043,0.1524564697702051,0.146806783870092,0.14974926241384437,0.42216208896610946,-0.008399278071621993,ple,2017-04-30,val,low,early
14662,0.04649203084772409,0.017285986240026197,0.0411901557433281,0.009822984485505011,0.017832842885676436,0.5397417772793183,0.578558202623389,0.13952483799580145,0.1374272924133817,0.13999178665060902,0.41565541449220184,-0.0052137797191139255,ple,2017-05-31,val,low,early
14630,0.05415536894116468,0.021321846356131546,0.04635238869267175,0.014739819608393299,0.02245871755523321,0.5293809867283781,0.569373463586394,0.17349032464080197,0.1539370476421922,0.15501926050363635,0.42132345607323896,-0.012867865694602403,ple,2017-06-30,val,high,early
14706,0.0500422592526298,0.018750230631562892,0.044458670688167994,0.010892666125286015,0.019405183975280904,0.512600726051605,0.5707613179815758,0.18509672702427657,0.14723886629879454,0.14988633476214114,0.4034952367599602,-0.015492277277292792,ple,2017-07-31,val,high,early
14714,0.06635977351535854,0.035291400454712796,0.0708479930382006,-0.009734656760682556,0.035889413993885566,0.4610557550387984,0.5442382742750164,0.25707229903992085,0.1406024913003991,0.14464427369403832,0.42096203504289553,-0.014902097713569684,ple,2017-08-31,val,low,early
14757,0.04189084074158245,0.014609849410363585,0.04295871964171798,-0.0022911048464449462,0.014644056976324427,0.4660977876207073,0.5408069131948797,0.2158669476262239,0.14349479765073353,0.14760923802917458,0.41988772585726974,-0.013225525522521745,ple,2017-09-30,val,low,early
14809,0.03937458253148875,0.013102576554771872,0.03704240920979519,0.004643074330969908,0.013238804358603806,0.502290757254652,0.559261292611933,0.212431313192334,0.148760784738891,0.1534444284718983,0.4178843506737477,-0.017574143314897504,ple,2017-10-31,val,low,early
14948,0.03155244001362316,0.009191587235580556,0.025609681371565947,0.012010757511976305,0.010197405741547039,0.4947863310144106,0.5571300646191167,0.15127871903708717,0.1330788589722329,0.1374537561473686,0.41929657336596127,-0.018997179465805675,ple,2017-11-30,val,low,early
14948,0.04093436689505194,0.016758501725640196,0.04309140692927324,-0.004116042211595438,0.016881408248725638,0.524056830161668,0.5696254243873617,0.21182566695648192,0.1490720276658668,0.15123724565756147,0.41495618366059805,-0.02137707984774509,ple,2017-12-31,val,low,early
15107,0.03826710561312513,0.017878101755036346,0.03260517300090494,0.011458583083015646,0.019089715330726786,0.4941215306637663,0.5453212976884416,0.20297997493782008,0.1722858307263801,0.17564090412159475,0.4275316531352851,-0.016783066299496247,ple,2018-01-31,val,low,early
15031,0.037991628234463136,0.016917931091959826,0.037384884980307655,0.0013089925451278176,0.01693369988170179,0.46351925869521293,0.5313030069377707,0.1926024264647288,0.13561890237849314,0.1380340853468344,0.43353286359025167,-0.01175425530698015,ple,2018-02-28,val,low,early
15022,0.05566015921310468,0.040687373906454716,0.059459219251132935,-0.008083541882450935,0.041355995851088734,0.46997468353249905,0.5346684409912796,0.2603646869572245,0.1497451684647491,0.15370345365179028,0.43081597844611585,-0.013820508634125032,ple,2018-03-31,val,low,early
15096,0.06668764455542289,0.06613651676407317,0.07574332008051103,-0.018618327546309342,0.07007202566403214,0.48638501511803267,0.54393534932383,0.31397446316475525,0.13004174296644277,0.1441418585649745,0.42441524283033544,-0.010805952302948583,ple,2018-04-30,val,low,early
15153,0.0615993372196288,0.054928267604037795,0.06655013508087973,-0.010024278288678353,0.056028080611942865,0.4938807282355931,0.5345678513231029,0.2976919229474094,0.14741371992773622,0.16067735615158157,0.4211337807272959,-0.013270765259439894,ple,2018-05-31,val,low,early
15154,0.0536318192900488,0.0384255301251023,0.056700104420238415,-0.006315296378648593,0.03883256088728204,0.48584974421181454,0.5291474992012315,0.23872772993259123,0.13110442629026192,0.14106465761898018,0.41516370808376984,-0.007439179278248363,ple,2018-06-30,val,low,early
15108,0.05363284926483163,0.038101938286576154,0.047504446300733826,0.012298946674253151,0.039608100123416756,0.4982868148314206,0.5488349219812229,0.2517686371741233,0.19617345096432595,0.20464384182457346,0.4083910657542398,-0.013685402095571035,ple,2018-07-31,val,low,early
15191,0.006249302508288613,0.00044916416726115127,-0.010109784210134313,0.032838911060312295,0.009774017579693095,0.4981616682834019,0.5531255320242389,0.009345444134225184,0.1258308256699718,0.13339963526709506,0.4196835533018726,-0.015556075217949755,ple,2018-08-31,val,low,early
15348,-0.017140996136871287,0.0029756288161286726,-0.028297886349927488,0.024146422669146805,0.00761987916983109,0.46205147511589584,0.5151282625782478,-0.09829443375639423,0.05260682183222786,0.05485901542118251,0.42670464579866163,-0.01551872462372472,ple,2018-09-30,val,low,early
15387,-0.023067296707844104,0.004635993640472291,-0.034291185285262406,0.022808347072022995,0.008070905879585144,0.49209565875033406,0.5336586798161196,-0.12748652215853706,0.03829787323206422,0.03563192358324863,0.42838193029299876,-0.012696742454531932,ple,2018-10-31,val,low,early
15450,0.002658689990964078,7.390414340235907e-05,-0.004574920678546366,0.014676581583337922,0.001778910084203278,0.492867540607654,0.523894070535882,-0.02405489377115278,0.08817344066485702,0.08926186234588966,0.4338078307766906,-0.010080164478719426,ple,2018-11-30,val,low,early
15458,-0.003901815564579821,0.00013989907859457418,-0.012056622889769764,0.016003498662434584,0.001882288029003476,0.5095640332903221,0.535466465433897,-0.046168488089759326,0.07346133347093318,0.07166436891260755,0.42639240346112517,-0.01458445836859247,ple,2018-12-31,val,low,early
15520,-0.0058268929288582795,0.0003177958342032161,-0.015122617605504688,0.019049781610041977,0.0029056728232415008,0.48797014406413264,0.5192586469349654,-0.05729363794601704,0.05978260793338434,0.06415606926173323,0.436393695335693,-0.014486954340999681,ple,2019-01-31,val,low,early
15482,0.03322058650735743,0.012359836675762792,0.027579077388413836,0.01452297209537995,0.014365553897646932,0.38845417328425846,0.4735871038795401,0.13992652607178022,0.11997341020847199,0.12861990825111205,0.44288689653208446,-0.014886498602905954,ple,2019-02-28,val,low,early
15554,0.04267747182005551,0.020417861915157598,0.04400617530646343,-0.003902368312243449,0.02056878496121728,0.34048643800192574,0.46195146474960924,0.18577396859850925,0.0923009934302547,0.10145109156180698,0.444192951739214,-0.020032270323354633,ple,2019-03-31,val,low,early
15576,0.028561082462900244,0.008654829646154938,0.027016532331367287,0.0035776797837105143,0.008765322283620591,0.43171838311655075,0.4982369101196621,0.12044724984849846,0.09794517188902897,0.10491972806185897,0.44049660451034195,-0.020054281247967713,ple,2019-04-30,val,low,early
15583,0.021396570610619243,0.004253541015098117,0.02136171712510565,7.501429238872407e-05,0.004253582010490864,0.4646245989092389,0.5114773546365886,0.09878296815959767,0.07120249417832016,0.07856879468287412,0.44696917884809234,-0.016552840890177292,ple,2019-05-31,val,low,mid
15552,0.00871629810029366,0.0006583730238298724,0.004425590702056279,0.00917526973615985,0.0012283684979943477,0.4676382843902418,0.5073962965266848,0.021979500408902564,0.07338584750171741,0.07656119008077156,0.4535933810625189,-0.015966240339567804,ple,2019-06-30,val,low,mid
15590,0.003707258016354432,0.00011171387434905089,-0.003711437512040802,0.015869722671093506,0.0017114596639289381,0.467474806091286,0.5029944760859152,0.0065871110168992135,0.08338041278487182,0.08555168331384129,0.4415282008974614,-0.013826436321678948,ple,2019-07-31,val,low,mid
15606,0.004508392471969181,0.00015548411824461983,0.0026384415926879296,0.0036720231383754356,0.00023188164334342343,0.5092426732658661,0.5240704880067928,-0.011492525169997875,0.0473452706083622,0.05140210487030095,0.44355433509023706,-0.012298563734605706,ple,2019-08-31,val,low,mid
15634,1.1593061535353873e-05,1.1437463198760156e-09,0.010416306918706498,-0.02053373622789055,0.0026668568056430475,0.506713134993623,0.5298496030379024,-0.013635785519511015,-0.02020543825419007,-0.008418219693361243,0.4328458728633284,-0.006169719673827416,ple,2019-09-30,val,low,mid
15681,0.0019555139733078365,3.0779063258989936e-05,0.007104728813398988,-0.010299621825908224,0.0006712079033398544,0.49994212672316585,0.5280783435060938,-0.015386934603016267,0.005810178776689154,0.013598465691859978,0.4302171043440774,-0.0053675303684149675,ple,2019-10-31,val,low,mid
15729,-0.003317681252239209,7.684035266442013e-05,0.007294919506769533,-0.020621382890563877,0.0022592116768259674,0.5146405949263613,0.5390655114919354,-0.04716928095348469,-0.028666796676935967,-0.02191010627403626,0.42815680120283506,-0.020684815363321164,ple,2019-11-30,val,high,mid
15780,0.010222387206940702,0.0006470469842109194,0.026674368303827817,-0.03399408450651715,0.006126536874147881,0.4839659998411134,0.5125090017501301,0.012847418349844543,-0.006101415214790492,-0.00044135106876795247,0.4206062926018539,-0.01623914041769756,ple,2019-12-31,val,high,mid
15811,-0.013486457492809564,0.0009215634371509962,0.0014825641837715106,-0.03213973447467322,0.005020011365144406,0.46574814388619706,0.5034818769948473,-0.05475694278887678,-0.04206587429828281,-0.0372342125274605,0.4355581534127042,-0.008994646148395014,ple,2020-01-31,val,high,mid
15782,-0.014434832524907248,0.0009013220704483516,0.0010027277250804802,-0.03779123922758323,0.006048298596812551,0.4084957404284616,0.45916602601295214,-0.05810806920307157,-0.011977459756907168,-0.013040093683957851,0.43691307347286584,-0.008275871977722506,ple,2020-02-29,val,high,mid
15731,-0.014361192992379682,0.0006998794186640067,0.007483107383776798,-0.05245769230277848,0.008418756020240448,0.416417486496814,0.44715150423818806,-0.021842938354750065,-0.01590348466068506,-0.02145416820976687,0.4506665899477386,-0.009421409444983106,ple,2020-03-31,val,high,mid
15791,0.009301786368011005,0.000396957090731731,0.013936519451321256,-0.009517328249326518,0.0007139731484888667,0.4869783790042277,0.5123715638733501,0.01117893478652317,0.05522905172085338,0.05329867512303255,0.4450918958223693,-0.007369692281827671,ple,2020-04-30,val,high,mid
15775,0.016979325725653648,0.0012451686616565816,0.020002206863106557,-0.006538689375802949,0.001390360336127272,0.4623068880803553,0.4975952034135034,0.02857825238175101,0.0744762577748092,0.07192873567631168,0.44064842245314356,-0.008840034938881833,ple,2020-05-31,val,high,mid
15952,0.034981651582912644,0.005086168444854544,0.04767948737079951,-0.026360592935381094,0.007304177099238807,0.4816976544878103,0.5121128025055005,0.08465980706491427,0.06284119037206055,0.06056084053293015,0.4483859784930848,-0.006677596849732151,ple,2020-06-30,val,high,mid
16043,0.08564462125804244,0.03130699665607517,0.1047756975972262,-0.053290267679770735,0.041865816546815315,0.3589975650739177,0.41425122735008785,0.22646385899158455,0.03936572842371304,0.04240746254312421,0.4495264288563329,-0.012162093317636511,ple,2020-07-31,val,high,mid
16127,0.0726011645762261,0.023150056432320487,0.08980872848102013,-0.045025284247530356,0.03075342588847796,0.38217557517651884,0.45041647057554723,0.2003168031749735,0.07527125170199614,0.07489936435887828,0.4485459533607552,-0.007115107445689803,ple,2020-08-31,val,high,mid
16191,0.08328190973430248,0.029986949723426637,0.09925010598266674,-0.03945690021655356,0.03561549874373193,0.40469971439007457,0.45951924468440186,0.21781210000062082,0.11257423298716569,0.11115245468074687,0.4460842845612377,-0.009073057134229867,ple,2020-09-30,val,high,mid
16195,0.09384288751512551,0.03270541334244381,0.11433900158379917,-0.05212530670139846,0.041235820584779925,0.3932085078381769,0.45259249570676185,0.232606289552746,0.08944546229676509,0.08958507500419287,0.4488459822194912,-0.007675193269073699,ple,2020-10-31,val,high,mid
16250,0.12121621730559382,0.06077827576263417,0.14591536083558862,-0.062489522903291926,0.07440740807552904,0.3952525540674679,0.45188722917320606,0.30369535301727474,0.10134088428633183,0.1056331556044469,0.4434809256203544,-0.0076003212753192224,ple,2020-11-30,val,high,mid
16358,0.10372613014145068,0.04752448686488764,0.12467110652030665,-0.04589711096687118,0.05489162466902742,0.4563462914684202,0.4882562675344777,0.2537591336871705,0.11093896620073652,0.11540127565804835,0.43746123384462016,-0.0066398651629971436,ple,2020-12-31,val,high,mid
16522,0.10307837439428419,0.04137537835126648,0.12463919101809644,-0.04859687986520338,0.048761656045490875,0.4436666856721541,0.47414584129108356,0.2283028966809467,0.07136919406959656,0.07996035085512611,0.42848189961918143,-0.013468219613786756,ple,2021-01-31,test,high,mid
16535,0.08924720740406922,0.0336676812182104,0.102632495909431,-0.02991489195584764,0.036693034361668375,0.4474456576714913,0.47859324060982444,0.208017842789601,0.09981966658971352,0.10630443513650913,0.42589153164233495,-0.01188714111877054,ple,2021-02-28,test,high,mid
16655,0.08795964861082962,0.03382426779332137,0.11195677828705244,-0.06345211452451976,0.04890836678452859,0.3781927498560927,0.4411108814630213,0.208875434265805,0.029620327998103345,0.036279582283017,0.4436620920451374,-0.012422291477993572,ple,2021-03-31,test,high,mid
16763,0.08827435674590045,0.035955753766271026,0.12130815335830503,-0.07209917705705272,0.05490667301983021,0.45817161805119716,0.49191491838313195,0.20098428469318608,0.03808679593715776,0.042657181912617345,0.4361383466913427,-0.007446237673843592,ple,2021-04-30,test,high,mid
16879,0.06244015798462291,0.01858990308808517,0.08432314685224557,-0.04403571250368112,0.025552718978397615,0.4969373179957805,0.5236375096122591,0.12716101384581133,0.05244456843019782,0.05434507176944987,0.42778539669362625,-0.007837780673252272,ple,2021-05-31,test,high,mid
17014,0.08085947596374579,0.031108748806034425,0.09856477322841344,-0.03606994968894477,0.035807536535298334,0.4908600488036181,0.5284352926879081,0.15801973806939631,0.0841267302371487,0.08586262290886532,0.42639095389918275,-0.010633340196199416,ple,2021-06-30,test,high,mid
17105,0.10412649235710172,0.06104272069435823,0.11924154902258514,-0.03132210726170348,0.06527994134639137,0.48256831953184515,0.5216000543908578,0.250017448433852,0.12083613772023333,0.12831290022532726,0.43188556521199917,-0.004735080688798245,ple,2021-07-31,test,high,mid
17181,0.08823972587279087,0.04996632293831749,0.09906954244596101,-0.02429270354941981,0.05300072384773402,0.4458053238550998,0.5084771335573114,0.21758764651424534,0.12680426513905682,0.13176228215261465,0.4358451454730614,-0.008085296712139554,ple,2021-08-31,test,high,mid
17229,0.09114481532675653,0.05332001762713612,0.10299411983101872,-0.026163965542267218,0.056812567731152286,0.4528864129986097,0.525210711473898,0.2516059366382987,0.1294284611599771,0.13669160341131031,0.444200863861637,-0.010330909718785175,ple,2021-09-30,test,high,mid
17281,0.11462243682319648,0.08283350124734645,0.13536269974205445,-0.04388099569605856,0.09226149452386312,0.47264795590568254,0.5485681316081759,0.36263645198503086,0.1425381627473718,0.15347636505221693,0.43890789424468274,-0.010871760560023194,ple,2021-10-31,test,high,mid
17352,0.10011132209673979,0.07468397275870331,0.12105782106596744,-0.05045265829438265,0.09038278470469119,0.4151713641528776,0.5136663914434969,0.35069988116271444,0.10032614242827784,0.1072785568598458,0.44266431045220156,-0.011148006155284117,ple,2021-11-30,test,high,mid
17409,0.06846669289027163,0.04741726661284262,0.06559605654457715,0.006701157040424738,0.047788142793618094,0.4283792080048288,0.5168448531497092,0.26765487034866936,0.19395033085048646,0.19948908308976743,0.44285964595754423,-0.004681418552096318,ple,2021-12-31,test,low,mid
17484,0.04093369194791597,0.017191832345329283,0.029284419931292906,0.02315501018458707,0.021300561384674066,0.5030994123410846,0.5737300020991186,0.1348618412506232,0.16658601740080364,0.17083385095801115,0.43696795093340424,-0.015247072031620047,ple,2022-01-31,test,low,mid
17519,0.06346636385146219,0.03667153434131587,0.05913885436386222,0.008389390378716688,0.03714180759859087,0.5158312216077728,0.5698290780881867,0.23310802190025864,0.18013197905733974,0.18536024549911503,0.4423487367960182,-0.012798124719913014,ple,2022-02-28,test,low,mid
17575,0.07706586514492703,0.051848187154986625,0.07484014892606002,0.004436532211211395,0.05197676995549416,0.5016792649992083,0.5648292065869008,0.2635785233349137,0.18082538997246664,0.18704483480125028,0.44077795576429346,-0.014561598558554352,ple,2022-03-31,test,low,mid
17734,0.017755392473720388,0.0026457798589015757,-0.006932299918688125,0.043063928133472464,0.013094651493456788,0.5732800852695136,0.6178522457457074,0.03092084269722226,0.13970390283259307,0.1380916320095761,0.43345195869619213,-0.009375309465645895,ple,2022-04-30,test,low,mid
17780,0.03403385681430185,0.008590131905163223,0.01509551571338759,0.032903250645462484,0.013959138686926442,0.575576598949731,0.6183296865041868,0.07778923515912596,0.12426846331411448,0.12473085529750103,0.439116993834804,-0.0007319953651129933,ple,2022-05-31,test,high,mid
17812,0.06256860752837626,0.02795594852220573,0.058139323723935064,0.00881118253778104,0.028370259910296736,0.5026889166632422,0.55058561292976,0.23461350554994168,0.1416137177526144,0.14686087753435068,0.4369541604432435,-0.011024934446680745,ple,2022-06-30,test,high,mid
17832,0.06046592372294595,0.030384773362301387,0.060868551589414344,-0.0007983524609205708,0.030388723057242828,0.5043234488235475,0.5666853451448416,0.21409746339468363,0.1304479817217763,0.13795697477772467,0.4368117818235186,-0.010840895713487259,ple,2022-07-31,test,low,mid
17946,0.03707480470929507,0.012668358375271471,0.02927696226752259,0.014914213662619203,0.014157985745959056,0.5228463677782387,0.5792515970596309,0.1134093768545278,0.13636922006380742,0.14041496365783462,0.4309701034497958,-0.012852194697390934,ple,2022-08-31,test,low,mid
18009,0.0005043361765087562,1.8312621277161156e-06,0.005723050613509709,-0.010059103193417098,0.000534248166097373,0.5188051396484181,0.5602930953202293,-0.0001738195063290043,0.027668914154113978,0.024458689681022962,0.4255706127773129,-0.008640328332164512,ple,2022-09-30,test,high,late
18025,0.024074296299161514,0.004411959971155954,0.029197030092758616,-0.00969828510566312,0.0049281930765592286,0.5282102699376722,0.5691647500937579,0.08294032817821313,0.0734380444845642,0.07398030615298805,0.43326395704299847,-0.009839822901423644,ple,2022-10-31,test,low,late
18108,0.030863872624189877,0.008254744285932425,0.030895787709345184,-6.534702104425524e-05,0.008254772463791027,0.488393880016075,0.5352073887888926,0.11790183278677889,0.09446164081928142,0.10019523868120685,0.4421977481612344,-0.010346629927741036,ple,2022-11-30,test,low,late
18163,0.029053830416856486,0.006257754745654154,0.02767452513243056,0.002567347523963901,0.0062925141678151775,0.5372491536695816,0.5735324938460966,0.09743341430322476,0.09175081646721622,0.09674604473124487,0.4376479965585053,-0.013412282578597189,ple,2022-12-31,test,high,late
18201,0.05239350763125216,0.020913126354820566,0.04225596222763919,0.01919933553646911,0.022938438423542262,0.5280154297190192,0.5626715932985124,0.18086446609739537,0.18258768554851637,0.18653149717686626,0.43324964666936344,-0.008006962415674895,ple,2023-01-31,test,low,late
18216,0.0543199443069885,0.020779540687576925,0.05264430469450229,0.003477951212022698,0.020844952641733472,0.48178928062389503,0.5321916044336571,0.21415666223014868,0.13900168195404017,0.142545093219056,0.43241939847632327,-0.001404902854204971,ple,2023-02-28,test,high,late
18275,0.06323574052457832,0.026805792266381356,0.06636712284068699,-0.006332664681061604,0.027008889636894517,0.4944809924125445,0.5410065124573992,0.2266643439286351,0.12722952768238133,0.1291736657634859,0.4403137879825271,-0.015307222727707,ple,2023-03-31,test,high,late
18380,0.05228168809861582,0.020796119536742763,0.030764137276991337,0.038600807429184626,0.028609894114284273,0.5574378427469414,0.5978291187381852,0.16768682874525206,0.2018779165517266,0.20285861199780983,0.4389807398644384,-0.009553688545820217,ple,2023-04-30,test,high,late
18479,0.05169103886043826,0.018906334973079364,0.032376699123661444,0.03481352842875082,0.024842510245092986,0.5547940874851778,0.5880464977589965,0.15765390840469423,0.16440524462816405,0.16783498961377957,0.4423674532598724,-0.007345025267178843,ple,2023-05-31,test,high,late
18513,0.05624414325519008,0.023665838024115926,0.048032390599203514,0.015036063702980513,0.024852721971593605,0.5461371285860591,0.5811593280977781,0.18487936078303857,0.1376718301271015,0.14245002011798202,0.4482930915131665,-0.006186762758249404,ple,2023-06-30,test,high,late
18570,0.09900990261351225,0.05753604429421033,0.10642876757451672,-0.014456017684962155,0.05843953864536833,0.5132025377029426,0.5714357124692254,0.35208309242298247,0.1611423832362966,0.16912786154942014,0.431508848974828,-0.009890231242273157,ple,2023-07-31,test,high,late
18659,0.08770499192390216,0.04973241830068087,0.07659448620932205,0.02048539030438093,0.051647501110507754,0.5423624128947716,0.5923421991005888,0.3266024298327947,0.21514742653680113,0.22342622268233733,0.42689615470322356,-0.009276823984496212,ple,2023-08-31,test,high,late
18706,0.06760064762063048,0.03600066023481441,0.06416941799992565,0.006479124279537855,0.03623861689721919,0.529582312773293,0.5845393322834869,0.27996985802930674,0.1746537443713832,0.18366077263160954,0.4346362087542745,-0.005280897102872958,ple,2023-09-30,test,low,late
18743,0.07567085073984443,0.038320369307471513,0.07093179408055403,0.009493942459001568,0.0387732762373878,0.49916635578456725,0.5530492859345437,0.28052829683261093,0.17347829027496814,0.1785741236486547,0.43715299863961266,-0.004347277787011925,ple,2023-10-31,test,high,late
18779,0.0863728872665136,0.05461550926728276,0.08485202445456339,0.002894341117673018,0.054659904228862244,0.5254608044169473,0.571505556122605,0.33222261592835406,0.1970916511897846,0.20464068154626328,0.4346069833587826,-0.009638571323941641,ple,2023-11-30,test,high,late
18828,0.08850756055452576,0.052577121129486204,0.07030980200328008,0.033037037004336564,0.05767998347036418,0.5508290149885003,0.5928277381767239,0.3225939770948923,0.25078234417457157,0.25784076889834484,0.43838149977453306,-0.010660661081756437,ple,2023-12-31,test,high,late
18910,0.05028997572248891,0.019686581071554854,0.031320109848264235,0.031608355085491674,0.02466241823180737,0.60015352975212,0.6636793040926802,0.1779581025611638,0.17804764177728508,0.184173685571008,0.4286155069947274,-0.01021256880197851,ple,2024-01-31,test,low,late
18929,0.07445039940122555,0.04363019226228504,0.061249311202622676,0.02230926148745895,0.046176080277669174,0.5917312953644159,0.6485034951798463,0.2608466186254942,0.21014865871445154,0.21858617007926626,0.4255568796983555,-0.003547319418392427,ple,2024-02-29,test,low,late
18964,0.0521421240912692,0.0203278795961207,0.04472234630680716,0.012584584628720037,0.021100370617096686,0.589592585163739,0.6419799133193757,0.1444471536290101,0.1251452612446648,0.12990390251581066,0.4243695305277546,-0.007633573071690617,ple,2024-03-31,test,high,late
19108,0.001330270438565137,1.2805878733312959e-05,-0.003401334113444965,0.008272167089491439,0.000345979883026315,0.5719909306497117,0.6471491162593854,-0.002459858399157111,0.023830089027758683,0.026811644770326545,0.41909989812936566,0.002125056391796036,ple,2024-04-30,test,high,late
19160,-0.014106548184192429,0.0014210982613994672,-0.018910371730525566,0.007874260058054623,0.0016990928409760242,0.6100666616182214,0.675839433590264,-0.06752908497814156,-0.032841016132282075,-0.032337567824903005,0.4227495636070366,-0.0049409375769521495,ple,2024-05-31,test,high,late
19204,-0.020272160793204475,0.0027814005129679353,-0.01095100437956733,-0.015220101488656448,0.003761194156937986,0.6124240643585891,0.68209873006655,-0.06876018802520728,-0.06966227814456415,-0.06861519892883483,0.4389950000575445,-0.004607176850245996,ple,2024-06-30,test,high,late
19289,-0.02516184226106256,0.005004159500527572,-0.006210195445898702,-0.029920461616557318,0.009241243290619261,0.6334008832493594,0.6945569250385477,-0.0766162805888716,-0.0786665794378031,-0.0780610460361815,0.43667691312943646,-0.004342832454619427,ple,2024-07-31,test,low,late
19353,-0.06295404461174292,0.026600036766121438,-0.014757496368298591,-0.0738884264755861,0.04765202092449261,0.6522881937315144,0.7059410749310915,-0.14041648397334125,-0.1699997982071285,-0.1696162011448862,0.436258091060551,-0.0011100898570848825,ple,2024-08-31,test,high,late
19391,-0.017303092688434687,0.002867693724046716,-0.024713815419364918,0.012469447514949694,0.003830960207207079,0.5943104313196272,0.6466845882523445,-0.04364780416520812,0.03264993215977401,0.03416730834962474,0.4382808355565116,-0.002732287234499701,ple,2024-09-30,test,low,late
19391,0.020661336568536515,0.00436369355695676,0.01638672627264757,0.0088461501338939,0.004976832547186061,0.4832170188372685,0.5564236110365998,0.11577825408517188,0.13668722134171055,0.13909927421755564,0.43970788930235416,-0.0008268319651668832,ple,2024-10-31,test,low,late
19405,0.02271952562028515,0.005120057471857398,0.029617136719643496,-0.01457111986020224,0.006754150151527694,0.4733754965666416,0.551465424816852,0.12940485941730875,0.09386370118459841,0.09685958596773804,0.44039851840219046,-0.0025641044231559163,ple,2024-11-30,test,low,late
19472,-0.009122810412262532,0.0006676740745463761,0.00636697264254554,-0.029615111113793453,0.005778951162585422,0.5230364659204856,0.5914495974341004,0.0018036435523932286,0.001710736887263464,0.0029349421776897256,0.4543414383584195,-0.0022396462967725003,ple,2024-12-31,test,low,late
19522,-0.015028336807831595,0.0017966326919334197,-0.014460084141891826,-0.0009969031364381467,0.0018019697058945239,0.5700179337080064,0.6301276844817435,-0.02881266690118511,0.029562407897405277,0.03132260011820508,0.4429145797704224,-0.010832913174478763,ple,2025-01-31,test,low,late
19574,-0.008404581903087323,0.000480309478893326,-0.01875238049461786,0.01969851886702814,0.00239071360256915,0.525308459045927,0.5861588215688305,-0.012034319057368683,0.0722310886359235,0.07482329532811728,0.4411423975080418,-0.010374825098044682,ple,2025-02-28,test,high,late
19600,-0.020100319464773062,0.0024753187572459368,-0.014775221410920079,-0.010462216141442453,0.002972200471102693,0.5089837546709527,0.5659187498950013,-0.04350680974972076,0.008557152601278277,0.008858922579317413,0.44487318623231725,-0.009694982977176624,ple,2025-03-31,test,high,late
19679,-0.027712085779025723,0.004483474305173929,-0.032803420685030255,0.008642050614097573,0.004768162703425727,0.5891350483063376,0.6382406481391691,-0.07367856135664157,0.007441305691683497,0.007175771143270511,0.4476540833790419,-0.01072535275820223,ple,2025-04-30,test,high,late
19682,-0.018540672137459274,0.002167992173011224,-0.021376935900247536,0.004854228324987127,0.0022658677705702512,0.5842872590453314,0.6308321078440298,-0.03797266866696571,0.049731606832393235,0.04878514715721677,0.44621014303402445,-0.007425208143230154,ple,2025-05-31,test,high,late
19659,-0.003982903645224012,9.643151182481269e-05,-0.001191143481132116,-0.004925784066603266,0.0001965461961151993,0.5667646259645585,0.617609381724002,0.02077857670324562,0.06948864041166879,0.06839454474408524,0.44815483290115044,-0.006391203492529656,ple,2025-06-30,test,high,late
