{
  "universe": "EM",
  "fm_characteristics": [
    "be_me",
    "ope_be",
    "at_gr1",
    "ret_12_1",
    "me"
  ],
  "market_long_only": {
    "ann_ret": 0.02405730336253864,
    "ann_vol": 0.19004268475095762,
    "sharpe": 0.12658894707820326,
    "se_sharpe": 0.05205488162479024,
    "max_dd": 0.6892592751398257,
    "n_obs": 372
  },
  "factors": {
    "value": {
      "long_short_scaled": {
        "ann_ret": 0.07599907680794105,
        "ann_vol": 0.13180521188659644,
        "sharpe": 0.57660145391921,
        "se_sharpe": 0.05599142163392862,
        "max_dd": 0.29183690269816115,
        "n_obs": 372
      },
      "long_short_unscaled": {
        "ann_ret": 0.16653398200916736,
        "ann_vol": 0.20526624434747973,
        "sharpe": 0.8113072002586775,
        "se_sharpe": 0.05977353512719135,
        "max_dd": 0.4078319650442892,
        "n_obs": 372
      },
      "long_only_scaled": {
        "ann_ret": 0.06753993368888045,
        "ann_vol": 0.12402588330778028,
        "sharpe": 0.5445632144483473,
        "se_sharpe": 0.05555861351454901,
        "max_dd": 0.5755150638176505,
        "n_obs": 372
      },
      "long_only_unscaled": {
        "ann_ret": 0.19748088429590482,
        "ann_vol": 0.25871559576459013,
        "sharpe": 0.7633126395503275,
        "se_sharpe": 0.05891772769455644,
        "max_dd": 0.610552726739528,
        "n_obs": 372
      }
    },
    "momentum": {
      "long_short_scaled": {
        "ann_ret": 0.04797532790402714,
        "ann_vol": 0.1409314838342162,
        "sharpe": 0.34041597092997755,
        "se_sharpe": 0.05332849902398159,
        "max_dd": 0.4995083290186718,
        "n_obs": 372
      },
      "long_short_unscaled": {
        "ann_ret": 0.013721684671913703,
        "ann_vol": 0.2370521067071004,
        "sharpe": 0.057884677181410174,
        "se_sharpe": 0.05189099715579874,
        "max_dd": 0.9081656421143173,
        "n_obs": 372
      },
      "long_only_scaled": {
        "ann_ret": 0.06810160325278836,
        "ann_vol": 0.1264959792808546,
        "sharpe": 0.5383697066100793,
        "se_sharpe": 0.05547742373568447,
        "max_dd": 0.44919646472812186,
        "n_obs": 372
      },
      "long_only_unscaled": {
        "ann_ret": 0.12157436550008471,
        "ann_vol": 0.20852547745228833,
        "sharpe": 0.5830192405525197,
        "se_sharpe": 0.05608067627221017,
        "max_dd": 0.6204352072580834,
        "n_obs": 372
      }
    },
    "profitability": {
      "long_short_scaled": {
        "ann_ret": 0.06202332771686314,
        "ann_vol": 0.10322817192682546,
        "sharpe": 0.600837218747118,
        "se_sharpe": 0.05633288831302604,
        "max_dd": 0.37940672922330554,
        "n_obs": 372
      },
      "long_short_unscaled": {
        "ann_ret": 0.04947825829344121,
        "ann_vol": 0.09348580935432682,
        "sharpe": 0.5292595596611926,
        "se_sharpe": 0.05535947628825279,
        "max_dd": 0.3781651602383864,
        "n_obs": 372
      },
      "long_only_scaled": {
        "ann_ret": 0.049629340878999395,
        "ann_vol": 0.11842561839903787,
        "sharpe": 0.4190760542349222,
        "se_sharpe": 0.05407612042338563,
        "max_dd": 0.6003537036568252,
        "n_obs": 372
      },
      "long_only_unscaled": {
        "ann_ret": 0.11974271690793659,
        "ann_vol": 0.21847731651598154,
        "sharpe": 0.5480784862129037,
        "se_sharpe": 0.05560505444082858,
        "max_dd": 0.6599604255401389,
        "n_obs": 372
      }
    },
    "investment": {
      "long_short_scaled": {
        "ann_ret": 0.053042640071252256,
        "ann_vol": 0.12348975981481274,
        "sharpe": 0.42953067647710924,
        "se_sharpe": 0.05418626529685432,
        "max_dd": 0.4274716697719244,
        "n_obs": 372
      },
      "long_short_unscaled": {
        "ann_ret": 0.08831945529862262,
        "ann_vol": 0.16729283836251121,
        "sharpe": 0.5279332705638056,
        "se_sharpe": 0.05534245218335496,
        "max_dd": 0.34932051377105494,
        "n_obs": 372
      },
      "long_only_scaled": {
        "ann_ret": 0.05503554325637916,
        "ann_vol": 0.12014891007123293,
        "sharpe": 0.4580611111973477,
        "se_sharpe": 0.05449943254108432,
        "max_dd": 0.5432525975288828,
        "n_obs": 372
      },
      "long_only_unscaled": {
        "ann_ret": 0.13561136638413118,
        "ann_vol": 0.23814370224645537,
        "sharpe": 0.5694518272155974,
        "se_sharpe": 0.055892987512899873,
        "max_dd": 0.6376455807074164,
        "n_obs": 372
      }
    },
    "size": {
      "long_short_scaled": {
        "ann_ret": 0.09000822529328922,
        "ann_vol": 0.1243404830485491,
        "sharpe": 0.7238851183982071,
        "se_sharpe": 0.05824505222235557,
        "max_dd": 0.2974353397635739,
        "n_obs": 372
      },
      "long_short_unscaled": {
        "ann_ret": 0.1595207252556503,
        "ann_vol": 0.18139320944279097,
        "sharpe": 0.8794194983686038,
        "se_sharpe": 0.06105456151125677,
        "max_dd": 0.34651647346775216,
        "n_obs": 372
      },
      "long_only_scaled": {
        "ann_ret": 0.08061247150380213,
        "ann_vol": 0.11235980939650426,
        "sharpe": 0.7174493436468052,
        "se_sharpe": 0.058137924169566625,
        "max_dd": 0.4474203205398973,
        "n_obs": 372
      },
      "long_only_unscaled": {
        "ann_ret": 0.2059357521979579,
        "ann_vol": 0.22930031597066824,
        "sharpe": 0.8981049647759792,
        "se_sharpe": 0.06141906694681456,
        "max_dd": 0.5555832697045985,
        "n_obs": 372
      }
    }
  },
  "fm_regression": {
    "n_months": 372,
    "n_chars": 5,
    "characteristics": [
      "be_me",
      "ope_be",
      "at_gr1",
      "ret_12_1",
      "me"
    ],
    "coefficients": [
      {
        "variable": "intercept",
        "mean_coef": 0.00863,
        "se": 0.00301,
        "t_stat": 2.8691,
        "p_value": 0.0044,
        "sig": "***"
      },
      {
        "variable": "be_me",
        "mean_coef": 0.01788,
        "se": 0.00286,
        "t_stat": 6.2484,
        "p_value": 0.0,
        "sig": "***"
      },
      {
        "variable": "ope_be",
        "mean_coef": 0.01274,
        "se": 0.00193,
        "t_stat": 6.6114,
        "p_value": 0.0,
        "sig": "***"
      },
      {
        "variable": "at_gr1",
        "mean_coef": -0.00685,
        "se": 0.00235,
        "t_stat": -2.9145,
        "p_value": 0.0038,
        "sig": "***"
      },
      {
        "variable": "ret_12_1",
        "mean_coef": 0.01501,
        "se": 0.00416,
        "t_stat": 3.605,
        "p_value": 0.0004,
        "sig": "***"
      },
      {
        "variable": "me",
        "mean_coef": -0.01377,
        "se": 0.00305,
        "t_stat": -4.5188,
        "p_value": 0.0,
        "sig": "***"
      }
    ]
  },
  "fm_portfolio": {
    "long_short_unscaled": {
      "ann_ret": 0.2238551142468863,
      "ann_vol": 0.18709386983362106,
      "sharpe": 1.196485563348261,
      "se_sharpe": 0.07415742203225001,
      "max_dd": 0.3436640652635369,
      "n_obs": 312
    },
    "long_short_scaled": {
      "ann_ret": 0.13915976484299875,
      "ann_vol": 0.12520745517475232,
      "sharpe": 1.1114335376337867,
      "se_sharpe": 0.07200521380447036,
      "max_dd": 0.26805752649197706,
      "n_obs": 312
    },
    "long_only_unscaled": {
      "ann_ret": 0.25584773189936305,
      "ann_vol": 0.19880450486155088,
      "sharpe": 1.2869312598199802,
      "se_sharpe": 0.0765459480276917,
      "max_dd": 0.5228082017200846,
      "n_obs": 312
    },
    "long_only_scaled": {
      "ann_ret": 0.12376227745343038,
      "ann_vol": 0.11349844840712417,
      "sharpe": 1.0904314480977695,
      "se_sharpe": 0.07148875587354359,
      "max_dd": 0.2841051238595798,
      "n_obs": 312
    },
    "rank_corr": 0.03249825093905097,
    "n_oos_months": 312
  }
}