{
  "universe": "EM",
  "fm_characteristics": [
    "be_me",
    "ope_be",
    "at_gr1",
    "ret_12_1",
    "me"
  ],
  "market_long_only": {
    "ann_ret": 0.030343337673885307,
    "ann_vol": 0.1160562266367409,
    "sharpe": 0.26145376730936437,
    "se_sharpe": 0.13128715577060648,
    "max_dd": 0.21434808384464585,
    "n_obs": 60
  },
  "factors": {
    "value": {
      "long_short_scaled": {
        "ann_ret": 0.08098851370245064,
        "ann_vol": 0.09709054126692565,
        "sharpe": 0.8341545185106487,
        "se_sharpe": 0.14988367046790355,
        "max_dd": 0.12208262830806867,
        "n_obs": 60
      },
      "long_short_unscaled": {
        "ann_ret": 0.1543338840646642,
        "ann_vol": 0.10650074602308877,
        "sharpe": 1.4491343002536852,
        "se_sharpe": 0.18484205465233775,
        "max_dd": 0.07049776557303754,
        "n_obs": 60
      },
      "long_only_scaled": {
        "ann_ret": 0.09784880909978755,
        "ann_vol": 0.0755242721722564,
        "sharpe": 1.2955942015119744,
        "se_sharpe": 0.17508484455142148,
        "max_dd": 0.10489941739147271,
        "n_obs": 60
      },
      "long_only_unscaled": {
        "ann_ret": 0.19588475251249804,
        "ann_vol": 0.13171810711795182,
        "sharpe": 1.4871512869303978,
        "se_sharpe": 0.1873414652049998,
        "max_dd": 0.12256331730084616,
        "n_obs": 60
      }
    },
    "momentum": {
      "long_short_scaled": {
        "ann_ret": 0.02692630425639808,
        "ann_vol": 0.1614683570947226,
        "sharpe": 0.16675901545590283,
        "se_sharpe": 0.12999386425378642,
        "max_dd": 0.29765033845271965,
        "n_obs": 60
      },
      "long_short_unscaled": {
        "ann_ret": 0.09024434021455519,
        "ann_vol": 0.13209422523402833,
        "sharpe": 0.6831815702364834,
        "se_sharpe": 0.14337413347342873,
        "max_dd": 0.18725731691988218,
        "n_obs": 60
      },
      "long_only_scaled": {
        "ann_ret": 0.1252460701464675,
        "ann_vol": 0.08655059195164459,
        "sharpe": 1.4470850784757414,
        "se_sharpe": 0.18470822090410463,
        "max_dd": 0.08566628509330768,
        "n_obs": 60
      },
      "long_only_unscaled": {
        "ann_ret": 0.18962646802074357,
        "ann_vol": 0.12051180158996719,
        "sharpe": 1.5735095278546587,
        "se_sharpe": 0.1931306171620947,
        "max_dd": 0.12979864690334592,
        "n_obs": 60
      }
    },
    "profitability": {
      "long_short_scaled": {
        "ann_ret": -0.037302232738436025,
        "ann_vol": 0.14055668499587776,
        "sharpe": -0.26538924661982477,
        "se_sharpe": 0.1313529422402812,
        "max_dd": 0.30755089754221276,
        "n_obs": 60
      },
      "long_short_unscaled": {
        "ann_ret": -0.001690475719429707,
        "ann_vol": 0.0667216736844529,
        "sharpe": -0.025336230734026265,
        "se_sharpe": 0.1291201612384051,
        "max_dd": 0.15253673320906952,
        "n_obs": 60
      },
      "long_only_scaled": {
        "ann_ret": 0.08115032973197556,
        "ann_vol": 0.09035025373910066,
        "sharpe": 0.8981748957375238,
        "se_sharpe": 0.15293566575887152,
        "max_dd": 0.1267308609694038,
        "n_obs": 60
      },
      "long_only_unscaled": {
        "ann_ret": 0.11425805534028144,
        "ann_vol": 0.11123097536903155,
        "sharpe": 1.027214361478059,
        "se_sharpe": 0.15956109969817142,
        "max_dd": 0.14616060928120506,
        "n_obs": 60
      }
    },
    "investment": {
      "long_short_scaled": {
        "ann_ret": 0.09248684672232232,
        "ann_vol": 0.09983437768828242,
        "sharpe": 0.9264027969513504,
        "se_sharpe": 0.15433249123778411,
        "max_dd": 0.14184084933655147,
        "n_obs": 60
      },
      "long_short_unscaled": {
        "ann_ret": 0.07489346151498477,
        "ann_vol": 0.09058877635066939,
        "sharpe": 0.8267410658586665,
        "se_sharpe": 0.14954098629854862,
        "max_dd": 0.10346760351534887,
        "n_obs": 60
      },
      "long_only_scaled": {
        "ann_ret": 0.09175333715734357,
        "ann_vol": 0.0822511000543523,
        "sharpe": 1.115527173456794,
        "se_sharpe": 0.16442832467675453,
        "max_dd": 0.08312026579249458,
        "n_obs": 60
      },
      "long_only_unscaled": {
        "ann_ret": 0.16062313459018696,
        "ann_vol": 0.1287757998330247,
        "sharpe": 1.2473083824636046,
        "se_sharpe": 0.17213798246765039,
        "max_dd": 0.14052458097180748,
        "n_obs": 60
      }
    },
    "size": {
      "long_short_scaled": {
        "ann_ret": 0.11772876725915915,
        "ann_vol": 0.11164387443325227,
        "sharpe": 1.0545027020675892,
        "se_sharpe": 0.1610376754227575,
        "max_dd": 0.16746038661934357,
        "n_obs": 60
      },
      "long_short_unscaled": {
        "ann_ret": 0.23475207012560828,
        "ann_vol": 0.19816912418697813,
        "sharpe": 1.1846046708270916,
        "se_sharpe": 0.1684064583615427,
        "max_dd": 0.2357982634784485,
        "n_obs": 60
      },
      "long_only_scaled": {
        "ann_ret": 0.1409496719876171,
        "ann_vol": 0.08081990487735391,
        "sharpe": 1.7439970042220603,
        "se_sharpe": 0.20497002932818253,
        "max_dd": 0.07806748825216854,
        "n_obs": 60
      },
      "long_only_unscaled": {
        "ann_ret": 0.3103217166326435,
        "ann_vol": 0.1517696776967533,
        "sharpe": 2.0446885131606365,
        "se_sharpe": 0.22694990482209676,
        "max_dd": 0.11132212442322383,
        "n_obs": 60
      }
    }
  },
  "fm_regression": {
    "n_months": 372,
    "n_chars": 5,
    "characteristics": [
      "be_me",
      "ope_be",
      "at_gr1",
      "ret_12_1",
      "me"
    ],
    "coefficients": [
      {
        "variable": "intercept",
        "mean_coef": 0.00863,
        "se": 0.00301,
        "t_stat": 2.8691,
        "p_value": 0.0044,
        "sig": "***"
      },
      {
        "variable": "be_me",
        "mean_coef": 0.01788,
        "se": 0.00286,
        "t_stat": 6.2484,
        "p_value": 0.0,
        "sig": "***"
      },
      {
        "variable": "ope_be",
        "mean_coef": 0.01274,
        "se": 0.00193,
        "t_stat": 6.6114,
        "p_value": 0.0,
        "sig": "***"
      },
      {
        "variable": "at_gr1",
        "mean_coef": -0.00685,
        "se": 0.00235,
        "t_stat": -2.9145,
        "p_value": 0.0038,
        "sig": "***"
      },
      {
        "variable": "ret_12_1",
        "mean_coef": 0.01501,
        "se": 0.00416,
        "t_stat": 3.605,
        "p_value": 0.0004,
        "sig": "***"
      },
      {
        "variable": "me",
        "mean_coef": -0.01377,
        "se": 0.00305,
        "t_stat": -4.5188,
        "p_value": 0.0,
        "sig": "***"
      }
    ]
  },
  "fm_portfolio": {
    "long_short_unscaled": {
      "ann_ret": 0.23917635471201137,
      "ann_vol": 0.20047016353260513,
      "sharpe": 1.1930770669177957,
      "se_sharpe": 0.1689041367069195,
      "max_dd": 0.20606715605903708,
      "n_obs": 60
    },
    "long_short_scaled": {
      "ann_ret": 0.11696593111494269,
      "ann_vol": 0.11227409748466168,
      "sharpe": 1.0417891012744234,
      "se_sharpe": 0.16034661755953805,
      "max_dd": 0.10893724704800203,
      "n_obs": 60
    },
    "long_only_unscaled": {
      "ann_ret": 0.28624812931637367,
      "ann_vol": 0.13437272502187422,
      "sharpe": 2.130254702133755,
      "se_sharpe": 0.23341638574235696,
      "max_dd": 0.11017165919000341,
      "n_obs": 60
    },
    "long_only_scaled": {
      "ann_ret": 0.14763657560666332,
      "ann_vol": 0.07286201359221492,
      "sharpe": 2.0262489097945795,
      "se_sharpe": 0.22556751842932604,
      "max_dd": 0.08124635719793322,
      "n_obs": 60
    },
    "rank_corr": 0.04099281842583551,
    "n_oos_months": 312
  }
}