Processed data found. Skipping preprocessing.
K0 characteristics, 55
K1 characteristics, 97
K0 missingness flags, 55
K1 missingness flags, 97
Countries, 24
applied tuned hyperparameters for linear from results1/transformer/transformer-hpt/best_params_linear.json
========================================================================================================
Variant linear  Seed 0
Architecture d_model=128  n_heads=2  n_layers=1  d_ff=256  dropout=0.22547650748636125
n_mlp_layers=1  lambda_aux=0.4576486650730741  top_k_attention=50  min_firms_attention=30
Optimiser lr=7.48e-04  wd=5.22e-07  grad_clip=3.9801140697258135  patience=15
Loss MSRR (1 - r_pf)^2 + lambda_aux (1 - r_base)^2  lambda_aux=0.4576486650730741
 Data train_months=252  val_months=60
 Model 224,004 trainable parameters
========================================================================================================
Epoch TrnTotal  TrnMain   TrnAux    ValLoss  Corr6m  Base6m   Adj6m         LR   GNorm
--------------------------------------------------------------------------------------------------------
    1 0.991950 0.621153 0.810221   0.962174  0.1356  0.1236  0.0950   1.50e-04  5.4518
    2 0.614541 0.366183 0.542683   1.618537  0.1353  0.1357  0.0811   2.99e-04 10.5313
    3 0.574411 0.373050 0.439990   1.041577  0.1307  0.1336  0.0632   4.49e-04 11.6122
    4 0.535806 0.359477 0.385292   1.283388  0.1049  0.1180  0.0575   5.98e-04 10.0939
    5 0.563924 0.380039 0.401803   1.383395  0.1287  0.1361  0.0673   7.48e-04  7.0268
    6 0.511314 0.345746 0.361779   1.607820  0.1246  0.1305  0.0972   7.48e-04  6.8429  *
    7 0.649485 0.450815 0.434112   1.253907  0.1258  0.1303  0.0876   7.48e-04  7.1066  *
    8 0.536752 0.356891 0.393011   1.571606  0.1200  0.1240  0.0753   7.48e-04  7.3369
    9 0.378987 0.264794 0.249520   1.599338  0.1257  0.1346  0.0272   7.48e-04  6.5293
   10 0.415777 0.278206 0.300602   1.618778  0.1174  0.1225  0.0679   7.48e-04  6.5226
   11 0.311608 0.206339 0.230022   1.473839  0.1091  0.1278 -0.0141   7.48e-04  3.8116
   12 0.356008 0.243222 0.246448   1.591629  0.1148  0.1263 -0.0448   7.48e-04  4.3642
   13 0.307720 0.201236 0.232676   1.552128  0.1132  0.1242 -0.0227   7.48e-04  3.8554
   14 0.359313 0.243656 0.252719   1.349022  0.1184  0.1230  0.0286   7.48e-04  4.3984
   15 0.257976 0.168471 0.195574   1.530274  0.1058  0.1233  0.0477   7.48e-04  3.0282
   16 0.299330 0.201499 0.213770   1.375766  0.1173  0.1262  0.0899   7.48e-04  3.0038
   17 0.280195 0.189564 0.198037   1.374394  0.1171  0.1301  0.0484   7.48e-04  3.6152
   18 0.313837 0.221504 0.201755   1.136755  0.1011  0.1313 -0.0465   7.48e-04  3.9129  *
   19 0.239096 0.164191 0.163674   1.201780  0.1208  0.1299 -0.0543   7.48e-04  3.1259
   20 0.296643 0.193502 0.225373   1.419341  0.1084  0.1233  0.0105   7.48e-04  3.5981
   21 0.254458 0.169674 0.185260   1.435242  0.1180  0.1308  0.0426   7.48e-04  2.9599
   22 0.234946 0.150193 0.185191   1.680185  0.1130  0.1305 -0.0706   7.48e-04  2.6637
   23 0.204604 0.131785 0.159116   1.198703  0.1102  0.1236  0.0105   7.48e-04  2.5856
   24 0.243800 0.163130 0.176270   0.896319  0.1172  0.1240 -0.0067   7.48e-04  2.9614  *
   25 0.260439 0.160297 0.218818   1.128803  0.1094  0.1267 -0.0761   7.48e-04  3.6217
   26 0.209103 0.131967 0.168550   1.003290  0.1162  0.1131  0.0639   7.48e-04  2.9958
   27 0.302835 0.198875 0.227163   1.281386  0.1057  0.1152  0.0072   7.48e-04  4.2049
   28 0.173943 0.105013 0.150619   1.517248  0.1184  0.1216  0.0807   7.48e-04  2.1025
   29 0.186525 0.104468 0.179302   1.658282  0.1097  0.1204  0.0361   7.48e-04  2.3024
   30 0.201819 0.128108 0.161065   1.625121  0.0959  0.1266 -0.0291   7.48e-04  1.9412
   31 0.190249 0.117017 0.160018   1.457028  0.1177  0.1261  0.0063   7.48e-04  2.3442
   32 0.172862 0.112039 0.132904   2.064511  0.1235  0.1228  0.0426   7.48e-04  2.1114
   33 0.152715 0.096780 0.122223   1.638587  0.1197  0.1186  0.0862   7.48e-04  1.7653
   34 0.136607 0.082202 0.118880   1.860686  0.1111  0.1127  0.0514   7.48e-04  1.5341
   35 0.168285 0.105683 0.136790   1.685224  0.1079  0.1113  0.0678   3.74e-04  1.9288
   36 0.136579 0.082924 0.117242   1.386401  0.1157  0.1165  0.0772   3.74e-04  1.6487
   37 0.124006 0.071071 0.115667   1.465703  0.1137  0.1215  0.0756   3.74e-04  1.4986
   38 0.117437 0.071037 0.101388   1.515172  0.1121  0.1148  0.0754   3.74e-04  1.5218
   39 0.111367 0.064590 0.102210   1.660945  0.1015  0.1149  0.0422   3.74e-04  1.4060
--------------------------------------------------------------------------------------------------------
Early stopping at epoch 39  (patience=15  best_epoch=24  best_val_loss=0.896319)
========================================================================================================
 Test Results  (linear, seed0)
--------------------------------------------------------------------------------------------------------
Test MSRR loss           0.530376
Test rank corr 6m         0.1134
Test base corr 6m         0.1231
Test adj corr 6m          0.0098
--------------------------------------------------------------------------------------------------------
Best val loss 0.896319  (epoch 24)
Stopped epoch 39
Training time 599.5 seconds
--------------------------------------------------------------------------------------------------------
Weights results1/transformer/weights_linear_seed0.safetensors
Metrics results1/transformer/metrics_linear_seed0.json
========================================================================================================

========================================================================================================
Variant linear  Seed 1
Architecture d_model=128  n_heads=2  n_layers=1  d_ff=256  dropout=0.22547650748636125
n_mlp_layers=1  lambda_aux=0.4576486650730741  top_k_attention=50  min_firms_attention=30
Optimiser lr=7.48e-04  wd=5.22e-07  grad_clip=3.9801140697258135  patience=15
Loss MSRR (1 - r_pf)^2 + lambda_aux (1 - r_base)^2  lambda_aux=0.4576486650730741
 Data train_months=252  val_months=60
 Model 224,004 trainable parameters
========================================================================================================
Epoch TrnTotal  TrnMain   TrnAux    ValLoss  Corr6m  Base6m   Adj6m         LR   GNorm
--------------------------------------------------------------------------------------------------------
    1 0.927716 0.590618 0.736587   0.916125  0.1259  0.1089  0.1245   1.50e-04  7.4751
    2 0.864582 0.557211 0.671630   0.624320  0.1052  0.1085  0.0547   2.99e-04 15.6898
    3 0.889812 0.605307 0.621667   0.804694  0.1181  0.1188  0.0965   4.49e-04 16.9907
    4 0.730793 0.489201 0.527899   0.863682  0.1186  0.1201  0.0183   5.98e-04 14.1449
    5 0.560669 0.372449 0.411275   1.221989  0.1251  0.1299  0.1020   7.48e-04  9.5373
    6 0.535346 0.372915 0.354925   0.810336  0.1306  0.1315  0.1076   7.48e-04 10.2422  *
    7 0.525686 0.364155 0.352960   1.061980  0.1207  0.1247  0.0910   7.48e-04  7.1932
    8 0.416570 0.289472 0.277719   0.818680  0.1225  0.1265  0.0763   7.48e-04  5.8825
    9 0.462005 0.321812 0.306333   1.058331  0.1310  0.1384  0.0682   7.48e-04  5.5016
   10 0.390974 0.271385 0.261311   1.178488  0.1272  0.1370  0.0854   7.48e-04  5.9835
   11 0.406688 0.279549 0.277809   1.233881  0.1226  0.1339  0.0773   7.48e-04  5.7310
   12 0.317272 0.216154 0.220951   0.719529  0.1149  0.1278  0.0616   7.48e-04  4.0636  *
   13 0.358468 0.245416 0.247027   0.776692  0.1113  0.1332  0.0317   7.48e-04  5.3821
   14 0.305094 0.205653 0.217288   0.625473  0.1126  0.1319  0.0617   7.48e-04  4.8472  *
   15 0.304334 0.207000 0.212684   0.675795  0.1033  0.1217  0.0491   7.48e-04  4.8913
   16 0.275412 0.182587 0.202832   1.189594  0.1235  0.1307  0.0555   7.48e-04  4.0863
   17 0.410097 0.283636 0.276328   0.737892  0.1272  0.1363  0.0738   7.48e-04  5.4765
   18 0.333373 0.223955 0.239088   0.677135  0.1093  0.1267  0.0663   7.48e-04  5.2727
   19 0.223571 0.151423 0.157649   0.918063  0.1242  0.1294  0.0811   7.48e-04  3.3514
   20 0.249289 0.163731 0.186951   0.662236  0.1205  0.1250  0.0848   7.48e-04  4.0080
   21 0.266807 0.182771 0.183625   0.757144  0.1253  0.1329  0.0784   7.48e-04  3.9806
   22 0.254891 0.174191 0.176336   0.837944  0.1166  0.1293  0.0779   7.48e-04  3.7073
   23 0.288754 0.205804 0.181252   0.910870  0.1140  0.1268  0.0778   7.48e-04  5.0700
   24 0.246532 0.164901 0.178371   0.679522  0.1149  0.1221  0.0845   7.48e-04  3.2880
   25 0.324891 0.218193 0.233145   0.655504  0.1132  0.1163  0.0852   3.74e-04  5.0217
   26 0.192035 0.120884 0.155469   0.753183  0.1178  0.1238  0.0902   3.74e-04  2.8185
   27 0.188079 0.131898 0.122760   0.725021  0.1183  0.1233  0.0860   3.74e-04  3.1684
   28 0.160134 0.105308 0.119798   0.746373  0.1212  0.1265  0.0914   3.74e-04  2.7492
   29 0.151554 0.097461 0.118197   0.733532  0.1207  0.1265  0.0926   3.74e-04  2.4632
--------------------------------------------------------------------------------------------------------
Early stopping at epoch 29  (patience=15  best_epoch=14  best_val_loss=0.625473)
========================================================================================================
 Test Results  (linear, seed1)
--------------------------------------------------------------------------------------------------------
Test MSRR loss           0.923382
Test rank corr 6m         0.1095
Test base corr 6m         0.1188
Test adj corr 6m          0.0772
--------------------------------------------------------------------------------------------------------
Best val loss 0.625473  (epoch 14)
Stopped epoch 29
Training time 446.5 seconds
--------------------------------------------------------------------------------------------------------
Weights results1/transformer/weights_linear_seed1.safetensors
Metrics results1/transformer/metrics_linear_seed1.json
========================================================================================================

========================================================================================================
Variant linear  Seed 2
Architecture d_model=128  n_heads=2  n_layers=1  d_ff=256  dropout=0.22547650748636125
n_mlp_layers=1  lambda_aux=0.4576486650730741  top_k_attention=50  min_firms_attention=30
Optimiser lr=7.48e-04  wd=5.22e-07  grad_clip=3.9801140697258135  patience=15
Loss MSRR (1 - r_pf)^2 + lambda_aux (1 - r_base)^2  lambda_aux=0.4576486650730741
 Data train_months=252  val_months=60
 Model 224,004 trainable parameters
========================================================================================================
Epoch TrnTotal  TrnMain   TrnAux    ValLoss  Corr6m  Base6m   Adj6m         LR   GNorm
--------------------------------------------------------------------------------------------------------
    1 0.987201 0.623663 0.794359   0.909413  0.1184  0.1082  0.1095   1.50e-04  7.4231
    2 0.788025 0.489539 0.652215   0.681326  0.1335  0.1228  0.0820   2.99e-04 13.4617
    3 0.520702 0.323445 0.431023   0.972902  0.1343  0.1300  0.1154   4.49e-04 11.4482
    4 0.708322 0.508906 0.435741   0.881997  0.1181  0.1200  0.0780   5.98e-04 16.8061
    5 0.657594 0.446721 0.460774   0.812910  0.1223  0.1254  0.0645   7.48e-04 12.1824
    6 0.515795 0.359283 0.341991   1.011945  0.1218  0.1225  0.1051   7.48e-04  7.6158  *
    7 0.496257 0.342476 0.336026   0.718572  0.1088  0.1096  0.0857   7.48e-04  7.2084  *
    8 0.622124 0.427662 0.424916   0.954407  0.1243  0.1235  0.0920   7.48e-04  8.7411
    9 0.562696 0.375426 0.409200   0.804757  0.1215  0.1217  0.0907   7.48e-04  7.7445
   10 0.469232 0.332990 0.297700   0.944824  0.1327  0.1367  0.0889   7.48e-04  6.5553
   11 0.503720 0.343906 0.349207   0.800892  0.1165  0.1251  0.0662   7.48e-04  6.3360
   12 0.351732 0.239427 0.245395   0.911081  0.1227  0.1209  0.0816   7.48e-04  4.4610
   13 0.370087 0.258240 0.244394   0.930384  0.1159  0.1223  0.0781   7.48e-04  5.5946
   14 0.394344 0.267443 0.277289   0.941071  0.0618  0.1227 -0.0984   7.48e-04  5.2064
   15 0.334019 0.227602 0.232531   0.931723  0.1151  0.1240  0.0332   7.48e-04  3.5904
   16 0.281803 0.189280 0.202170   1.165982  0.1131  0.1188  0.0559   7.48e-04  3.9042
   17 0.297782 0.200699 0.212135   0.772831  0.1132  0.1132  0.0909   7.48e-04  4.4346
   18 0.404804 0.275436 0.282678   0.861173  0.1069  0.1203  0.0696   3.74e-04  5.0891
   19 0.274131 0.182470 0.200287   0.802830  0.1054  0.1222  0.0627   3.74e-04  4.1775
   20 0.235674 0.155283 0.175661   0.870535  0.1073  0.1212  0.0775   3.74e-04  3.2808
   21 0.205640 0.139309 0.144939   0.784280  0.1109  0.1220  0.0883   3.74e-04  3.1097
   22 0.208305 0.133339 0.163808   1.041666  0.1141  0.1180  0.0772   3.74e-04  2.7434
--------------------------------------------------------------------------------------------------------
Early stopping at epoch 22  (patience=15  best_epoch=7  best_val_loss=0.718572)
========================================================================================================
 Test Results  (linear, seed2)
--------------------------------------------------------------------------------------------------------
Test MSRR loss           0.491280
Test rank corr 6m         0.1244
Test base corr 6m         0.1217
Test adj corr 6m          0.0952
--------------------------------------------------------------------------------------------------------
Best val loss 0.718572  (epoch 7)
Stopped epoch 22
Training time 331.6 seconds
--------------------------------------------------------------------------------------------------------
Weights results1/transformer/weights_linear_seed2.safetensors
Metrics results1/transformer/metrics_linear_seed2.json
========================================================================================================

========================================================================================================
Variant linear  Seed 3
Architecture d_model=128  n_heads=2  n_layers=1  d_ff=256  dropout=0.22547650748636125
n_mlp_layers=1  lambda_aux=0.4576486650730741  top_k_attention=50  min_firms_attention=30
Optimiser lr=7.48e-04  wd=5.22e-07  grad_clip=3.9801140697258135  patience=15
Loss MSRR (1 - r_pf)^2 + lambda_aux (1 - r_base)^2  lambda_aux=0.4576486650730741
 Data train_months=252  val_months=60
 Model 224,004 trainable parameters
========================================================================================================
Epoch TrnTotal  TrnMain   TrnAux    ValLoss  Corr6m  Base6m   Adj6m         LR   GNorm
--------------------------------------------------------------------------------------------------------
    1 0.963275 0.596619 0.801174   0.932690  0.1248  0.1189  0.1047   1.50e-04  5.7735
    2 0.685471 0.452228 0.509655   0.942228  0.1251  0.1284  0.0890   2.99e-04 15.7042
    3 0.540591 0.356084 0.403164   1.006255  0.1257  0.1296  0.0512   4.49e-04 11.4659
    4 0.569330 0.384888 0.403020   1.187603  0.1315  0.1317  0.1002   5.98e-04 10.7592
    5 0.500586 0.343208 0.343885   1.629171  0.1143  0.1217  0.0907   7.48e-04  9.5623
    6 0.500152 0.327557 0.377134   0.819790  0.1152  0.1192  0.0663   7.48e-04  7.8262  *
    7 0.657869 0.448841 0.456742   1.089025  0.1170  0.1228  0.0741   7.48e-04  8.2055
    8 0.384634 0.261066 0.270007   0.835589  0.1155  0.1256  0.0832   7.48e-04  5.5771
    9 0.437825 0.309736 0.279885   1.462175  0.1237  0.1275  0.0762   7.48e-04  6.7099
   10 0.380959 0.260510 0.263190   1.662136  0.1211  0.1286  0.0871   7.48e-04  5.6783
   11 0.416104 0.283769 0.289163   1.176087  0.1210  0.1283 -0.0348   7.48e-04  5.7877
   12 0.344617 0.236745 0.235710   1.065307  0.1201  0.1241  0.0706   7.48e-04  4.3548
   13 0.400954 0.271878 0.282041   3.262611  0.1221  0.1246 -0.0642   7.48e-04  5.9448
   14 0.374968 0.249930 0.273218   1.218667  0.1180  0.1240  0.0668   7.48e-04  5.3410
   15 0.411860 0.276338 0.296126   1.268955  0.1207  0.1288  0.0732   7.48e-04  5.1612
   16 0.439334 0.290679 0.324823   1.374201  0.1082  0.1326  0.0447   7.48e-04  7.0921
   17 0.334120 0.220981 0.247218   1.222519  0.1184  0.1281  0.0774   3.74e-04  4.5115
   18 0.246184 0.169373 0.167838   1.185880  0.1187  0.1276  0.0777   3.74e-04  3.6610
   19 0.245501 0.163352 0.179502   1.352755  0.1198  0.1295  0.0645   3.74e-04  4.3409
   20 0.296373 0.207277 0.194683   1.267227  0.1233  0.1304  0.0885   3.74e-04  5.8627
   21 0.235770 0.153829 0.179048   1.076884  0.1188  0.1265  0.0851   3.74e-04  4.0727
--------------------------------------------------------------------------------------------------------
Early stopping at epoch 21  (patience=15  best_epoch=6  best_val_loss=0.819790)
========================================================================================================
 Test Results  (linear, seed3)
--------------------------------------------------------------------------------------------------------
Test MSRR loss           0.470450
Test rank corr 6m         0.1238
Test base corr 6m         0.1221
Test adj corr 6m          0.0969
--------------------------------------------------------------------------------------------------------
Best val loss 0.819790  (epoch 6)
Stopped epoch 21
Training time 324.0 seconds
--------------------------------------------------------------------------------------------------------
Weights results1/transformer/weights_linear_seed3.safetensors
Metrics results1/transformer/metrics_linear_seed3.json
========================================================================================================

========================================================================================================
Variant linear  Seed 4
Architecture d_model=128  n_heads=2  n_layers=1  d_ff=256  dropout=0.22547650748636125
n_mlp_layers=1  lambda_aux=0.4576486650730741  top_k_attention=50  min_firms_attention=30
Optimiser lr=7.48e-04  wd=5.22e-07  grad_clip=3.9801140697258135  patience=15
Loss MSRR (1 - r_pf)^2 + lambda_aux (1 - r_base)^2  lambda_aux=0.4576486650730741
 Data train_months=252  val_months=60
 Model 224,004 trainable parameters
========================================================================================================
Epoch TrnTotal  TrnMain   TrnAux    ValLoss  Corr6m  Base6m   Adj6m         LR   GNorm
--------------------------------------------------------------------------------------------------------
    1 0.971397 0.614337 0.780205   0.909668  0.1135  0.0986  0.1135   1.50e-04  7.3934
    2 0.667565 0.393790 0.598221   0.705406  0.1285  0.1276  0.0870   2.99e-04 13.1157
    3 0.698597 0.445186 0.553725   0.793228  0.1324  0.1310  0.1012   4.49e-04 15.1001
    4 0.710349 0.471416 0.522089   1.550344  0.1253  0.1348  0.0884   5.98e-04 17.6807
    5 0.624477 0.415153 0.457390   0.955683  0.1196  0.1247  0.0919   7.48e-04  9.7474
    6 0.771081 0.567266 0.445351   0.993862  0.1211  0.1315  0.0890   7.48e-04 13.4472  *
    7 0.545710 0.379972 0.362150   1.107992  0.1153  0.1251 -0.0501   7.48e-04  8.7164
    8 0.444264 0.311322 0.290489   1.103586  0.1246  0.1310  0.0977   7.48e-04  6.0732
    9 0.435376 0.299136 0.297696   1.204341  0.1173  0.1216  0.0914   7.48e-04  7.8059
   10 0.336576 0.231661 0.229246   1.229214  0.1159  0.1290  0.0756   7.48e-04  4.6461
   11 0.615910 0.420433 0.427134   1.171548  0.1166  0.1253  0.0804   7.48e-04  6.3453
   12 0.346017 0.241547 0.228277   1.316661  0.1203  0.1227  0.0964   7.48e-04  4.7148
   13 0.379096 0.257410 0.265894   0.961348  0.1194  0.1260  0.0930   7.48e-04  5.4381  *
   14 0.511333 0.352642 0.346753   1.116558  0.1210  0.1263  0.0796   7.48e-04  7.2083
   15 0.441878 0.309994 0.288178   1.150582  0.1200  0.1325  0.0792   7.48e-04  6.8052
   16 0.363649 0.259259 0.228101   1.204058  0.1154  0.1249  0.0713   7.48e-04  6.0011
   17 0.285125 0.195134 0.196637   1.056942  0.1168  0.1280  0.0776   7.48e-04  3.8913
   18 0.258888 0.174540 0.184307   1.075406  0.1245  0.1320  0.0744   7.48e-04  3.4744
   19 0.258379 0.177754 0.176173   1.083834  0.1251  0.1324  0.0747   7.48e-04  4.1568
   20 0.212303 0.145375 0.146244   0.885564  0.1150  0.1243  0.0680   7.48e-04  2.8767  *
   21 0.301699 0.197069 0.228623   0.905541  0.0843  0.1163  0.0328   7.48e-04  4.8299
   22 0.309462 0.218176 0.199467   1.018211  0.1199  0.1329  0.0727   7.48e-04  4.4412
   23 0.257541 0.175930 0.178327   0.924258  0.1082  0.1193  0.0592   7.48e-04  4.2827
   24 0.231821 0.156962 0.163572   0.734400  0.0996  0.1232  0.0505   7.48e-04  3.3891  *
   25 0.260465 0.183467 0.168248   1.039897  0.1122  0.1231  0.0621   7.48e-04  4.5077
   26 0.202354 0.135777 0.145477   1.022078  0.1079  0.1200  0.0549   7.48e-04  3.1069
   27 0.215548 0.141418 0.161981   0.926768  0.1010  0.1191  0.0525   7.48e-04  3.2446
   28 0.205127 0.138514 0.145556   0.961700  0.1100  0.1257  0.0619   7.48e-04  2.8682
   29 0.217079 0.146383 0.154478   1.251148  0.1136  0.1327  0.0525   7.48e-04  3.4910
   30 0.200905 0.128447 0.158328   0.932156  0.0977  0.1229  0.0431   7.48e-04  2.9464
   31 0.201830 0.133760 0.148737   1.140968  0.0884  0.1213  0.0269   7.48e-04  3.1877
   32 0.217394 0.143479 0.161510   1.118148  0.1101  0.1272  0.0628   7.48e-04  3.4572
   33 0.206454 0.132948 0.160615   0.972692  0.1001  0.1285  0.0368   7.48e-04  3.4761
   34 0.181208 0.119962 0.133828   0.762422  0.1154  0.1265  0.0594   7.48e-04  2.9075
   35 0.190647 0.127182 0.138676   0.923056  0.1058  0.1192  0.0601   3.74e-04  2.7051
   36 0.135090 0.088090 0.102698   0.823926  0.1069  0.1196  0.0629   3.74e-04  2.1319
   37 0.114912 0.077025 0.082787   0.768070  0.1035  0.1180  0.0599   3.74e-04  1.8784
   38 0.126659 0.081466 0.098751   0.756999  0.0996  0.1198  0.0611   3.74e-04  2.1596
   39 0.122699 0.080867 0.091407   0.819170  0.1048  0.1196  0.0660   3.74e-04  2.1557
--------------------------------------------------------------------------------------------------------
Early stopping at epoch 39  (patience=15  best_epoch=24  best_val_loss=0.734400)
========================================================================================================
 Test Results  (linear, seed4)
--------------------------------------------------------------------------------------------------------
Test MSRR loss           1.453510
Test rank corr 6m         0.1191
Test base corr 6m         0.1229
Test adj corr 6m          0.0854
--------------------------------------------------------------------------------------------------------
Best val loss 0.734400  (epoch 24)
Stopped epoch 39
Training time 599.2 seconds
--------------------------------------------------------------------------------------------------------
Weights results1/transformer/weights_linear_seed4.safetensors
Metrics results1/transformer/metrics_linear_seed4.json
========================================================================================================

applied tuned hyperparameters for per_feature from results1/transformer/transformer-hpt/best_params_per_feature.json
========================================================================================================
Variant per_feature  Seed 0
Architecture d_model=96  n_heads=2  n_layers=2  d_ff=384  dropout=0.28614830534045776
n_mlp_layers=1  lambda_aux=0.4879639408647978  top_k_attention=50  min_firms_attention=30
Optimiser lr=2.31e-03  wd=1.15e-06  grad_clip=0.990942339314793  patience=15
Loss MSRR (1 - r_pf)^2 + lambda_aux (1 - r_base)^2  lambda_aux=0.4879639408647978
 Data train_months=252  val_months=60
 Model 304,228 trainable parameters
========================================================================================================
Epoch TrnTotal  TrnMain   TrnAux    ValLoss  Corr6m  Base6m   Adj6m         LR   GNorm
--------------------------------------------------------------------------------------------------------
    1 0.975117 0.622117 0.723415   1.041720  0.1204  0.1174  0.0912   4.62e-04 10.7729
    2 0.953481 0.632410 0.657981   0.861430  0.1194  0.1168  0.0745   9.25e-04 14.4963
    3 1.107373 0.734784 0.763557   0.907413  0.1051  0.1105 -0.0904   1.39e-03 14.6396
    4 1.408157 0.945393 0.948356   0.944894  0.1126  0.1128  0.0383   1.85e-03 14.8366
    5 1.205049 0.810615 0.808326   2.478003  0.0994  0.0996  0.0547   2.31e-03 16.3899
    6 1.294426 0.871490 0.866735   1.007807  0.0997  0.1002  0.0507   2.31e-03 12.9000  *
    7 1.025626 0.689503 0.688828   1.174808  0.1027  0.1025 -0.0401   2.31e-03 11.3656
    8 0.786725 0.528971 0.528223   1.107346  0.0988  0.0988  0.0450   2.31e-03  7.3759
    9 0.771123 0.516621 0.521560   1.495038  0.1064  0.1065  0.0599   2.31e-03 10.5947
   10 0.661458 0.444569 0.444478   1.932795  0.0938  0.0943 -0.0365   2.31e-03  5.2438
   11 0.715287 0.475525 0.491352   1.352100  0.1083  0.1082  0.0442   2.31e-03  6.8418
   12 0.669368 0.447400 0.454887   0.705474  0.1122  0.1122  0.0562   2.31e-03  5.3921  *
   13 0.623484 0.416533 0.424110   0.998230  0.1088  0.1087  0.0530   2.31e-03  6.0801
   14 0.653669 0.429627 0.459135   0.645914  0.1104  0.1103 -0.0692   2.31e-03  5.2975  *
   15 0.696602 0.472053 0.460175   0.870054  0.1205  0.1203 -0.0701   2.31e-03  4.9668
   16 0.597292 0.398674 0.407035   0.845727  0.1019  0.1017 -0.0781   2.31e-03  4.1689
   17 0.591974 0.397032 0.399499   0.784104  0.1100  0.1099 -0.0573   2.31e-03  3.9653
   18 0.500631 0.336143 0.337091   1.063991  0.1100  0.1099 -0.0782   2.31e-03  4.1244
   19 0.476649 0.318554 0.323988   1.106427  0.1147  0.1146 -0.0777   2.31e-03  4.0267
   20 0.638355 0.429421 0.428175   0.901751  0.1112  0.1111 -0.0721   2.31e-03  5.0855
   21 0.552634 0.371626 0.370947   0.750128  0.1173  0.1172 -0.0767   2.31e-03  5.5558
   22 0.459726 0.308123 0.310685   0.704804  0.1120  0.1119 -0.0781   2.31e-03  4.5274
   23 0.407958 0.273940 0.274648   3.338524  0.1139  0.1138 -0.0970   2.31e-03  3.9159
   24 0.471011 0.315715 0.318253   3.463906  0.1119  0.1116 -0.0779   2.31e-03  4.0920
   25 0.488170 0.323764 0.336921   1.330400  0.1120  0.1118 -0.0790   1.16e-03  4.6954
   26 0.578370 0.386659 0.392879   3.476787  0.1145  0.1144 -0.0775   1.16e-03  6.1370
   27 0.351626 0.234816 0.239381   2.322688  0.1193  0.1201  0.0795   1.16e-03  3.1506
   28 0.349897 0.234884 0.235701   1.874157  0.1159  0.1159  0.0800   1.16e-03  3.2196
   29 0.312662 0.209057 0.212320   3.681482  0.1129  0.1128 -0.0988   1.16e-03  2.7438
--------------------------------------------------------------------------------------------------------
Early stopping at epoch 29  (patience=15  best_epoch=14  best_val_loss=0.645914)
========================================================================================================
 Test Results  (per_feature, seed0)
--------------------------------------------------------------------------------------------------------
Test MSRR loss           3.067490
Test rank corr 6m         0.1084
Test base corr 6m         0.1083
Test adj corr 6m         -0.0735
--------------------------------------------------------------------------------------------------------
Best val loss 0.645914  (epoch 14)
Stopped epoch 29
Training time 535.4 seconds
--------------------------------------------------------------------------------------------------------
Weights results1/transformer/weights_per_feature_seed0.safetensors
Metrics results1/transformer/metrics_per_feature_seed0.json
========================================================================================================

========================================================================================================
Variant per_feature  Seed 1
Architecture d_model=96  n_heads=2  n_layers=2  d_ff=384  dropout=0.28614830534045776
n_mlp_layers=1  lambda_aux=0.4879639408647978  top_k_attention=50  min_firms_attention=30
Optimiser lr=2.31e-03  wd=1.15e-06  grad_clip=0.990942339314793  patience=15
Loss MSRR (1 - r_pf)^2 + lambda_aux (1 - r_base)^2  lambda_aux=0.4879639408647978
 Data train_months=252  val_months=60
 Model 304,228 trainable parameters
========================================================================================================
Epoch TrnTotal  TrnMain   TrnAux    ValLoss  Corr6m  Base6m   Adj6m         LR   GNorm
--------------------------------------------------------------------------------------------------------
    1 0.916203 0.577473 0.694170   0.849174  0.1126  0.1056  0.0795   4.62e-04  9.8866
    2 1.024879 0.658802 0.750215   1.411439  0.1093  0.1142  0.0457   9.25e-04 12.2253
    3 0.861348 0.581590 0.573317   1.184354  0.1094  0.1095  0.0731   1.39e-03 10.4525
    4 0.958479 0.649567 0.633063   1.307277  0.1110  0.1108  0.0779   1.85e-03 10.6270
    5 1.524624 1.026645 1.020525   1.481601  0.1303  0.1302  0.0896   2.31e-03 11.5135
    6 0.981124 0.659267 0.659590  16.946034  0.1190  0.1189  0.0908   2.31e-03  8.1951  *
    7 1.197499 0.798765 0.817139  17.289334  0.1032  0.1031  0.0870   2.31e-03  9.4725
    8 2.025479 1.346281 1.391903  21.980449  0.1099  0.1099  0.0607   2.31e-03 14.9563
    9 1.269897 0.848467 0.863650  19.977425  0.1062  0.1061  0.0755   2.31e-03  8.1599
   10 1.284944 0.855670 0.879724  16.528393  0.1056  0.1055  0.0548   2.31e-03  7.1246  *
   11 1.424635 0.957779 0.956743  16.280773  0.1013  0.1012  0.0464   2.31e-03  9.0711  *
   12 1.705844 1.147822 1.143571  14.413880  0.1047  0.1045 -0.0435   2.31e-03 11.3570  *
   13 1.496620 0.998129 1.021573   4.116268  0.1030  0.1028 -0.0416   2.31e-03 10.6468  *
   14 1.583302 1.070452 1.051000   0.989850  0.1049  0.1048 -0.0410   2.31e-03 12.3715  *
   15 0.868823 0.579141 0.593653   0.873207  0.1093  0.1093  0.0693   2.31e-03  6.0743  *
   16 1.214060 0.816209 0.815328   1.044226  0.1129  0.1128  0.0749   2.31e-03  7.5644
   17 1.162207 0.779643 0.784001   0.770827  0.1092  0.1092 -0.0507   2.31e-03  7.0616  *
   18 0.921460 0.614856 0.628332   0.870503  0.1107  0.1106 -0.0710   2.31e-03  5.3718
   19 1.126377 0.756729 0.757531   0.918380  0.1113  0.1113 -0.0087   2.31e-03  7.4230
   20 0.823767 0.549169 0.562743   0.981881  0.1148  0.1147  0.0211   2.31e-03  4.7212
   21 0.999286 0.668901 0.677069   1.242888  0.1153  0.1152  0.0813   2.31e-03  6.8595
   22 0.857201 0.569621 0.589348   1.262725  0.1148  0.1148  0.0927   2.31e-03  5.3043
   23 0.928777 0.618927 0.634985   1.463142  0.1193  0.1192  0.0481   2.31e-03  5.5510
   24 0.786231 0.526314 0.532658   1.316388  0.1232  0.1232 -0.0937   2.31e-03  4.3059
   25 0.655525 0.435618 0.450661   1.002707  0.1221  0.1221  0.0798   2.31e-03  5.8128
   26 0.740378 0.477687 0.538339   1.156877  0.1262  0.1262 -0.0787   2.31e-03  5.6936
   27 0.729789 0.483768 0.504180   1.169538  0.1317  0.1317 -0.0540   2.31e-03  5.9493
   28 0.693695 0.463538 0.471668   0.982651  0.1288  0.1288 -0.0947   1.16e-03  4.6080
   29 0.572062 0.381857 0.389793   1.104700  0.1330  0.1330  0.0925   1.16e-03  6.0413
   30 0.547013 0.365662 0.371647   0.984165  0.1323  0.1323  0.0907   1.16e-03  4.3567
   31 0.512421 0.342652 0.347912   0.913584  0.1314  0.1314  0.0727   1.16e-03  5.1465
   32 0.397441 0.266564 0.268211   1.078861  0.1340  0.1339 -0.0471   1.16e-03  4.3866
--------------------------------------------------------------------------------------------------------
Early stopping at epoch 32  (patience=15  best_epoch=17  best_val_loss=0.770827)
========================================================================================================
 Test Results  (per_feature, seed1)
--------------------------------------------------------------------------------------------------------
Test MSRR loss           0.879531
Test rank corr 6m         0.1168
Test base corr 6m         0.1168
Test adj corr 6m         -0.0794
--------------------------------------------------------------------------------------------------------
Best val loss 0.770827  (epoch 17)
Stopped epoch 32
Training time 592.3 seconds
--------------------------------------------------------------------------------------------------------
Weights results1/transformer/weights_per_feature_seed1.safetensors
Metrics results1/transformer/metrics_per_feature_seed1.json
========================================================================================================

========================================================================================================
Variant per_feature  Seed 2
Architecture d_model=96  n_heads=2  n_layers=2  d_ff=384  dropout=0.28614830534045776
n_mlp_layers=1  lambda_aux=0.4879639408647978  top_k_attention=50  min_firms_attention=30
Optimiser lr=2.31e-03  wd=1.15e-06  grad_clip=0.990942339314793  patience=15
Loss MSRR (1 - r_pf)^2 + lambda_aux (1 - r_base)^2  lambda_aux=0.4879639408647978
 Data train_months=252  val_months=60
 Model 304,228 trainable parameters
========================================================================================================
Epoch TrnTotal  TrnMain   TrnAux    ValLoss  Corr6m  Base6m   Adj6m         LR   GNorm
--------------------------------------------------------------------------------------------------------
    1 1.084585 0.694303 0.799816   0.903935  0.1244  0.1216  0.1013   4.62e-04  9.2144
    2 1.038820 0.707241 0.679516   1.883297  0.1066  0.1151  0.0759   9.25e-04 13.5064
    3 0.764851 0.514382 0.513294   1.971985  0.1205  0.1210  0.0088   1.39e-03 11.3733
    4 1.019071 0.705648 0.642306   2.753931  0.1072  0.1074 -0.0920   1.85e-03 10.0782
    5 1.488420 1.002124 0.996583   1.328214  0.1172  0.1174 -0.0620   2.31e-03 13.8720
    6 2.389957 1.607691 1.603121   1.676191  0.1185  0.1185 -0.0151   2.31e-03 10.3963  *
    7 1.257568 0.844775 0.845951   2.608180  0.1319  0.1319  0.1050   2.31e-03 14.8461
    8 1.054147 0.697834 0.730204   1.841259  0.1208  0.1204  0.0819   2.31e-03  6.8424
    9 1.201007 0.806991 0.807469   1.502728  0.1176  0.1176 -0.0513   2.31e-03 12.9820  *
   10 1.130664 0.763327 0.752795   1.554531  0.1160  0.1160  0.0765   2.31e-03  8.6843
   11 0.884913 0.592363 0.599534   1.185368  0.1199  0.1199  0.0451   2.31e-03  8.3779  *
   12 0.997343 0.665921 0.679195   6.676329  0.1181  0.1181  0.0548   2.31e-03  8.8111
   13 0.767063 0.517852 0.510715   1.377798  0.1186  0.1186  0.0674   2.31e-03  7.8120
   14 0.860840 0.578253 0.579114   1.532287  0.1151  0.1151  0.0824   2.31e-03  7.6189
   15 0.716630 0.480727 0.483443   1.356480  0.1288  0.1288  0.0861   2.31e-03  5.5464
   16 0.546385 0.366569 0.368503   1.811388  0.1205  0.1205  0.0636   2.31e-03  3.7606
   17 0.599361 0.401780 0.404909   1.566779  0.1201  0.1200  0.0538   2.31e-03  5.0312
   18 0.577576 0.388091 0.388318   2.059841  0.1269  0.1269 -0.0647   2.31e-03  3.9646
   19 0.981642 0.659156 0.660882   1.507179  0.1262  0.1262 -0.0429   2.31e-03  4.6817
   20 0.470143 0.314554 0.318853   1.327074  0.1155  0.1155 -0.0947   2.31e-03  3.8061
   21 0.497447 0.334885 0.333144   1.567641  0.1324  0.1323 -0.0697   2.31e-03  4.9505
   22 0.398191 0.267213 0.268417   1.221823  0.1298  0.1298 -0.0663   1.16e-03  3.0096
   23 0.440719 0.295799 0.296988   1.397570  0.1294  0.1293 -0.0471   1.16e-03  3.8873
   24 0.358800 0.240551 0.242331   1.087226  0.1282  0.1281 -0.0892   1.16e-03  2.9672  *
   25 0.362420 0.242540 0.245673   1.200466  0.1367  0.1367 -0.0720   1.16e-03  3.7617
   26 0.309785 0.207409 0.209802   0.968390  0.1339  0.1339 -0.0695   1.16e-03  3.3875  *
   27 0.300141 0.201892 0.201346   1.288686  0.1438  0.1437 -0.0955   1.16e-03  2.7104
   28 0.293706 0.196521 0.199164   0.971153  0.1263  0.1262 -0.0219   1.16e-03  2.5303
   29 0.280337 0.187552 0.190147   1.108160  0.1307  0.1306  0.1100   1.16e-03  2.3787
   30 0.264757 0.177613 0.178589   1.405341  0.1361  0.1361  0.0885   1.16e-03  1.9086
   31 0.311720 0.208992 0.210524   1.437124  0.1377  0.1378 -0.0397   1.16e-03  2.7761
   32 0.257680 0.172829 0.173888   1.288233  0.1307  0.1307  0.0616   1.16e-03  2.2415
   33 0.260441 0.174644 0.175827   1.518671  0.1341  0.1340 -0.0707   1.16e-03  2.3658
   34 0.276840 0.202706 0.151925   1.414955  0.1334  0.1334 -0.0677   1.16e-03  2.0368
   35 0.675137 0.608886 0.135769   1.366703  0.1327  0.1327 -0.0173   1.16e-03  1.1187
   36 0.942248 0.882864 0.121698   1.286684  0.1305  0.1304  0.0532   1.16e-03  0.7176
   37 0.969793 0.909683 0.123185   1.478164  0.1293  0.1293  0.0638   5.78e-04  0.6400
   38 0.978628 0.908144 0.144445   1.511069  0.1268  0.1268  0.0612   5.78e-04  0.7078
   39 0.984364 0.926311 0.118971   1.434115  0.1293  0.1294  0.0574   5.78e-04  0.6884
   40 0.974427 0.924772 0.101760   1.423168  0.1313  0.1324  0.0524   5.78e-04  0.5457
   41 1.049418 0.978921 0.144471   1.487780  0.1290  0.1294  0.0397   5.78e-04  0.6471
--------------------------------------------------------------------------------------------------------
Early stopping at epoch 41  (patience=15  best_epoch=26  best_val_loss=0.968390)
========================================================================================================
 Test Results  (per_feature, seed2)
--------------------------------------------------------------------------------------------------------
Test MSRR loss           0.949921
Test rank corr 6m         0.1299
Test base corr 6m         0.1299
Test adj corr 6m         -0.0545
--------------------------------------------------------------------------------------------------------
Best val loss 0.968390  (epoch 26)
Stopped epoch 41
Training time 715.4 seconds
--------------------------------------------------------------------------------------------------------
Weights results1/transformer/weights_per_feature_seed2.safetensors
Metrics results1/transformer/metrics_per_feature_seed2.json
========================================================================================================

========================================================================================================
Variant per_feature  Seed 3
Architecture d_model=96  n_heads=2  n_layers=2  d_ff=384  dropout=0.28614830534045776
n_mlp_layers=1  lambda_aux=0.4879639408647978  top_k_attention=50  min_firms_attention=30
Optimiser lr=2.31e-03  wd=1.15e-06  grad_clip=0.990942339314793  patience=15
Loss MSRR (1 - r_pf)^2 + lambda_aux (1 - r_base)^2  lambda_aux=0.4879639408647978
 Data train_months=252  val_months=60
 Model 304,228 trainable parameters
========================================================================================================
Epoch TrnTotal  TrnMain   TrnAux    ValLoss  Corr6m  Base6m   Adj6m         LR   GNorm
--------------------------------------------------------------------------------------------------------
    1 0.868834 0.526585 0.701381   1.042522  0.1166  0.1122  0.0807   4.62e-04  7.8016
    2 1.478161 0.991348 0.997640   1.186975  0.1057  0.1166  0.0146   9.25e-04 18.7793
    3 1.518437 0.961707 1.140924   1.513497  0.1094  0.1096 -0.0718   1.39e-03 18.6829
    4 0.956971 0.644530 0.640296   3.232010  0.1119  0.1119  0.0611   1.85e-03  8.1179
    5 0.880101 0.590367 0.593761   1.485139  0.1190  0.1193  0.0736   2.31e-03  8.6639
    6 1.905901 1.280596 1.281457   1.732302  0.1155  0.1153  0.0885   2.31e-03 10.7308  *
    7 1.007311 0.677292 0.676318   1.283798  0.1204  0.1209  0.0388   2.31e-03  6.1853  *
    8 1.012367 0.676180 0.688958   1.599688  0.1248  0.1248 -0.0776   2.31e-03  9.1497
    9 1.358238 0.907448 0.923819   1.130827  0.1236  0.1235 -0.0777   2.31e-03  9.8107  *
   10 1.046050 0.693960 0.721548   1.075453  0.1226  0.1224 -0.0712   2.31e-03  6.1808  *
   11 0.896897 0.633442 0.539908   1.603593  0.1249  0.1249 -0.0841   2.31e-03  9.2265
   12 0.763888 0.510505 0.519266   1.568783  0.1245  0.1245 -0.0807   2.31e-03  5.3622
   13 0.638181 0.430692 0.425214   1.131159  0.1239  0.1238 -0.0774   2.31e-03  4.5907
   14 0.589695 0.391197 0.406788   1.236937  0.1158  0.1157 -0.0646   2.31e-03  4.6799
   15 1.020480 0.680639 0.696447   1.208837  0.1211  0.1210  0.0802   2.31e-03  7.2023
   16 0.967666 0.644631 0.662005   1.232978  0.1221  0.1221 -0.0709   2.31e-03 11.0993
   17 0.849444 0.570296 0.572067   1.102303  0.1244  0.1241 -0.0613   2.31e-03  6.7434
   18 0.908437 0.608500 0.614669   1.267549  0.1204  0.1203 -0.0198   2.31e-03  6.2368
   19 0.655308 0.437691 0.445969   1.122363  0.1144  0.1143 -0.0642   2.31e-03  4.2060
   20 0.552106 0.369476 0.374270   1.187561  0.1265  0.1264 -0.0646   2.31e-03  4.8206
   21 0.683884 0.456595 0.465791   1.325027  0.1156  0.1155 -0.0746   1.16e-03  3.8197
   22 0.684370 0.454485 0.471110   1.404209  0.1170  0.1169  0.0762   1.16e-03  5.9304
   23 0.520040 0.346067 0.356528   1.238238  0.1172  0.1172  0.0037   1.16e-03  3.8979
   24 0.560337 0.374932 0.379957   1.340607  0.1209  0.1209  0.0767   1.16e-03  4.8429
   25 0.586470 0.390935 0.400715   1.314010  0.1202  0.1201 -0.0225   1.16e-03  4.5319
--------------------------------------------------------------------------------------------------------
Early stopping at epoch 25  (patience=15  best_epoch=10  best_val_loss=1.075453)
========================================================================================================
 Test Results  (per_feature, seed3)
--------------------------------------------------------------------------------------------------------
Test MSRR loss           0.632634
Test rank corr 6m         0.1215
Test base corr 6m         0.1215
Test adj corr 6m         -0.0790
--------------------------------------------------------------------------------------------------------
Best val loss 1.075453  (epoch 10)
Stopped epoch 25
Training time 462.9 seconds
--------------------------------------------------------------------------------------------------------
Weights results1/transformer/weights_per_feature_seed3.safetensors
Metrics results1/transformer/metrics_per_feature_seed3.json
========================================================================================================

========================================================================================================
Variant per_feature  Seed 4
Architecture d_model=96  n_heads=2  n_layers=2  d_ff=384  dropout=0.28614830534045776
n_mlp_layers=1  lambda_aux=0.4879639408647978  top_k_attention=50  min_firms_attention=30
Optimiser lr=2.31e-03  wd=1.15e-06  grad_clip=0.990942339314793  patience=15
Loss MSRR (1 - r_pf)^2 + lambda_aux (1 - r_base)^2  lambda_aux=0.4879639408647978
 Data train_months=252  val_months=60
 Model 304,228 trainable parameters
========================================================================================================
Epoch TrnTotal  TrnMain   TrnAux    ValLoss  Corr6m  Base6m   Adj6m         LR   GNorm
--------------------------------------------------------------------------------------------------------
    1 1.052405 0.686044 0.750795   0.943155  0.1139  0.1076  0.1130   4.62e-04  9.1792
    2 1.053219 0.691198 0.741902   0.911016  0.1057  0.1065  0.0065   9.25e-04 15.1252
    3 0.884417 0.592429 0.598381   1.329587  0.0833  0.0836  0.0325   1.39e-03 11.4312
    4 1.079826 0.728266 0.720463   4.610458  0.1043  0.1043  0.0228   1.85e-03 12.3010
    5 1.314750 0.884509 0.881706   1.080306  0.1056  0.1055  0.0729   2.31e-03 12.8061
    6 0.771447 0.517811 0.519785   1.344572  0.1104  0.1104  0.0777   2.31e-03  8.0897  *
    7 1.107704 0.743299 0.746788  18.662301  0.1155  0.1155  0.0902   2.31e-03  8.8452
    8 0.911396 0.612611 0.612311   2.878460  0.1128  0.1128  0.0794   2.31e-03  7.3166
    9 0.710337 0.480001 0.472035   2.555099  0.1061  0.1061  0.0749   2.31e-03  6.3249
   10 0.851059 0.574088 0.567605   1.653494  0.1158  0.1158  0.0839   2.31e-03 10.4517
   11 0.858037 0.574125 0.581829   5.233437  0.1158  0.1157  0.0836   2.31e-03  6.6660
   12 0.717938 0.481427 0.484689   1.086359  0.1176  0.1175  0.1005   2.31e-03  6.6619  *
   13 0.621918 0.417759 0.418390   1.351643  0.1183  0.1183  0.0958   2.31e-03  5.7283
   14 0.857935 0.572460 0.585033   2.522496  0.1363  0.1362  0.0994   2.31e-03  8.6392
   15 0.543269 0.362159 0.371155   1.350051  0.1191  0.1190  0.0937   2.31e-03  5.1999
   16 0.548347 0.369582 0.366349   0.785512  0.1182  0.1182  0.0935   2.31e-03  6.7015  *
   17 0.538433 0.361403 0.362792   1.288081  0.1153  0.1154 -0.0676   2.31e-03  4.1472
   18 0.960965 0.646281 0.644893   0.904595  0.1273  0.1273  0.0939   2.31e-03  5.7543
   19 0.637909 0.426786 0.432659   0.825206  0.1177  0.1177  0.0718   2.31e-03  5.6204
   20 0.547081 0.368000 0.366997   0.913366  0.1206  0.1205  0.0769   2.31e-03  4.4565
   21 0.490126 0.327723 0.332816   0.871346  0.1208  0.1208  0.0819   2.31e-03  5.4084
   22 0.489109 0.327413 0.331369   0.932514  0.1202  0.1202  0.0143   2.31e-03  4.7305
   23 0.669047 0.449047 0.450853   0.867605  0.1158  0.1158 -0.0651   2.31e-03  5.4407
   24 0.530356 0.354626 0.360131   0.850706  0.1243  0.1242 -0.0927   2.31e-03  4.4649
   25 0.520367 0.349855 0.349436   0.784183  0.1193  0.1192  0.0115   2.31e-03  3.3698  *
   26 0.507554 0.342292 0.338677   0.737723  0.1194  0.1194  0.0379   2.31e-03  3.9452  *
   27 0.452094 0.302228 0.307126   0.735306  0.1109  0.1108 -0.0249   2.31e-03  3.8926  *
   28 0.401720 0.266998 0.276091   0.753770  0.1245  0.1244  0.0939   2.31e-03  4.4724
   29 0.612975 0.405438 0.425311   0.793915  0.1202  0.1202 -0.0843   2.31e-03  5.4317
   30 0.483425 0.323441 0.327860   0.923178  0.1253  0.1252  0.0969   2.31e-03  4.4107
   31 0.614538 0.413140 0.412731   0.867147  0.1193  0.1192  0.0957   2.31e-03  3.8918
   32 0.571891 0.387786 0.377292   0.816036  0.1214  0.1214  0.0818   2.31e-03  4.7692
   33 0.367136 0.249418 0.241242   1.160380  0.1122  0.1121  0.0866   2.31e-03  3.9329
   34 0.838229 0.620253 0.446706   0.763903  0.1123  0.1168 -0.0163   2.31e-03  3.7663
   35 1.147167 1.000000 0.301594   0.810063  0.1172  0.1228 -0.0266   2.31e-03  1.3431
   36 1.115218 1.000000 0.236119   0.945348  0.1159  0.1226 -0.0257   2.31e-03  1.0197
   37 1.096592 1.000000 0.197949   0.869530  0.1158  0.1192 -0.0232   2.31e-03  0.8215
   38 1.089934 1.000000 0.184304   0.889077  0.1220  0.1232 -0.0220   1.16e-03  1.0180
   39 1.089479 1.000000 0.183372   0.962214  0.1175  0.1208 -0.0195   1.16e-03  0.9833
   40 1.072481 1.000000 0.148538   0.920668  0.1190  0.1230 -0.0184   1.16e-03  0.7177
   41 1.147102 1.000000 0.301460   1.011237  0.1168  0.1200 -0.0159   1.16e-03  1.1732
   42 1.116746 1.000000 0.239252   1.075569  0.1203  0.1214 -0.0184   1.16e-03  0.8215
--------------------------------------------------------------------------------------------------------
Early stopping at epoch 42  (patience=15  best_epoch=27  best_val_loss=0.735306)
========================================================================================================
 Test Results  (per_feature, seed4)
--------------------------------------------------------------------------------------------------------
Test MSRR loss           1.632482
Test rank corr 6m         0.1119
Test base corr 6m         0.1119
Test adj corr 6m         -0.0334
--------------------------------------------------------------------------------------------------------
Best val loss 0.735306  (epoch 27)
Stopped epoch 42
Training time 722.2 seconds
--------------------------------------------------------------------------------------------------------
Weights results1/transformer/weights_per_feature_seed4.safetensors
Metrics results1/transformer/metrics_per_feature_seed4.json
========================================================================================================

applied tuned hyperparameters for ple from results1/transformer/transformer-hpt/best_params_ple.json
========================================================================================================
Variant ple  Seed 0
Architecture d_model=128  n_heads=2  n_layers=3  d_ff=512  dropout=0.18821116170379312
n_mlp_layers=2  lambda_aux=0.3514967596241736  top_k_attention=50  min_firms_attention=30
Optimiser lr=1.08e-04  wd=1.41e-04  grad_clip=3.7753731549054748  patience=15
Loss MSRR (1 - r_pf)^2 + lambda_aux (1 - r_base)^2  lambda_aux=0.3514967596241736
 Data train_months=252  val_months=60
 Model 1,563,908 trainable parameters
========================================================================================================
Epoch TrnTotal  TrnMain   TrnAux    ValLoss  Corr6m  Base6m   Adj6m         LR   GNorm
--------------------------------------------------------------------------------------------------------
    1 0.980119 0.683669 0.843392   0.909615  0.1340  0.1344  0.1101   2.15e-05  3.7649
    2 0.546089 0.359247 0.531561   0.633834  0.1140  0.1257  0.0586   4.31e-05  9.1264
    3 0.336370 0.242939 0.265808   0.468337  0.0952  0.1062  0.0430   6.46e-05 11.4504
    4 0.191284 0.135776 0.157920   0.605847  0.0969  0.1039  0.0514   8.61e-05  9.1383
    5 0.193741 0.143208 0.143768   0.694702  0.0775  0.0801  0.0262   1.08e-04 10.0363
    6 0.196875 0.148672 0.137138   0.661363  0.1042  0.1087  0.0647   1.08e-04  8.2316  *
    7 0.179385 0.134165 0.128650   0.877881  0.1067  0.1097  0.0663   1.08e-04  8.5288
    8 0.111677 0.082391 0.083317   0.543461  0.1009  0.1042  0.0649   1.08e-04  5.2624  *
    9 0.148992 0.109662 0.111893   0.837670  0.0939  0.0969  0.0688   1.08e-04  6.9277
   10 0.086088 0.063041 0.065568   0.695328  0.1059  0.1094  0.0512   1.08e-04  3.9320
   11 0.093582 0.069202 0.069363   0.612019  0.1194  0.1210  0.0864   1.08e-04  4.5464
   12 0.091023 0.067793 0.066090   0.834292  0.1007  0.1020  0.0628   1.08e-04  3.6703
   13 0.071200 0.050552 0.058743   0.702594  0.1213  0.1229  0.0806   1.08e-04  2.6681
   14 0.059783 0.042236 0.049919   0.663320  0.0967  0.0994  0.0444   1.08e-04  2.8447
   15 0.064139 0.047058 0.048596   0.537628  0.1024  0.1013  0.0803   1.08e-04  3.2198  *
   16 0.068645 0.052229 0.046701   0.744400  0.0982  0.0970  0.0880   1.08e-04  2.7804
   17 0.062261 0.045369 0.048059   0.717101  0.1050  0.1042  0.0804   1.08e-04  2.5321
   18 0.040515 0.028596 0.033909   1.159321  0.1082  0.1081  0.0830   1.08e-04  1.8937
   19 0.055455 0.039785 0.044582   0.754048  0.0977  0.0965  0.0715   1.08e-04  2.1456
   20 0.064535 0.047607 0.048161   0.699572  0.1096  0.1092  0.0934   1.08e-04  3.3390
   21 0.049862 0.036975 0.036664   0.768281  0.0991  0.0986  0.0814   1.08e-04  2.2827
   22 0.053856 0.038747 0.042985   0.749442  0.1017  0.1017  0.0843   1.08e-04  2.3487
   23 0.044973 0.032978 0.034126   0.828361  0.1102  0.1115  0.0831   1.08e-04  2.0281
   24 0.042648 0.031367 0.032095   1.129057  0.0939  0.0930  0.0796   1.08e-04  1.9802
   25 0.046792 0.033900 0.036679   0.927083  0.1047  0.1015  0.1013   1.08e-04  1.8172
   26 0.037606 0.027086 0.029930   0.953372  0.0953  0.0934  0.0952   5.38e-05  1.6920
   27 0.030476 0.022759 0.021957   1.191853  0.0957  0.0938  0.0959   5.38e-05  1.3923
   28 0.022876 0.015642 0.020581   1.143518  0.0984  0.0955  0.0965   5.38e-05  1.0528
   29 0.018754 0.013106 0.016067   1.047786  0.0963  0.0946  0.0824   5.38e-05  1.0048
   30 0.018235 0.013032 0.014800   1.227820  0.1041  0.1028  0.0816   5.38e-05  1.0045
--------------------------------------------------------------------------------------------------------
Early stopping at epoch 30  (patience=15  best_epoch=15  best_val_loss=0.537628)
========================================================================================================
 Test Results  (ple, seed0)
--------------------------------------------------------------------------------------------------------
Test MSRR loss           0.366044
Test rank corr 6m         0.1103
Test base corr 6m         0.1068
Test adj corr 6m          0.1023
--------------------------------------------------------------------------------------------------------
Best val loss 0.537628  (epoch 15)
Stopped epoch 30
Training time 674.2 seconds
--------------------------------------------------------------------------------------------------------
Weights results1/transformer/weights_ple_seed0.safetensors
Metrics results1/transformer/metrics_ple_seed0.json
========================================================================================================

========================================================================================================
Variant ple  Seed 1
Architecture d_model=128  n_heads=2  n_layers=3  d_ff=512  dropout=0.18821116170379312
n_mlp_layers=2  lambda_aux=0.3514967596241736  top_k_attention=50  min_firms_attention=30
Optimiser lr=1.08e-04  wd=1.41e-04  grad_clip=3.7753731549054748  patience=15
Loss MSRR (1 - r_pf)^2 + lambda_aux (1 - r_base)^2  lambda_aux=0.3514967596241736
 Data train_months=252  val_months=60
 Model 1,563,908 trainable parameters
========================================================================================================
Epoch TrnTotal  TrnMain   TrnAux    ValLoss  Corr6m  Base6m   Adj6m         LR   GNorm
--------------------------------------------------------------------------------------------------------
    1 0.965051 0.678654 0.814792   0.786301  0.1237  0.1126  0.1171   2.15e-05  3.7243
    2 0.620578 0.427506 0.549286   0.601274  0.1259  0.1224  0.0964   4.31e-05 14.8699
    3 0.403598 0.294140 0.311407   0.759932  0.1091  0.1098  0.0870   6.46e-05 15.5160
    4 0.322749 0.235930 0.247000   0.477758  0.1138  0.1224  0.0485   8.61e-05 14.5540
    5 0.242692 0.185737 0.162036   0.652909  0.1211  0.1265  0.0825   1.08e-04 13.2157
    6 0.168389 0.120993 0.134841   0.444863  0.1201  0.1197  0.1050   1.08e-04  7.6607  *
    7 0.175129 0.129804 0.128950   0.646922  0.1150  0.1187  0.0835   1.08e-04  8.6518
    8 0.137505 0.102755 0.098862   0.433571  0.1115  0.1157  0.0900   1.08e-04  6.5754  *
    9 0.159993 0.118011 0.119437   0.619991  0.1093  0.1160  0.0770   1.08e-04  8.0297
   10 0.094054 0.070167 0.067956   0.808281  0.1074  0.1099  0.0892   1.08e-04  4.4250
   11 0.095329 0.069015 0.074862   0.577144  0.1106  0.1141  0.0880   1.08e-04  4.6148
   12 0.129774 0.099334 0.086602   0.688296  0.1030  0.1119  0.0717   1.08e-04  3.9663
   13 0.091854 0.066051 0.073408   0.761842  0.1040  0.1136  0.0383   1.08e-04  3.9851
   14 0.081506 0.060823 0.058841   0.584582  0.1114  0.1166  0.0664   1.08e-04  3.5867
   15 0.054978 0.039298 0.044608   0.449062  0.0888  0.0973  0.0425   1.08e-04  2.6255
   16 0.077313 0.056442 0.059378   0.778730  0.0911  0.0980  0.0751   1.08e-04  2.9485
   17 0.071100 0.050555 0.058451   0.868452  0.0917  0.1025  0.0692   1.08e-04  3.2062
   18 0.072728 0.051779 0.059600   0.458365  0.0728  0.0865  0.0384   1.08e-04  3.3386
   19 0.054616 0.039659 0.042551   0.476764  0.0877  0.0955  0.0618   5.38e-05  2.4585
   20 0.046530 0.033767 0.036311   0.572405  0.0928  0.1039  0.0569   5.38e-05  2.1285
   21 0.031742 0.022203 0.027139   0.539242  0.0956  0.1051  0.0540   5.38e-05  1.6600
   22 0.031588 0.021266 0.029365   0.655887  0.0869  0.0968  0.0548   5.38e-05  1.6029
   23 0.045074 0.032467 0.035868   0.546844  0.0832  0.0968  0.0462   5.38e-05  2.0011
--------------------------------------------------------------------------------------------------------
Early stopping at epoch 23  (patience=15  best_epoch=8  best_val_loss=0.433571)
========================================================================================================
 Test Results  (ple, seed1)
--------------------------------------------------------------------------------------------------------
Test MSRR loss           0.368071
Test rank corr 6m         0.1265
Test base corr 6m         0.1274
Test adj corr 6m          0.1099
--------------------------------------------------------------------------------------------------------
Best val loss 0.433571  (epoch 8)
Stopped epoch 23
Training time 518.0 seconds
--------------------------------------------------------------------------------------------------------
Weights results1/transformer/weights_ple_seed1.safetensors
Metrics results1/transformer/metrics_ple_seed1.json
========================================================================================================

========================================================================================================
Variant ple  Seed 2
Architecture d_model=128  n_heads=2  n_layers=3  d_ff=512  dropout=0.18821116170379312
n_mlp_layers=2  lambda_aux=0.3514967596241736  top_k_attention=50  min_firms_attention=30
Optimiser lr=1.08e-04  wd=1.41e-04  grad_clip=3.7753731549054748  patience=15
Loss MSRR (1 - r_pf)^2 + lambda_aux (1 - r_base)^2  lambda_aux=0.3514967596241736
 Data train_months=252  val_months=60
 Model 1,563,908 trainable parameters
========================================================================================================
Epoch TrnTotal  TrnMain   TrnAux    ValLoss  Corr6m  Base6m   Adj6m         LR   GNorm
--------------------------------------------------------------------------------------------------------
    1 1.012693 0.708737 0.864747   0.942600  0.1396  0.1327  0.1241   2.15e-05  3.0225
    2 0.556567 0.372447 0.523817   0.785109  0.1056  0.1233  0.0556   4.31e-05  8.4205
    3 0.318125 0.226991 0.259274   0.595209  0.0865  0.1068  0.0288   6.46e-05  8.9955
    4 0.225071 0.164829 0.171386   0.653891  0.1103  0.1192  0.0701   8.61e-05  9.3960
    5 0.329948 0.246942 0.236151   3.229660  0.0981  0.1122  0.0556   1.08e-04 14.1060
    6 0.377364 0.293769 0.237826   0.772496  0.1010  0.1095  0.0681   1.08e-04 17.2725  *
    7 0.185250 0.141079 0.125666   0.554112  0.1067  0.1131  0.0650   1.08e-04  8.5283  *
    8 0.119117 0.090525 0.081343   0.679925  0.1023  0.1118  0.0674   1.08e-04  5.5712
    9 0.103382 0.076734 0.075813   0.735539  0.1160  0.1238  0.0864   1.08e-04  4.3648
   10 0.143464 0.107120 0.103399   0.775021  0.1262  0.1285  0.1112   1.08e-04  6.3641
   11 0.094486 0.070239 0.068982   1.403378  0.1135  0.1201  0.0846   1.08e-04  4.3676
   12 0.085752 0.066149 0.055769   1.632969  0.1078  0.1131  0.0889   1.08e-04  3.7449
   13 0.109119 0.080038 0.082734   0.716514  0.1007  0.1069  0.0765   1.08e-04  4.1076
   14 0.089154 0.065614 0.066971   0.650293  0.1003  0.1032  0.0693   1.08e-04  3.9343
   15 0.061552 0.046132 0.043869   1.077469  0.1090  0.1114  0.0852   1.08e-04  2.6485
   16 0.063041 0.046010 0.048452   0.668362  0.1030  0.1021  0.0848   1.08e-04  2.8304
   17 0.062959 0.047656 0.043537   0.964481  0.1103  0.1156  0.0779   1.08e-04  2.8418
   18 0.049687 0.035855 0.039352   0.703577  0.1028  0.1067  0.0827   5.38e-05  2.4275
   19 0.041546 0.029999 0.032851   0.975474  0.0953  0.0985  0.0797   5.38e-05  1.9008
   20 0.029639 0.020219 0.026800   1.027605  0.1028  0.1072  0.0815   5.38e-05  1.5678
   21 0.027409 0.019037 0.023818   1.008071  0.0969  0.1031  0.0713   5.38e-05  1.3335
   22 0.024473 0.016674 0.022187   0.982242  0.0978  0.1065  0.0746   5.38e-05  1.3317
--------------------------------------------------------------------------------------------------------
Early stopping at epoch 22  (patience=15  best_epoch=7  best_val_loss=0.554112)
========================================================================================================
 Test Results  (ple, seed2)
--------------------------------------------------------------------------------------------------------
Test MSRR loss           0.518202
Test rank corr 6m         0.1067
Test base corr 6m         0.1144
Test adj corr 6m          0.0635
--------------------------------------------------------------------------------------------------------
Best val loss 0.554112  (epoch 7)
Stopped epoch 22
Training time 479.6 seconds
--------------------------------------------------------------------------------------------------------
Weights results1/transformer/weights_ple_seed2.safetensors
Metrics results1/transformer/metrics_ple_seed2.json
========================================================================================================

========================================================================================================
Variant ple  Seed 3
Architecture d_model=128  n_heads=2  n_layers=3  d_ff=512  dropout=0.18821116170379312
n_mlp_layers=2  lambda_aux=0.3514967596241736  top_k_attention=50  min_firms_attention=30
Optimiser lr=1.08e-04  wd=1.41e-04  grad_clip=3.7753731549054748  patience=15
Loss MSRR (1 - r_pf)^2 + lambda_aux (1 - r_base)^2  lambda_aux=0.3514967596241736
 Data train_months=252  val_months=60
 Model 1,563,908 trainable parameters
========================================================================================================
Epoch TrnTotal  TrnMain   TrnAux    ValLoss  Corr6m  Base6m   Adj6m         LR   GNorm
--------------------------------------------------------------------------------------------------------
    1 0.984102 0.688338 0.841442   0.950334  0.1295  0.1273  0.1113   2.15e-05  3.8364
    2 0.519566 0.338932 0.513901   0.706733  0.1269  0.1360  0.0808   4.31e-05  9.3366
    3 0.229973 0.154367 0.215099   0.857409  0.1281  0.1317  0.0879   6.46e-05  9.3075
    4 0.296038 0.220956 0.213609   0.855606  0.1067  0.1137  0.0744   8.61e-05 11.5204
    5 0.268313 0.210183 0.165379   1.017927  0.1083  0.1158  0.0768   1.08e-04 14.6837
    6 0.143257 0.106998 0.103154   0.894999  0.1145  0.1225  0.0816   1.08e-04  6.6294  *
    7 0.131296 0.095228 0.102612   0.699544  0.1235  0.1301  0.0860   1.08e-04  6.7570  *
    8 0.142564 0.105779 0.104654   0.810535  0.0951  0.1092  0.0208   1.08e-04  6.6644
    9 0.132546 0.096060 0.103803   0.787529  0.1168  0.1232  0.0894   1.08e-04  5.6205
   10 0.077933 0.056919 0.059785   1.127262  0.1124  0.1215  0.0783   1.08e-04  3.7640
   11 0.098428 0.075393 0.065536   1.941357  0.1202  0.1283  0.0929   1.08e-04  4.6042
   12 0.064988 0.046872 0.051541   0.626926  0.1051  0.1157  0.0666   1.08e-04  3.0369  *
   13 0.059815 0.044229 0.044343   0.668514  0.1141  0.1215  0.0878   1.08e-04  2.7076
   14 0.068675 0.050438 0.051883   0.978404  0.1001  0.1112  0.0677   1.08e-04  3.1970
   15 0.060895 0.043525 0.049417   1.136338  0.1120  0.1217  0.0794   1.08e-04  2.4629
   16 0.087083 0.066418 0.058792   0.940180  0.1062  0.1139  0.0775   1.08e-04  3.0264
   17 0.097497 0.077106 0.058013   1.189620  0.1061  0.1130  0.0747   1.08e-04  3.4988
   18 0.046157 0.032680 0.038339   1.213632  0.0995  0.1045  0.0711   1.08e-04  1.7587
   19 0.055490 0.041575 0.039588   0.937927  0.1113  0.1169  0.0745   1.08e-04  2.2262
   20 0.047381 0.033802 0.038632   0.893971  0.1018  0.1069  0.0842   1.08e-04  2.0788
   21 0.052053 0.037938 0.040158   1.688277  0.1003  0.1043  0.0808   1.08e-04  2.0283
   22 0.062765 0.047457 0.043550   0.704477  0.1137  0.1192  0.0776   1.08e-04  2.4308
   23 0.047744 0.035496 0.034847   0.707771  0.1220  0.1227  0.1014   5.38e-05  1.8981
   24 0.028881 0.020737 0.023171   0.948648  0.1095  0.1124  0.0807   5.38e-05  1.3298
   25 0.030280 0.021461 0.025091   0.977744  0.1023  0.1050  0.0763   5.38e-05  1.3339
   26 0.023617 0.016880 0.019169   1.016557  0.1040  0.1050  0.0849   5.38e-05  1.1332
   27 0.021878 0.015378 0.018495   1.024939  0.0974  0.1008  0.0774   5.38e-05  1.0026
--------------------------------------------------------------------------------------------------------
Early stopping at epoch 27  (patience=15  best_epoch=12  best_val_loss=0.626926)
========================================================================================================
 Test Results  (ple, seed3)
--------------------------------------------------------------------------------------------------------
Test MSRR loss           0.317129
Test rank corr 6m         0.1070
Test base corr 6m         0.1132
Test adj corr 6m          0.0779
--------------------------------------------------------------------------------------------------------
Best val loss 0.626926  (epoch 12)
Stopped epoch 27
Training time 587.7 seconds
--------------------------------------------------------------------------------------------------------
Weights results1/transformer/weights_ple_seed3.safetensors
Metrics results1/transformer/metrics_ple_seed3.json
========================================================================================================

========================================================================================================
Variant ple  Seed 4
Architecture d_model=128  n_heads=2  n_layers=3  d_ff=512  dropout=0.18821116170379312
n_mlp_layers=2  lambda_aux=0.3514967596241736  top_k_attention=50  min_firms_attention=30
Optimiser lr=1.08e-04  wd=1.41e-04  grad_clip=3.7753731549054748  patience=15
Loss MSRR (1 - r_pf)^2 + lambda_aux (1 - r_base)^2  lambda_aux=0.3514967596241736
 Data train_months=252  val_months=60
 Model 1,563,908 trainable parameters
========================================================================================================
Epoch TrnTotal  TrnMain   TrnAux    ValLoss  Corr6m  Base6m   Adj6m         LR   GNorm
--------------------------------------------------------------------------------------------------------
    1 1.002908 0.712905 0.825053   0.939891  0.1399  0.1309  0.1298   2.15e-05  3.0975
    2 0.540164 0.354994 0.526805   0.689968  0.1183  0.1340  0.0510   4.31e-05 10.3860
    3 0.382155 0.296149 0.244685   0.782320  0.0938  0.1086  0.0455   6.46e-05  8.1456
    4 0.235383 0.174499 0.173214   0.835195  0.1003  0.1128  0.0479   8.61e-05 13.1223
    5 0.170125 0.124757 0.129071   0.954658  0.1076  0.1206  0.0448   1.08e-04  7.9826
    6 0.142458 0.104872 0.106931   0.941140  0.1197  0.1243  0.0850   1.08e-04  7.1468  *
    7 0.140745 0.105176 0.101195   0.667859  0.1000  0.1100  0.0690   1.08e-04  6.9054  *
    8 0.123135 0.090135 0.093884   0.700788  0.0933  0.1057  0.0548   1.08e-04  5.6645
    9 0.108591 0.079143 0.083781   0.718749  0.1148  0.1267  0.0779   1.08e-04  4.8843
   10 0.115036 0.083313 0.090251   0.822575  0.1080  0.1153  0.0695   1.08e-04  5.1305
   11 0.071991 0.052304 0.056009   0.710843  0.0959  0.1086  0.0540   1.08e-04  3.5744
   12 0.075608 0.055212 0.058027   1.020633  0.1175  0.1226  0.0777   1.08e-04  3.2534
   13 0.093553 0.068741 0.070591   0.873105  0.1188  0.1220  0.0889   1.08e-04  3.4856
   14 0.060834 0.043991 0.047919   0.706660  0.1043  0.1140  0.0488   1.08e-04  2.8344
   15 0.243321 0.190291 0.150869   0.824059  0.1033  0.1131  0.0445   1.08e-04  3.7038
   16 0.135251 0.102397 0.093469   0.779647  0.0921  0.1095  0.0415   1.08e-04  5.1149
   17 0.120035 0.090797 0.083182   0.962605  0.1086  0.1116  0.0817   1.08e-04  3.9110
   18 0.059557 0.044466 0.042934   0.949987  0.0931  0.0993  0.0584   5.38e-05  2.7405
   19 0.043430 0.031952 0.032652   0.783920  0.1013  0.1080  0.0687   5.38e-05  1.9864
   20 0.033164 0.023696 0.026936   0.822186  0.0959  0.1002  0.0720   5.38e-05  1.5800
   21 0.033295 0.023987 0.026480   0.730328  0.0952  0.0988  0.0755   5.38e-05  1.7004
   22 0.032058 0.023094 0.025502   0.875096  0.1003  0.1038  0.0794   5.38e-05  1.6058
--------------------------------------------------------------------------------------------------------
Early stopping at epoch 22  (patience=15  best_epoch=7  best_val_loss=0.667859)
========================================================================================================
 Test Results  (ple, seed4)
--------------------------------------------------------------------------------------------------------
Test MSRR loss           1.620005
Test rank corr 6m         0.0992
Test base corr 6m         0.1115
Test adj corr 6m          0.0649
--------------------------------------------------------------------------------------------------------
Best val loss 0.667859  (epoch 7)
Stopped epoch 22
Training time 491.7 seconds
--------------------------------------------------------------------------------------------------------
Weights results1/transformer/weights_ple_seed4.safetensors
Metrics results1/transformer/metrics_ple_seed4.json
========================================================================================================

applied tuned hyperparameters for periodic from results1/transformer/transformer-hpt/best_params_periodic.json
========================================================================================================
Variant periodic  Seed 0
Architecture d_model=128  n_heads=4  n_layers=1  d_ff=256  dropout=0.3464577314925908
n_mlp_layers=1  lambda_aux=0.1616736707882318  top_k_attention=50  min_firms_attention=30
Optimiser lr=4.11e-04  wd=9.80e-05  grad_clip=3.017958877364029  patience=15
Loss MSRR (1 - r_pf)^2 + lambda_aux (1 - r_base)^2  lambda_aux=0.1616736707882318
 Data train_months=252  val_months=60
 Model 268,804 trainable parameters
========================================================================================================
Epoch TrnTotal  TrnMain   TrnAux    ValLoss  Corr6m  Base6m   Adj6m         LR   GNorm
--------------------------------------------------------------------------------------------------------
    1 0.990575 0.828289 1.003786   0.969951  0.1052  0.0177  0.1053   8.23e-05  1.2947
    2 0.665233 0.506243 0.983400   0.760488  0.0685  0.0758  0.0676   1.65e-04  2.6937
    3 0.389826 0.235609 0.953875   0.688941  0.0553  0.0490  0.0542   2.47e-04  4.2672
    4 0.314510 0.163296 0.935299   0.832258  0.0528  0.0397  0.0508   3.29e-04  4.3563
    5 0.278431 0.130767 0.913344   0.609860  0.0883  0.0442  0.0856   4.11e-04  4.3106
    6 0.262727 0.121100 0.876009   0.678290  0.0790  0.0590  0.0746   4.11e-04  4.4197  *
    7 0.273944 0.136837 0.848048   0.968146  0.0823  0.0576  0.0781   4.11e-04  4.3721
    8 0.235924 0.105735 0.805255   0.819495  0.0853  0.0656  0.0731   4.11e-04  4.0011
    9 0.207829 0.092149 0.715509   0.744596  0.1035  0.0676  0.0813   4.11e-04  3.7703
   10 0.207016 0.105608 0.627243   0.524819  0.0954  0.0767  0.0711   4.11e-04  4.0007  *
   11 0.250238 0.156462 0.580033   0.583200  0.0982  0.0782  0.0757   4.11e-04  6.9247
   12 0.178805 0.091336 0.541023   0.616896  0.0860  0.0802  0.0512   4.11e-04  3.2446
   13 0.164754 0.078600 0.532891   0.546524  0.0955  0.0855  0.0583   4.11e-04  3.1827
   14 0.165757 0.087471 0.484220   0.743268  0.1007  0.0899  0.0510   4.11e-04  3.4758
   15 0.165671 0.083503 0.508234   0.546830  0.0993  0.0980  0.0616   4.11e-04  3.2744
   16 0.187918 0.109522 0.484905   0.490788  0.0891  0.0991  0.0411   4.11e-04  4.2426  *
   17 0.184152 0.108024 0.470876   0.601091  0.0982  0.0953  0.0607   4.11e-04  4.2492
   18 0.208035 0.134694 0.453638   0.533412  0.1167  0.0971  0.0664   4.11e-04  4.8840
   19 0.176149 0.106856 0.428595   0.576343  0.1085  0.0969  0.0519   4.11e-04  4.4465
   20 0.141116 0.073527 0.418061   0.538928  0.1021  0.1009  0.0550   4.11e-04  3.4286
   21 0.142263 0.076464 0.406983   0.634365  0.0972  0.1070  0.0434   4.11e-04  3.5559
   22 0.115293 0.050370 0.401571   0.996936  0.1063  0.1098  0.0491   4.11e-04  2.1552
   23 0.123021 0.057175 0.407277   0.575065  0.0919  0.1027  0.0372   4.11e-04  2.6155
   24 0.112553 0.054630 0.358271   0.549722  0.0977  0.1050  0.0486   4.11e-04  2.3736
   25 0.110841 0.047654 0.390828   0.776176  0.1107  0.1084  0.0483   4.11e-04  2.2211
   26 0.126357 0.065132 0.378697   0.705319  0.1108  0.1130  0.0339   4.11e-04  3.4799
   27 0.143325 0.085789 0.355877   0.662512  0.1009  0.1132  0.0088   2.06e-04  3.4646
   28 0.088455 0.035793 0.325730   0.697760  0.1070  0.1167  0.0063   2.06e-04  1.7913
   29 0.081293 0.029804 0.318471   0.643337  0.0949  0.1140  0.0051   2.06e-04  1.7594
   30 0.075411 0.027473 0.296513   0.818932  0.1017  0.1132  0.0099   2.06e-04  1.6632
   31 0.072393 0.024058 0.298961   0.711721  0.1011  0.1131  0.0148   2.06e-04  1.6987
--------------------------------------------------------------------------------------------------------
Early stopping at epoch 31  (patience=15  best_epoch=16  best_val_loss=0.490788)
========================================================================================================
 Test Results  (periodic, seed0)
--------------------------------------------------------------------------------------------------------
Test MSRR loss           1.397745
Test rank corr 6m         0.0898
Test base corr 6m         0.0969
Test adj corr 6m          0.0459
--------------------------------------------------------------------------------------------------------
Best val loss 0.490788  (epoch 16)
Stopped epoch 31
Training time 569.3 seconds
--------------------------------------------------------------------------------------------------------
Weights results1/transformer/weights_periodic_seed0.safetensors
Metrics results1/transformer/metrics_periodic_seed0.json
========================================================================================================

========================================================================================================
Variant periodic  Seed 1
Architecture d_model=128  n_heads=4  n_layers=1  d_ff=256  dropout=0.3464577314925908
n_mlp_layers=1  lambda_aux=0.1616736707882318  top_k_attention=50  min_firms_attention=30
Optimiser lr=4.11e-04  wd=9.80e-05  grad_clip=3.017958877364029  patience=15
Loss MSRR (1 - r_pf)^2 + lambda_aux (1 - r_base)^2  lambda_aux=0.1616736707882318
 Data train_months=252  val_months=60
 Model 268,804 trainable parameters
========================================================================================================
Epoch TrnTotal  TrnMain   TrnAux    ValLoss  Corr6m  Base6m   Adj6m         LR   GNorm
--------------------------------------------------------------------------------------------------------
    1 0.970376 0.809965 0.992190   0.911754  0.1031  0.0067  0.1033   8.23e-05  1.6189
    2 0.618489 0.461216 0.972781   0.632015  0.0988  0.0126  0.0988   1.65e-04  4.1227
    3 0.430572 0.275241 0.960767   0.514508  0.0693  0.0235  0.0702   2.47e-04  6.2302
    4 0.357325 0.203528 0.951281   0.617438  0.0677  0.0299  0.0662   3.29e-04  6.7947
    5 0.335742 0.184260 0.936965   0.566734  0.0908  0.0336  0.0939   4.11e-04  7.4427
    6 0.299692 0.152376 0.911191   0.628717  0.0691  0.0386  0.0731   4.11e-04  5.5371  *
    7 0.306239 0.167103 0.860599   0.535178  0.0610  0.0532  0.0564   4.11e-04  6.1768  *
    8 0.263074 0.131869 0.811544   0.471973  0.0770  0.0659  0.0720   4.11e-04  4.4449  *
    9 0.278248 0.157256 0.748377   0.405424  0.0607  0.0658  0.0534   4.11e-04  7.1709  *
   10 0.273619 0.162744 0.685795   0.354630  0.0708  0.0768  0.0572   4.11e-04  6.5972  *
   11 0.240296 0.138918 0.627051   0.459455  0.0637  0.0835  0.0344   4.11e-04  4.7477
   12 0.228753 0.135303 0.578018   0.582521  0.0727  0.0893  0.0468   4.11e-04  6.1992
   13 0.216320 0.127312 0.550539   0.498147  0.0814  0.0892  0.0478   4.11e-04  4.9671
   14 0.227063 0.139489 0.541669   0.497984  0.0712  0.0899  0.0399   4.11e-04  5.5734
   15 0.190011 0.108301 0.505400   0.465156  0.0890  0.1003  0.0420   4.11e-04  5.0647
   16 0.172006 0.090104 0.506590   0.410405  0.0826  0.1001  0.0446   4.11e-04  4.0958
   17 0.160044 0.081960 0.482977   0.454465  0.0856  0.1041  0.0380   4.11e-04  3.8623
   18 0.172293 0.093730 0.485937   0.407249  0.0942  0.1092  0.0393   4.11e-04  3.9483
   19 0.215613 0.127028 0.547921   0.429209  0.1013  0.1099  0.0488   4.11e-04  5.9093
   20 0.151341 0.082443 0.426150   0.392264  0.1069  0.1141  0.0288   4.11e-04  3.8833
   21 0.184730 0.121541 0.390842   0.455138  0.0980  0.1142 -0.0038   2.06e-04  4.7847
   22 0.127160 0.061721 0.404758   0.386240  0.0880  0.1136 -0.0029   2.06e-04  3.0658
   23 0.110871 0.049367 0.380418   0.424986  0.0958  0.1128 -0.0084   2.06e-04  2.5682
   24 0.096953 0.042803 0.334934   0.382396  0.0911  0.1157 -0.0091   2.06e-04  2.4137
   25 0.092609 0.039037 0.331359   0.382752  0.0991  0.1184  0.0004   2.06e-04  2.3009
--------------------------------------------------------------------------------------------------------
Early stopping at epoch 25  (patience=15  best_epoch=10  best_val_loss=0.354630)
========================================================================================================
 Test Results  (periodic, seed1)
--------------------------------------------------------------------------------------------------------
Test MSRR loss           1.746624
Test rank corr 6m         0.0932
Test base corr 6m         0.0964
Test adj corr 6m          0.0795
--------------------------------------------------------------------------------------------------------
Best val loss 0.354630  (epoch 10)
Stopped epoch 25
Training time 458.8 seconds
--------------------------------------------------------------------------------------------------------
Weights results1/transformer/weights_periodic_seed1.safetensors
Metrics results1/transformer/metrics_periodic_seed1.json
========================================================================================================

========================================================================================================
Variant periodic  Seed 2
Architecture d_model=128  n_heads=4  n_layers=1  d_ff=256  dropout=0.3464577314925908
n_mlp_layers=1  lambda_aux=0.1616736707882318  top_k_attention=50  min_firms_attention=30
Optimiser lr=4.11e-04  wd=9.80e-05  grad_clip=3.017958877364029  patience=15
Loss MSRR (1 - r_pf)^2 + lambda_aux (1 - r_base)^2  lambda_aux=0.1616736707882318
 Data train_months=252  val_months=60
 Model 268,804 trainable parameters
========================================================================================================
Epoch TrnTotal  TrnMain   TrnAux    ValLoss  Corr6m  Base6m   Adj6m         LR   GNorm
--------------------------------------------------------------------------------------------------------
    1 0.970823 0.809755 0.996254   0.962368  0.1181  0.0973  0.1176   8.23e-05  1.3382
    2 0.685159 0.526652 0.980416   0.852487  0.1012  0.0966  0.0997   1.65e-04  3.1925
    3 0.469111 0.313239 0.964117   0.882974  0.0874  0.1011  0.0856   2.47e-04  4.0953
    4 0.355204 0.200781 0.955155   0.778247  0.1081  0.0984  0.1054   3.29e-04  4.0051
    5 0.297814 0.146831 0.933878   0.928458  0.0765  0.0958  0.0682   4.11e-04  4.0047
    6 0.290424 0.144784 0.900825   0.882627  0.0864  0.0928  0.0790   4.11e-04  5.0033  *
    7 0.240450 0.100036 0.868508   1.021975  0.1127  0.0950  0.0996   4.11e-04  3.7068
    8 0.208420 0.078505 0.803567   0.890774  0.1093  0.0923  0.0995   4.11e-04  3.3908
    9 0.239490 0.116802 0.758866   1.016161  0.0995  0.0934  0.0891   4.11e-04  5.0242
   10 0.164303 0.048205 0.718106   0.969365  0.1066  0.1022  0.0849   4.11e-04  2.3924
   11 0.196973 0.085438 0.689875   0.783945  0.0985  0.1083  0.0655   4.11e-04  4.8518  *
   12 0.261717 0.158584 0.637905   0.871042  0.0751  0.1083  0.0142   4.11e-04  5.8680
   13 0.158139 0.065114 0.575383   0.830000  0.1083  0.1163  0.0526   4.11e-04  2.9376
   14 0.159706 0.073245 0.534787   0.753388  0.1103  0.1161  0.0582   4.11e-04  3.3374  *
   15 0.158566 0.080224 0.484568   0.844343  0.1145  0.1199  0.0492   4.11e-04  3.6943
   16 0.141402 0.066824 0.461287   1.183173  0.0846  0.1172 -0.0033   4.11e-04  3.7789
   17 0.142895 0.073054 0.431985   0.705732  0.1069  0.1137  0.0199   4.11e-04  4.3767  *
   18 0.140391 0.080616 0.369731   0.923810  0.1024  0.1149  0.0050   4.11e-04  4.3048
   19 0.215146 0.152917 0.384901   0.968500  0.1177  0.1240  0.0238   4.11e-04  6.4469
   20 0.125124 0.064047 0.377779   0.843425  0.1204  0.1200  0.0692   4.11e-04  3.5767
   21 0.112837 0.058871 0.333794   0.741118  0.1190  0.1217  0.0521   4.11e-04  2.9164
   22 0.093911 0.046137 0.295494   1.055977  0.1236  0.1175  0.0709   4.11e-04  2.7960
   23 0.156877 0.100072 0.351359   0.924925  0.1129  0.1174  0.0634   4.11e-04  4.9091
   24 0.162353 0.110169 0.322775   0.564295  0.1196  0.1199  0.0700   4.11e-04  4.6591  *
   25 0.132682 0.081011 0.319601   0.937961  0.0992  0.1159  0.0304   4.11e-04  4.1846
   26 0.133130 0.084177 0.302788   0.733941  0.1003  0.1140  0.0333   4.11e-04  6.6962
   27 0.093061 0.047938 0.279099   0.909333  0.0941  0.1198 -0.0129   4.11e-04  2.6723
   28 0.094469 0.047816 0.288563   0.892383  0.0948  0.1201  0.0168   4.11e-04  2.5555
   29 0.109836 0.063018 0.289581   0.975475  0.0919  0.1200 -0.0032   4.11e-04  3.3053
   30 0.100057 0.053191 0.289883   0.703031  0.1074  0.1159  0.0030   4.11e-04  2.7169
   31 0.092608 0.041045 0.318937   0.899376  0.0952  0.1178  0.0012   4.11e-04  2.5425
   32 0.108933 0.068370 0.250894   0.999453  0.1141  0.1157  0.0192   4.11e-04  3.2967
   33 0.111405 0.066605 0.277103   0.904940  0.0697  0.1215 -0.0202   4.11e-04  3.6050
   34 0.080703 0.042831 0.234249   0.838677  0.0746  0.1233 -0.0295   4.11e-04  2.5048
   35 0.087925 0.042745 0.279454   0.654052  0.0678  0.1243 -0.0330   2.06e-04  2.6852
   36 0.077045 0.038455 0.238694   0.700877  0.0953  0.1228 -0.0001   2.06e-04  2.4080
   37 0.053032 0.017150 0.221937   0.768094  0.0894  0.1240 -0.0146   2.06e-04  1.5827
   38 0.052744 0.024312 0.175859   0.722205  0.0845  0.1223 -0.0223   2.06e-04  1.7500
   39 0.060865 0.024070 0.227587   0.760182  0.0747  0.1246 -0.0159   2.06e-04  1.7034
--------------------------------------------------------------------------------------------------------
Early stopping at epoch 39  (patience=15  best_epoch=24  best_val_loss=0.564295)
========================================================================================================
 Test Results  (periodic, seed2)
--------------------------------------------------------------------------------------------------------
Test MSRR loss           3.621614
Test rank corr 6m         0.1136
Test base corr 6m         0.1180
Test adj corr 6m          0.0632
--------------------------------------------------------------------------------------------------------
Best val loss 0.564295  (epoch 24)
Stopped epoch 39
Training time 715.6 seconds
--------------------------------------------------------------------------------------------------------
Weights results1/transformer/weights_periodic_seed2.safetensors
Metrics results1/transformer/metrics_periodic_seed2.json
========================================================================================================

========================================================================================================
Variant periodic  Seed 3
Architecture d_model=128  n_heads=4  n_layers=1  d_ff=256  dropout=0.3464577314925908
n_mlp_layers=1  lambda_aux=0.1616736707882318  top_k_attention=50  min_firms_attention=30
Optimiser lr=4.11e-04  wd=9.80e-05  grad_clip=3.017958877364029  patience=15
Loss MSRR (1 - r_pf)^2 + lambda_aux (1 - r_base)^2  lambda_aux=0.1616736707882318
 Data train_months=252  val_months=60
 Model 268,804 trainable parameters
========================================================================================================
Epoch TrnTotal  TrnMain   TrnAux    ValLoss  Corr6m  Base6m   Adj6m         LR   GNorm
--------------------------------------------------------------------------------------------------------
    1 0.975945 0.815676 0.991316   0.949227  0.1180  0.0209  0.1181   8.23e-05  1.3715
    2 0.689315 0.530443 0.982668   0.820620  0.0958  0.0666  0.0955   1.65e-04  2.5959
    3 0.416616 0.258354 0.978895   0.893398  0.0704  0.0770  0.0684   2.47e-04  3.5759
    4 0.343900 0.187645 0.966488   0.831076  0.0621  0.0740  0.0598   3.29e-04  4.5119
    5 0.294038 0.139265 0.957317   0.769533  0.0696  0.0827  0.0667   4.11e-04  3.5277
    6 0.282143 0.129002 0.947218   0.812553  0.0613  0.0778  0.0578   4.11e-04  4.3462  *
    7 0.285284 0.134560 0.932268   0.811454  0.0789  0.0811  0.0736   4.11e-04  4.9274  *
    8 0.239203 0.090780 0.918041   0.696836  0.0700  0.0849  0.0622   4.11e-04  3.1662  *
    9 0.259187 0.115630 0.887940   0.642539  0.0632  0.0857  0.0512   4.11e-04  4.4367  *
   10 0.224196 0.084421 0.864550   0.717252  0.0813  0.0869  0.0679   4.11e-04  3.0326
   11 0.213428 0.078520 0.834443   0.834109  0.0528  0.0885  0.0388   4.11e-04  2.7614
   12 0.204306 0.074579 0.802400   0.950007  0.0812  0.0892  0.0624   4.11e-04  2.7304
   13 0.213987 0.090662 0.762802   0.820021  0.0727  0.0944  0.0406   4.11e-04  3.6191
   14 0.192445 0.080653 0.691467   0.662334  0.0830  0.0974  0.0488   4.11e-04  3.1972
   15 0.184378 0.085125 0.613911   0.814330  0.1049  0.1049  0.0628   4.11e-04  3.4509
   16 0.184584 0.097319 0.539757   0.817328  0.1115  0.1100  0.0660   4.11e-04  3.9945
   17 0.194299 0.109322 0.525611   0.797903  0.1093  0.1107  0.0622   4.11e-04  5.2536
   18 0.178073 0.099219 0.487734   0.817716  0.1166  0.1122  0.0851   4.11e-04  4.2968
   19 0.159583 0.086669 0.450994   0.784574  0.1249  0.1170  0.0854   4.11e-04  4.0130
   20 0.127488 0.053499 0.457642   0.826533  0.1265  0.1218  0.0805   2.06e-04  2.8350
   21 0.106265 0.040383 0.407497   0.735350  0.1180  0.1199  0.0637   2.06e-04  2.3911
   22 0.104193 0.038714 0.405006   0.671935  0.1236  0.1240  0.0659   2.06e-04  2.5267
   23 0.088539 0.024126 0.398410   0.647108  0.1207  0.1254  0.0597   2.06e-04  1.8616
   24 0.091643 0.032078 0.368429   0.893633  0.1247  0.1279  0.0653   2.06e-04  2.8044
--------------------------------------------------------------------------------------------------------
Early stopping at epoch 24  (patience=15  best_epoch=9  best_val_loss=0.642539)
========================================================================================================
 Test Results  (periodic, seed3)
--------------------------------------------------------------------------------------------------------
Test MSRR loss           1.044298
Test rank corr 6m         0.0728
Test base corr 6m         0.0892
Test adj corr 6m          0.0597
--------------------------------------------------------------------------------------------------------
Best val loss 0.642539  (epoch 9)
Stopped epoch 24
Training time 441.0 seconds
--------------------------------------------------------------------------------------------------------
Weights results1/transformer/weights_periodic_seed3.safetensors
Metrics results1/transformer/metrics_periodic_seed3.json
========================================================================================================

========================================================================================================
Variant periodic  Seed 4
Architecture d_model=128  n_heads=4  n_layers=1  d_ff=256  dropout=0.3464577314925908
n_mlp_layers=1  lambda_aux=0.1616736707882318  top_k_attention=50  min_firms_attention=30
Optimiser lr=4.11e-04  wd=9.80e-05  grad_clip=3.017958877364029  patience=15
Loss MSRR (1 - r_pf)^2 + lambda_aux (1 - r_base)^2  lambda_aux=0.1616736707882318
 Data train_months=252  val_months=60
 Model 268,804 trainable parameters
========================================================================================================
Epoch TrnTotal  TrnMain   TrnAux    ValLoss  Corr6m  Base6m   Adj6m         LR   GNorm
--------------------------------------------------------------------------------------------------------
    1 1.004522 0.844422 0.990267   0.949713  0.1075  0.0716  0.1075   8.23e-05  1.4192
    2 0.733585 0.576025 0.974557   0.844976  0.1005  0.0832  0.0989   1.65e-04  2.6109
    3 0.455501 0.299841 0.962801   0.685851  0.0536  0.0844  0.0500   2.47e-04  3.7618
    4 0.332397 0.178545 0.951624   0.747044  0.0788  0.0813  0.0729   3.29e-04  3.8847
    5 0.341521 0.190266 0.935557   0.714241  0.0548  0.0852  0.0432   4.11e-04  4.7123
    6 0.269431 0.121696 0.913788   0.673428  0.0613  0.0802  0.0493   4.11e-04  3.7687  *
    7 0.256324 0.111227 0.897466   0.650287  0.1035  0.0797  0.1002   4.11e-04  3.8452  *
    8 0.241981 0.102107 0.865166   0.649920  0.0619  0.0755  0.0536   4.11e-04  3.6218  *
    9 0.215479 0.081121 0.831046   0.644554  0.0740  0.0850  0.0540   4.11e-04  3.2877  *
   10 0.226111 0.098497 0.789331   0.747756  0.0920  0.0926  0.0681   4.11e-04  3.6778
   11 0.203103 0.089630 0.701864   0.606536  0.1089  0.0869  0.0833   4.11e-04  3.7403  *
   12 0.197226 0.092140 0.649993   0.757646  0.1024  0.0956  0.0512   4.11e-04  3.8672
   13 0.219436 0.108469 0.686360   0.654025  0.0925  0.0987  0.0585   4.11e-04  5.0357
   14 0.255951 0.168276 0.542297   0.673167  0.1016  0.1034  0.0528   4.11e-04  5.4193
   15 0.191981 0.104781 0.539362   0.676122  0.1040  0.0983  0.0613   4.11e-04  4.3876
   16 0.158353 0.076668 0.505243   0.602521  0.0926  0.0997  0.0356   4.11e-04  3.7742  *
   17 0.200811 0.120764 0.495110   0.748517  0.1041  0.1087  0.0108   4.11e-04  6.3201
   18 0.151670 0.080445 0.440550   0.539302  0.1099  0.1080  0.0293   4.11e-04  3.9131  *
   19 0.188623 0.113477 0.464803   0.618774  0.1267  0.1159  0.0761   4.11e-04  5.2043
   20 0.151686 0.085398 0.410011   1.139398  0.0981  0.1144  0.0094   4.11e-04  4.9117
   21 0.151122 0.083073 0.420901   0.807591  0.1088  0.1157  0.0020   4.11e-04  4.5523
   22 0.156009 0.092684 0.391684   0.680496  0.1015  0.1186  0.0116   4.11e-04  4.5503
   23 0.145020 0.084900 0.371864   0.603103  0.1084  0.1116  0.0151   4.11e-04  4.3694
   24 0.202946 0.144508 0.361456   0.573146  0.0982  0.1161  0.0065   4.11e-04  5.9171
   25 0.113279 0.062776 0.312375   0.654170  0.1060  0.1152  0.0042   4.11e-04  3.3933
   26 0.104834 0.051669 0.328846   0.602659  0.1019  0.1155 -0.0117   4.11e-04  3.1172
   27 0.111741 0.060859 0.314720   0.623011  0.1143  0.1133  0.0165   4.11e-04  3.0722
   28 0.097499 0.048564 0.302679   0.619930  0.1077  0.1093  0.0014   4.11e-04  2.5422
   29 0.091072 0.049043 0.259963   0.652113  0.1068  0.1102  0.0210   2.06e-04  2.8649
   30 0.101487 0.056460 0.278507   0.696242  0.0997  0.1108 -0.0036   2.06e-04  2.3328
   31 0.064047 0.028542 0.219607   0.671264  0.1046  0.1093  0.0082   2.06e-04  1.9324
   32 0.066234 0.023291 0.265616   0.701668  0.0974  0.1141 -0.0111   2.06e-04  1.6841
   33 0.065798 0.022915 0.265245   0.652624  0.1017  0.1111 -0.0030   2.06e-04  1.5041
--------------------------------------------------------------------------------------------------------
Early stopping at epoch 33  (patience=15  best_epoch=18  best_val_loss=0.539302)
========================================================================================================
 Test Results  (periodic, seed4)
--------------------------------------------------------------------------------------------------------
Test MSRR loss           2.420780
Test rank corr 6m         0.1188
Test base corr 6m         0.1072
Test adj corr 6m          0.0415
--------------------------------------------------------------------------------------------------------
Best val loss 0.539302  (epoch 18)
Stopped epoch 33
Training time 589.5 seconds
--------------------------------------------------------------------------------------------------------
Weights results1/transformer/weights_periodic_seed4.safetensors
Metrics results1/transformer/metrics_periodic_seed4.json
========================================================================================================

applied tuned hyperparameters for fourier from results1/transformer/transformer-hpt/best_params_fourier.json
========================================================================================================
Variant fourier  Seed 0
Architecture d_model=64  n_heads=4  n_layers=2  d_ff=128  dropout=0.01125930849287406
n_mlp_layers=2  lambda_aux=0.2292394140049934  top_k_attention=50  min_firms_attention=30
Optimiser lr=2.91e-04  wd=2.87e-05  grad_clip=3.923025366109984  patience=15
Loss MSRR (1 - r_pf)^2 + lambda_aux (1 - r_base)^2  lambda_aux=0.2292394140049934
 Data train_months=252  val_months=60
 Model 160,068 trainable parameters
========================================================================================================
Epoch TrnTotal  TrnMain   TrnAux    ValLoss  Corr6m  Base6m   Adj6m         LR   GNorm
--------------------------------------------------------------------------------------------------------
    1 1.088423 0.861415 0.990264   1.032157  0.0901  0.0884  0.0901   5.83e-05  1.2731
    2 0.824831 0.598791 0.986043   0.786000  0.1049  0.0907  0.1049   1.17e-04  5.9990
    3 0.656020 0.430465 0.983928   0.692205  0.1160  0.0904  0.1160   1.75e-04 11.1271
    4 0.667577 0.439485 0.994997   0.680981  0.1151  0.0799  0.1151   2.33e-04 20.7777
    5 0.602657 0.375134 0.992513   0.660880  0.1177  0.0927  0.1177   2.91e-04 17.8612
    6 0.559059 0.330399 0.997472   0.673691  0.1149  0.0954  0.1148   2.91e-04 16.0303  *
    7 0.439415 0.210461 0.998754   0.628000  0.0794  0.0867  0.0793   2.91e-04 10.2096  *
    8 0.428769 0.200329 0.996510   0.694322  0.1001  0.0982  0.1000   2.91e-04 12.3872
    9 0.376675 0.147641 0.999103   0.647477  0.1135  0.0934  0.1134   2.91e-04  8.7649
   10 0.336125 0.107086 0.999126   0.655825  0.1127  0.0920  0.1126   2.91e-04  6.3344
   11 0.331336 0.104314 0.990330   0.646444  0.1033  0.0953  0.1032   2.91e-04  5.8529
   12 0.323088 0.094938 0.995249   0.592514  0.1056  0.0948  0.1055   2.91e-04  5.7656  *
   13 0.306746 0.077729 0.999032   0.578862  0.0939  0.0871  0.0938   2.91e-04  4.7402  *
   14 0.291342 0.062036 1.000287   0.663337  0.1000  0.0963  0.1000   2.91e-04  3.6368
   15 0.280975 0.052516 0.996594   0.829049  0.1079  0.1004  0.1079   2.91e-04  3.3092
   16 0.305146 0.076140 0.998983   0.658238  0.0934  0.0986  0.0934   2.91e-04  3.9262
   17 0.275383 0.046358 0.999063   0.640221  0.1169  0.0925  0.1168   2.91e-04  2.9543
   18 0.273212 0.043926 1.000207   0.699314  0.0879  0.0965  0.0879   2.91e-04  2.7320
   19 0.276525 0.047671 0.998320   0.670773  0.1050  0.1053  0.1049   2.91e-04  2.7235
   20 0.270227 0.040954 1.000146   0.670501  0.0873  0.1028  0.0872   2.91e-04  2.3755
   21 0.261145 0.032495 0.997429   0.651435  0.0930  0.1076  0.0929   2.91e-04  2.0230
   22 0.263244 0.034219 0.999063   0.613831  0.0845  0.1023  0.0844   2.91e-04  1.8995
   23 0.265605 0.036052 1.001371   0.621136  0.0898  0.1090  0.0897   2.91e-04  2.0354
   24 0.262817 0.034615 0.995471   0.655143  0.0881  0.1106  0.0880   1.46e-04  1.9620
   25 0.247451 0.018534 0.998594   0.632299  0.0946  0.1075  0.0945   1.46e-04  1.2507
   26 0.239435 0.010798 0.997372   0.626188  0.0911  0.1063  0.0910   1.46e-04  0.9206
   27 0.238327 0.009091 0.999985   0.635452  0.0978  0.1081  0.0977   1.46e-04  0.8383
   28 0.236526 0.007907 0.997294   0.638239  0.0890  0.1063  0.0889   1.46e-04  0.7639
--------------------------------------------------------------------------------------------------------
Early stopping at epoch 28  (patience=15  best_epoch=13  best_val_loss=0.578862)
========================================================================================================
 Test Results  (fourier, seed0)
--------------------------------------------------------------------------------------------------------
Test MSRR loss           0.517105
Test rank corr 6m         0.1194
Test base corr 6m         0.0996
Test adj corr 6m          0.1194
--------------------------------------------------------------------------------------------------------
Best val loss 0.578862  (epoch 13)
Stopped epoch 28
Training time 693.2 seconds
--------------------------------------------------------------------------------------------------------
Weights results1/transformer/weights_fourier_seed0.safetensors
Metrics results1/transformer/metrics_fourier_seed0.json
========================================================================================================

========================================================================================================
Variant fourier  Seed 1
Architecture d_model=64  n_heads=4  n_layers=2  d_ff=128  dropout=0.01125930849287406
n_mlp_layers=2  lambda_aux=0.2292394140049934  top_k_attention=50  min_firms_attention=30
Optimiser lr=2.91e-04  wd=2.87e-05  grad_clip=3.923025366109984  patience=15
Loss MSRR (1 - r_pf)^2 + lambda_aux (1 - r_base)^2  lambda_aux=0.2292394140049934
 Data train_months=252  val_months=60
 Model 160,068 trainable parameters
========================================================================================================
Epoch TrnTotal  TrnMain   TrnAux    ValLoss  Corr6m  Base6m   Adj6m         LR   GNorm
--------------------------------------------------------------------------------------------------------
    1 1.081250 0.852268 0.998877   1.048485  0.1065  0.0083  0.1066   5.83e-05  1.1925
    2 0.876787 0.650895 0.985398   0.836398  0.1080  0.0923  0.1080   1.17e-04  3.5624
    3 0.684259 0.458427 0.985134   0.759520  0.1182  0.1153  0.1181   1.75e-04 12.6172
    4 0.615411 0.390047 0.983095   0.792667  0.1248  0.1163  0.1248   2.33e-04 13.0438
    5 0.664871 0.436854 0.994667   0.656660  0.1183  0.1174  0.1183   2.91e-04 17.7999
    6 0.577544 0.348936 0.997245   0.676080  0.1134  0.1125  0.1134   2.91e-04 15.1713  *
    7 0.439300 0.210408 0.998484   0.649261  0.1183  0.1087  0.1182   2.91e-04 10.3519  *
    8 0.460705 0.231837 0.998380   0.644049  0.0781  0.1052  0.0780   2.91e-04 11.1486  *
    9 0.382636 0.153191 1.000895   0.682358  0.0932  0.1067  0.0931   2.91e-04  8.1604
   10 0.336495 0.106908 1.001514   0.634222  0.1187  0.1068  0.1187   2.91e-04  5.9243  *
   11 0.334390 0.105264 0.999506   0.626273  0.1160  0.1102  0.1159   2.91e-04  5.9786  *
   12 0.326559 0.097900 0.997465   0.733181  0.0506  0.1016  0.0505   2.91e-04  5.6644
   13 0.307788 0.079157 0.997344   0.732434  0.0609  0.1083  0.0607   2.91e-04  5.0281
   14 0.317039 0.088732 0.995931   0.655080  0.1032  0.1089  0.1031   2.91e-04  5.5640
   15 0.322655 0.094305 0.996123   0.696106  0.1083  0.1167  0.1083   2.91e-04  5.8088
   16 0.292005 0.062807 0.999819   0.742294  0.1106  0.1149  0.1105   2.91e-04  3.6169
   17 0.271807 0.042714 0.999361   0.652792  0.1052  0.1173  0.1051   2.91e-04  2.4592
   18 0.267053 0.038811 0.995651   0.654395  0.1013  0.1125  0.1013   2.91e-04  2.4774
   19 0.268057 0.039905 0.995255   0.861752  0.1015  0.1116  0.1014   2.91e-04  2.5222
   20 0.264603 0.035743 0.998343   0.697369  0.1076  0.1147  0.1076   2.91e-04  1.9962
   21 0.260190 0.032120 0.994899   0.854506  0.1009  0.1089  0.1009   2.91e-04  1.9781
   22 0.255291 0.029056 0.986893   0.801957  0.0852  0.1088  0.0852   1.46e-04  1.6624
   23 0.247665 0.020435 0.991237   0.627529  0.0894  0.1069  0.0893   1.46e-04  1.3931
   24 0.239751 0.011547 0.995483   0.622303  0.1002  0.1087  0.1001   1.46e-04  0.9838  *
   25 0.235373 0.008329 0.990422   0.624539  0.0906  0.1082  0.0905   1.46e-04  0.7647
   26 0.233055 0.006745 0.987220   0.646223  0.0998  0.1089  0.0998   1.46e-04  0.7208
   27 0.233262 0.007852 0.983297   0.626549  0.0980  0.1096  0.0980   1.46e-04  0.7619
   28 0.236215 0.009100 0.990734   0.623037  0.0943  0.1100  0.0942   1.46e-04  0.7829
   29 0.235678 0.007914 0.993562   0.631914  0.0873  0.1090  0.0872   1.46e-04  0.7742
   30 0.236747 0.009062 0.993220   0.628686  0.0901  0.1110  0.0900   1.46e-04  0.8178
   31 0.233220 0.007916 0.982834   0.615360  0.0869  0.1091  0.0868   1.46e-04  0.7487  *
   32 0.238436 0.011969 0.987907   0.699749  0.1016  0.1140  0.1015   1.46e-04  0.9191
   33 0.235611 0.010220 0.983214   0.636963  0.1030  0.1153  0.1030   1.46e-04  0.8280
   34 0.234481 0.008136 0.987376   0.621285  0.0941  0.1140  0.0940   1.46e-04  0.7455
   35 0.233306 0.007979 0.982933   0.664231  0.0856  0.1113  0.0855   1.46e-04  0.7214
   36 0.232617 0.007878 0.980367   0.653788  0.0841  0.1103  0.0840   1.46e-04  0.7098
   37 0.234543 0.009847 0.980179   0.673587  0.0840  0.1105  0.0839   1.46e-04  0.8546
   38 0.234870 0.010753 0.977654   0.658334  0.0878  0.1080  0.0877   1.46e-04  0.8341
   39 0.230636 0.006188 0.979096   0.668575  0.0941  0.1115  0.0940   1.46e-04  0.5940
   40 0.230177 0.006514 0.975677   0.665540  0.0940  0.1109  0.0939   1.46e-04  0.6218
   41 0.229206 0.006014 0.973620   0.660428  0.0878  0.1118  0.0877   1.46e-04  0.5828
   42 0.229257 0.005586 0.975711   0.633134  0.0945  0.1113  0.0943   7.28e-05  0.5237
   43 0.225738 0.003845 0.967954   0.638499  0.0929  0.1114  0.0928   7.28e-05  0.4331
   44 0.223977 0.002101 0.967880   0.634772  0.0905  0.1116  0.0904   7.28e-05  0.2629
   45 0.223331 0.001640 0.967070   0.632134  0.0887  0.1117  0.0885   7.28e-05  0.2061
   46 0.222397 0.001331 0.964347   0.630750  0.0851  0.1109  0.0849   7.28e-05  0.1588
--------------------------------------------------------------------------------------------------------
Early stopping at epoch 46  (patience=15  best_epoch=31  best_val_loss=0.615360)
========================================================================================================
 Test Results  (fourier, seed1)
--------------------------------------------------------------------------------------------------------
Test MSRR loss           0.655094
Test rank corr 6m         0.1035
Test base corr 6m         0.1185
Test adj corr 6m          0.1034
--------------------------------------------------------------------------------------------------------
Best val loss 0.615360  (epoch 31)
Stopped epoch 46
Training time 1138.6 seconds
--------------------------------------------------------------------------------------------------------
Weights results1/transformer/weights_fourier_seed1.safetensors
Metrics results1/transformer/metrics_fourier_seed1.json
========================================================================================================

========================================================================================================
Variant fourier  Seed 2
Architecture d_model=64  n_heads=4  n_layers=2  d_ff=128  dropout=0.01125930849287406
n_mlp_layers=2  lambda_aux=0.2292394140049934  top_k_attention=50  min_firms_attention=30
Optimiser lr=2.91e-04  wd=2.87e-05  grad_clip=3.923025366109984  patience=15
Loss MSRR (1 - r_pf)^2 + lambda_aux (1 - r_base)^2  lambda_aux=0.2292394140049934
 Data train_months=252  val_months=60
 Model 160,068 trainable parameters
========================================================================================================
Epoch TrnTotal  TrnMain   TrnAux    ValLoss  Corr6m  Base6m   Adj6m         LR   GNorm
--------------------------------------------------------------------------------------------------------
    1 1.090042 0.862506 0.992567   1.054787  0.1075  0.0417  0.1075   5.83e-05  1.2663
    2 0.915468 0.688066 0.991983   0.962115  0.1223  0.0826  0.1223   1.17e-04  2.0713
    3 0.666959 0.439629 0.991670   1.297929  0.0783  0.0853  0.0782   1.75e-04  5.3392
    4 0.536539 0.308625 0.994217   0.916579  0.0889  0.0933  0.0888   2.33e-04  6.5700
    5 0.403442 0.176460 0.990156   0.817318  0.1091  0.0907  0.1091   2.91e-04  4.1533
    6 0.337155 0.109867 0.991486   0.805746  0.0948  0.0878  0.0947   2.91e-04  4.3267  *
    7 0.296086 0.069209 0.989693   0.937302  0.0712  0.0763  0.0711   2.91e-04  3.2854
    8 0.289588 0.063459 0.986430   0.753641  0.0898  0.0743  0.0898   2.91e-04  3.1335  *
    9 0.273508 0.046780 0.989046   0.823613  0.0700  0.0778  0.0699   2.91e-04  2.6388
   10 0.265512 0.038775 0.989086   0.769437  0.0930  0.0794  0.0930   2.91e-04  2.5529
   11 0.260342 0.032549 0.993693   0.936885  0.0854  0.0804  0.0853   2.91e-04  2.0993
   12 0.263015 0.034902 0.995087   0.840559  0.0970  0.0825  0.0970   2.91e-04  1.9251
   13 0.251020 0.024456 0.988328   0.989631  0.1030  0.0838  0.1029   2.91e-04  1.3954
   14 0.258044 0.031749 0.987154   0.917110  0.0719  0.0800  0.0719   2.91e-04  1.5932
   15 0.253323 0.026993 0.987310   0.950261  0.0986  0.0901  0.0985   2.91e-04  1.4941
   16 0.248513 0.022217 0.987164   0.889714  0.0804  0.0902  0.0804   2.91e-04  1.2845
   17 0.244305 0.019618 0.980143   0.775373  0.1039  0.0955  0.1038   2.91e-04  1.1229
   18 0.245571 0.018175 0.991959   0.899095  0.0993  0.0889  0.0992   2.91e-04  1.2048
   19 0.245254 0.019522 0.984700   0.896022  0.1006  0.0885  0.1005   1.46e-04  1.1393
   20 0.236201 0.011375 0.980748   0.863305  0.0975  0.0869  0.0975   1.46e-04  0.7307
   21 0.230656 0.006325 0.978585   0.840713  0.0944  0.0862  0.0943   1.46e-04  0.5432
   22 0.228152 0.005078 0.973104   0.917957  0.0984  0.0850  0.0983   1.46e-04  0.4839
   23 0.225860 0.003327 0.970744   0.935983  0.1000  0.0866  0.1000   1.46e-04  0.3951
--------------------------------------------------------------------------------------------------------
Early stopping at epoch 23  (patience=15  best_epoch=8  best_val_loss=0.753641)
========================================================================================================
 Test Results  (fourier, seed2)
--------------------------------------------------------------------------------------------------------
Test MSRR loss           1.217183
Test rank corr 6m         0.1205
Test base corr 6m         0.0900
Test adj corr 6m          0.1204
--------------------------------------------------------------------------------------------------------
Best val loss 0.753641  (epoch 8)
Stopped epoch 23
Training time 569.8 seconds
--------------------------------------------------------------------------------------------------------
Weights results1/transformer/weights_fourier_seed2.safetensors
Metrics results1/transformer/metrics_fourier_seed2.json
========================================================================================================

========================================================================================================
Variant fourier  Seed 3
Architecture d_model=64  n_heads=4  n_layers=2  d_ff=128  dropout=0.01125930849287406
n_mlp_layers=2  lambda_aux=0.2292394140049934  top_k_attention=50  min_firms_attention=30
Optimiser lr=2.91e-04  wd=2.87e-05  grad_clip=3.923025366109984  patience=15
Loss MSRR (1 - r_pf)^2 + lambda_aux (1 - r_base)^2  lambda_aux=0.2292394140049934
 Data train_months=252  val_months=60
 Model 160,068 trainable parameters
========================================================================================================
Epoch TrnTotal  TrnMain   TrnAux    ValLoss  Corr6m  Base6m   Adj6m         LR   GNorm
--------------------------------------------------------------------------------------------------------
    1 1.090184 0.863006 0.991007   1.045588  0.1102  0.1038  0.1102   5.83e-05  1.1501
    2 0.933493 0.710633 0.972171   0.931648  0.1182  0.1213  0.1181   1.17e-04  1.6075
    3 0.713906 0.486919 0.990173   0.760114  0.1242  0.1103  0.1241   1.75e-04  8.5230
    4 0.569096 0.341161 0.994311   0.771261  0.1170  0.0978  0.1169   2.33e-04 12.6950
    5 0.531756 0.304444 0.991592   0.690204  0.1064  0.0956  0.1063   2.91e-04 14.5798
    6 0.564073 0.335834 0.995635   0.641132  0.1173  0.1006  0.1172   2.91e-04 13.8784  *
    7 0.417892 0.189924 0.994453   0.590742  0.1279  0.0980  0.1278   2.91e-04 12.8860  *
    8 0.361552 0.133774 0.993625   0.654162  0.1363  0.0927  0.1363   2.91e-04  9.4770
    9 0.370994 0.143269 0.993393   0.603628  0.1201  0.1057  0.1201   2.91e-04  8.6818
   10 0.360880 0.133532 0.991751   0.691144  0.1067  0.0953  0.1066   2.91e-04  7.5878
   11 0.307919 0.082658 0.982643   0.713849  0.1081  0.0942  0.1079   2.91e-04  5.5923
   12 0.290773 0.065980 0.980603   0.636809  0.1316  0.1003  0.1315   2.91e-04  3.9730
   13 0.335065 0.108423 0.988673   0.704280  0.1147  0.1038  0.1146   2.91e-04  5.7896
   14 0.306965 0.079234 0.993419   0.588155  0.1082  0.0937  0.1082   2.91e-04  5.0182  *
   15 0.271474 0.044723 0.989142   0.643587  0.1403  0.1025  0.1402   2.91e-04  2.8788
   16 0.270321 0.043621 0.988923   0.644016  0.0992  0.0960  0.0991   2.91e-04  2.8230
   17 0.264430 0.035698 0.997784   0.720662  0.1156  0.0955  0.1154   2.91e-04  2.3367
   18 0.268898 0.040712 0.995403   0.582281  0.1214  0.0972  0.1213   2.91e-04  2.6027  *
   19 0.266516 0.038753 0.993558   0.684212  0.1148  0.0983  0.1146   2.91e-04  2.6476
   20 0.260713 0.034167 0.988252   0.657056  0.1160  0.0987  0.1158   2.91e-04  2.0998
   21 0.263031 0.037380 0.984348   0.655624  0.1183  0.1012  0.1182   2.91e-04  2.1056
   22 0.246683 0.021738 0.981264   0.670262  0.1138  0.0893  0.1137   2.91e-04  1.5382
   23 0.269315 0.040514 0.998087   0.709781  0.1240  0.0904  0.1239   2.91e-04  2.3723
   24 0.254095 0.026189 0.994181   0.703847  0.1208  0.0813  0.1208   2.91e-04  1.6522
   25 0.266461 0.038849 0.992904   0.624598  0.1090  0.0861  0.1089   2.91e-04  2.0516
   26 0.256587 0.027701 0.998458   0.612989  0.1214  0.0884  0.1213   2.91e-04  1.5407
   27 0.246854 0.020398 0.987860   0.604513  0.1290  0.0887  0.1289   2.91e-04  1.2532
   28 0.255614 0.027695 0.994241   0.649638  0.1102  0.0878  0.1101   2.91e-04  1.5132
   29 0.246907 0.019162 0.993479   0.641881  0.1259  0.0935  0.1258   1.46e-04  1.2183
   30 0.241007 0.013059 0.994366   0.604070  0.1222  0.0938  0.1221   1.46e-04  0.8818
   31 0.233982 0.007677 0.987202   0.588901  0.1200  0.0945  0.1199   1.46e-04  0.6281
   32 0.231745 0.005330 0.987679   0.577089  0.1251  0.0972  0.1250   1.46e-04  0.4958  *
   33 0.231003 0.004176 0.989478   0.583003  0.1255  0.0957  0.1254   1.46e-04  0.4098
   34 0.230744 0.004308 0.987768   0.583753  0.1209  0.0953  0.1208   1.46e-04  0.4435
   35 0.231082 0.006718 0.978728   0.587243  0.1250  0.0948  0.1249   1.46e-04  0.5660
   36 0.228924 0.006383 0.970783   0.565704  0.1206  0.0952  0.1205   1.46e-04  0.5347  *
   37 0.229457 0.006453 0.972802   0.575587  0.1254  0.0987  0.1252   1.46e-04  0.5749
   38 0.230780 0.007658 0.973312   0.591307  0.1166  0.0971  0.1164   1.46e-04  0.6294
   39 0.230676 0.006835 0.976454   0.586914  0.1206  0.1008  0.1203   1.46e-04  0.5787
   40 0.228723 0.007428 0.965347   0.566403  0.1211  0.0995  0.1208   1.46e-04  0.5634
   41 0.227106 0.006951 0.960372   0.568904  0.1208  0.1009  0.1206   1.46e-04  0.5887
   42 0.225068 0.006198 0.954766   0.592986  0.1220  0.0981  0.1217   1.46e-04  0.5155
   43 0.225444 0.008075 0.948219   0.650096  0.1143  0.0953  0.1140   1.46e-04  0.6134
   44 0.222896 0.006922 0.942133   0.611117  0.1220  0.0976  0.1217   1.46e-04  0.5621
   45 0.222073 0.005491 0.944784   0.571217  0.1248  0.0970  0.1245   1.46e-04  0.5009
   46 0.217160 0.004800 0.926370   0.579592  0.1240  0.0986  0.1236   1.46e-04  0.4559
   47 0.217234 0.005962 0.921619   0.592911  0.1208  0.0964  0.1203   7.28e-05  0.5146
   48 0.216689 0.006633 0.916317   0.563205  0.1235  0.0998  0.1230   7.28e-05  0.5083  *
   49 0.210452 0.002222 0.908352   0.561630  0.1249  0.0980  0.1244   7.28e-05  0.2551  *
   50 0.207302 0.001531 0.897626   0.570929  0.1228  0.0987  0.1222   7.28e-05  0.1880
   51 0.205190 0.001224 0.889754   0.563806  0.1226  0.0985  0.1221   7.28e-05  0.1444
   52 0.202538 0.001040 0.878984   0.560203  0.1236  0.0987  0.1230   7.28e-05  0.1135  *
   53 0.201819 0.000985 0.876090   0.562937  0.1221  0.0986  0.1214   7.28e-05  0.1079
   54 0.201264 0.000961 0.873769   0.559230  0.1225  0.0996  0.1218   7.28e-05  0.1004  *
   55 0.201003 0.001075 0.872134   0.552505  0.1206  0.0989  0.1198   7.28e-05  0.1239  *
   56 0.201675 0.001481 0.873296   0.564852  0.1249  0.1006  0.1240   7.28e-05  0.1992
   57 0.202095 0.002101 0.872425   0.575486  0.1170  0.0965  0.1161   7.28e-05  0.2597
   58 0.204942 0.003201 0.880046   0.550927  0.1234  0.1045  0.1221   7.28e-05  0.3472  *
   59 0.205590 0.004439 0.877473   0.556363  0.1228  0.1026  0.1215   7.28e-05  0.4391
   60 0.202858 0.003131 0.871259   0.546686  0.1249  0.1030  0.1235   7.28e-05  0.3416  *
   61 0.202658 0.002478 0.873238   0.565107  0.1247  0.1023  0.1231   7.28e-05  0.2809
   62 0.200493 0.001657 0.867373   0.571400  0.1200  0.1021  0.1179   7.28e-05  0.2076
   63 0.199483 0.001647 0.863011   0.558275  0.1200  0.1039  0.1176   7.28e-05  0.2101
   64 0.200041 0.001787 0.864832   0.583336  0.1201  0.1017  0.1175   7.28e-05  0.2336
   65 0.198831 0.001755 0.859692   0.572701  0.1241  0.1050  0.1212   7.28e-05  0.2255
   66 0.199787 0.002351 0.861265   0.545189  0.1262  0.1062  0.1232   7.28e-05  0.2953  *
   67 0.200456 0.003224 0.860378   0.535570  0.1253  0.1055  0.1211   7.28e-05  0.3574  *
   68 0.199284 0.002882 0.856754   0.559799  0.1246  0.1067  0.1199   7.28e-05  0.3286
   69 0.196788 0.001734 0.850876   0.559819  0.1265  0.1063  0.1215   7.28e-05  0.2357
   70 0.196042 0.001925 0.846790   0.554897  0.1273  0.1073  0.1212   7.28e-05  0.2509
   71 0.195213 0.002006 0.842816   0.547585  0.1298  0.1084  0.1232   7.28e-05  0.2708
   72 0.193522 0.002224 0.834490   0.560099  0.1304  0.1092  0.1210   7.28e-05  0.3097
   73 0.192622 0.002584 0.828996   0.548975  0.1321  0.1097  0.1232   7.28e-05  0.3429
   74 0.191541 0.003379 0.820808   0.540142  0.1289  0.1104  0.1137   7.28e-05  0.4342
   75 0.189265 0.004190 0.807344   0.528319  0.1309  0.1120  0.1181   7.28e-05  0.5101  *
   76 0.187629 0.006454 0.790331   0.537883  0.1322  0.1119  0.1156   7.28e-05  0.6902
   77 0.181773 0.006787 0.763335   0.527027  0.1368  0.1129  0.1218   7.28e-05  0.8097  *
   78 0.175478 0.010866 0.718077   0.469302  0.1329  0.1141  0.1115   7.28e-05  1.2590  *
   79 0.167738 0.018089 0.652810   0.533743  0.1269  0.1159  0.1057   7.28e-05  2.3958
   80 0.161852 0.022030 0.609939   0.487442  0.1358  0.1211  0.1121   7.28e-05  2.6980
   81 0.153732 0.016770 0.597465   0.457827  0.1304  0.1213  0.1010   7.28e-05  3.3955  *
   82 0.149953 0.021437 0.560620   0.476010  0.1321  0.1245  0.0960   7.28e-05  3.6711
   83 0.134778 0.018586 0.506859   0.468712  0.1332  0.1256  0.0938   7.28e-05  3.1888
   84 0.127138 0.016954 0.480652   0.466221  0.1295  0.1253  0.0822   7.28e-05  3.3487
   85 0.130574 0.026438 0.454267   0.458163  0.1360  0.1280  0.0945   7.28e-05  3.5391
   86 0.116160 0.018037 0.428034   0.460918  0.1358  0.1287  0.0929   7.28e-05  3.3554
   87 0.113656 0.015192 0.429521   0.414866  0.1348  0.1289  0.0892   7.28e-05  3.5999  *
   88 0.108883 0.016372 0.403560   0.457612  0.1331  0.1285  0.0787   7.28e-05  3.4184
   89 0.113191 0.018811 0.411710   0.481599  0.1319  0.1289  0.0788   7.28e-05  4.5440
   90 0.108021 0.016666 0.398514   0.482521  0.1340  0.1293  0.0714   7.28e-05  4.1287
   91 0.105804 0.019762 0.375335   0.467310  0.1331  0.1287  0.0692   7.28e-05  4.2947
   92 0.100485 0.017334 0.362726   0.424812  0.1347  0.1301  0.0706   7.28e-05  3.8512
   93 0.100236 0.014962 0.371988   0.453885  0.1337  0.1290  0.0613   7.28e-05  3.8258
   94 0.096343 0.014848 0.355499   0.509586  0.1344  0.1297  0.0514   7.28e-05  3.7367
   95 0.097711 0.017052 0.351855   0.473237  0.1333  0.1285  0.0581   7.28e-05  3.9619
   96 0.102567 0.020343 0.358680   0.478773  0.1306  0.1294  0.0624   7.28e-05  3.8889
   97 0.095597 0.015982 0.347301   0.496974  0.1315  0.1306  0.0366   7.28e-05  4.4959
   98 0.095106 0.017646 0.337900   0.476393  0.1326  0.1311  0.0536   3.64e-05  4.0814
   99 0.086835 0.009882 0.335690   0.464067  0.1319  0.1308  0.0349   3.64e-05  3.6673
  100 0.089589 0.010037 0.347025   0.444346  0.1335  0.1305  0.0387   3.64e-05  3.5544
========================================================================================================
 Test Results  (fourier, seed3)
--------------------------------------------------------------------------------------------------------
Test MSRR loss           6.805599
Test rank corr 6m         0.1341
Test base corr 6m         0.1284
Test adj corr 6m          0.0887
--------------------------------------------------------------------------------------------------------
Best val loss 0.414866  (epoch 87)
Stopped epoch 100
Training time 2474.8 seconds
--------------------------------------------------------------------------------------------------------
Weights results1/transformer/weights_fourier_seed3.safetensors
Metrics results1/transformer/metrics_fourier_seed3.json
========================================================================================================

========================================================================================================
Variant fourier  Seed 4
Architecture d_model=64  n_heads=4  n_layers=2  d_ff=128  dropout=0.01125930849287406
n_mlp_layers=2  lambda_aux=0.2292394140049934  top_k_attention=50  min_firms_attention=30
Optimiser lr=2.91e-04  wd=2.87e-05  grad_clip=3.923025366109984  patience=15
Loss MSRR (1 - r_pf)^2 + lambda_aux (1 - r_base)^2  lambda_aux=0.2292394140049934
 Data train_months=252  val_months=60
 Model 160,068 trainable parameters
========================================================================================================
Epoch TrnTotal  TrnMain   TrnAux    ValLoss  Corr6m  Base6m   Adj6m         LR   GNorm
--------------------------------------------------------------------------------------------------------
    1 1.085779 0.857693 0.994973   0.993327  0.0921  0.0987  0.0921   5.83e-05  1.3715
    2 0.786715 0.561393 0.982912   0.745263  0.1025  0.0771  0.1025   1.17e-04  6.2806
    3 0.648784 0.420986 0.993709   0.721410  0.0960  0.0804  0.0959   1.75e-04 13.1405
    4 0.690878 0.462726 0.995256   0.947003  0.0956  0.0607  0.0956   2.33e-04 20.4689
    5 0.630068 0.402164 0.994172   0.875216  0.1076  0.0531  0.1076   2.91e-04 16.5454
    6 0.581678 0.352911 0.997942   0.791404  0.1068  0.0443  0.1068   2.91e-04 19.3753  *
    7 0.577982 0.349646 0.996059   0.722011  0.1223  0.0718  0.1223   2.91e-04 19.2541  *
    8 0.497133 0.267368 1.002293   0.691689  0.1126  0.0601  0.1126   2.91e-04 14.5644  *
    9 0.416337 0.188034 0.995914   0.764150  0.0962  0.0582  0.0962   2.91e-04  9.7320
   10 0.366533 0.137641 0.998484   0.714117  0.0921  0.0650  0.0921   2.91e-04  7.9809
   11 0.361834 0.133867 0.994447   0.712827  0.1047  0.0633  0.1047   2.91e-04  7.1945
   12 0.317935 0.090320 0.992915   0.685166  0.1025  0.0607  0.1025   2.91e-04  5.6171  *
   13 0.304112 0.074709 1.000711   0.598667  0.0860  0.0532  0.0859   2.91e-04  4.4462  *
   14 0.282267 0.053742 0.996885   0.584795  0.0676  0.0549  0.0675   2.91e-04  3.5641  *
   15 0.271213 0.042310 0.998533   0.689101  0.0956  0.0618  0.0955   2.91e-04  2.9404
   16 0.264242 0.035923 0.995986   0.555156  0.0671  0.0572  0.0671   2.91e-04  2.5446  *
   17 0.288435 0.060542 0.994128   0.586374  0.1005  0.0736  0.1004   2.91e-04  3.4847
   18 0.271119 0.043044 0.994919   0.607765  0.0831  0.0583  0.0830   2.91e-04  2.7489
   19 0.265044 0.037037 0.994625   0.682724  0.0970  0.0629  0.0969   2.91e-04  2.2276
   20 0.257203 0.029453 0.993504   0.594311  0.0873  0.0637  0.0872   2.91e-04  1.9952
   21 0.253231 0.024493 0.997814   0.605585  0.1067  0.0713  0.1067   2.91e-04  1.6667
   22 0.255177 0.026966 0.995511   0.513479  0.0828  0.0726  0.0827   2.91e-04  1.8263  *
   23 0.255484 0.026372 0.999445   0.754266  0.0978  0.0661  0.0977   2.91e-04  1.7443
   24 0.259876 0.031105 0.997960   0.557299  0.1096  0.0761  0.1095   2.91e-04  2.0176
   25 0.270865 0.042478 0.996284   0.592450  0.0875  0.0741  0.0874   2.91e-04  2.3079
   26 0.252319 0.023006 1.000319   0.575239  0.1148  0.0799  0.1148   2.91e-04  1.5367
   27 0.252815 0.024621 0.995441   0.572322  0.0891  0.0790  0.0891   2.91e-04  1.4280
   28 0.249193 0.020787 0.996366   0.631422  0.1011  0.0789  0.1010   2.91e-04  1.2327
   29 0.247977 0.018214 1.002284   0.562169  0.0752  0.0728  0.0751   2.91e-04  1.1446
   30 0.246919 0.018003 0.998590   0.529140  0.1059  0.0747  0.1058   2.91e-04  1.1670
   31 0.249930 0.022102 0.993840   0.510374  0.1072  0.0732  0.1071   2.91e-04  1.3290  *
   32 0.250248 0.021683 0.997056   0.577504  0.0978  0.0763  0.0977   2.91e-04  1.1969
   33 0.254585 0.026175 0.996381   0.564358  0.1051  0.0724  0.1050   2.91e-04  1.3936
   34 0.247444 0.019269 0.995354   0.636280  0.1030  0.0797  0.1029   2.91e-04  1.0057
   35 0.244262 0.015090 0.999706   0.550893  0.1005  0.0787  0.1004   2.91e-04  0.8414
   36 0.238202 0.010425 0.993621   0.538462  0.1072  0.0833  0.1071   2.91e-04  0.7066
   37 0.240588 0.012388 0.995462   0.501462  0.0932  0.0810  0.0930   2.91e-04  0.7433  *
   38 0.239582 0.010468 0.999452   0.588697  0.1073  0.0877  0.1072   2.91e-04  0.7123
   39 0.240993 0.012310 0.997573   0.532428  0.1046  0.0834  0.1045   2.91e-04  0.7645
   40 0.244129 0.014688 1.000879   0.555025  0.1001  0.0900  0.1000   2.91e-04  0.8787
   41 0.249907 0.020628 1.000170   0.548029  0.0800  0.0849  0.0799   2.91e-04  1.0878
   42 0.240428 0.011195 0.999973   0.643597  0.0806  0.0874  0.0805   2.91e-04  0.7295
   43 0.243742 0.015944 0.993714   0.623182  0.0726  0.0841  0.0724   2.91e-04  0.8545
   44 0.245481 0.017536 0.994354   0.628839  0.0905  0.0830  0.0904   2.91e-04  0.9672
   45 0.240350 0.013484 0.989646   0.543722  0.0963  0.0787  0.0962   2.91e-04  0.7606
   46 0.239133 0.010996 0.995191   0.568355  0.0754  0.0890  0.0752   2.91e-04  0.6346
   47 0.235176 0.010164 0.981558   0.555658  0.0887  0.0855  0.0885   2.91e-04  0.5848
   48 0.240048 0.014233 0.985063   0.530926  0.0854  0.0807  0.0853   1.46e-04  0.7713
   49 0.233752 0.010771 0.972696   0.587764  0.0883  0.0862  0.0881   1.46e-04  0.5775
   50 0.228905 0.005471 0.974676   0.579920  0.0970  0.0859  0.0969   1.46e-04  0.3684
   51 0.226277 0.002824 0.974762   0.579311  0.0998  0.0850  0.0996   1.46e-04  0.2305
   52 0.225060 0.002008 0.973007   0.578013  0.0951  0.0846  0.0950   1.46e-04  0.1744
--------------------------------------------------------------------------------------------------------
Early stopping at epoch 52  (patience=15  best_epoch=37  best_val_loss=0.501462)
========================================================================================================
 Test Results  (fourier, seed4)
--------------------------------------------------------------------------------------------------------
Test MSRR loss           0.615693
Test rank corr 6m         0.1095
Test base corr 6m         0.1012
Test adj corr 6m          0.1094
--------------------------------------------------------------------------------------------------------
Best val loss 0.501462  (epoch 37)
Stopped epoch 52
Training time 1289.0 seconds
--------------------------------------------------------------------------------------------------------
Weights results1/transformer/weights_fourier_seed4.safetensors
Metrics results1/transformer/metrics_fourier_seed4.json
========================================================================================================

All variants and seeds trained successfully
