Processed data found. Skipping preprocessing.
K0 characteristics, 55
K1 characteristics, 97
K0 missingness flags, 55
K1 missingness flags, 97
Countries, 24
applied tuned hyperparameters for linear from results1/transformer/transformer-hpt/best_params_linear.json
========================================================================================================
Variant linear  Seed 0
Path 1 d_model=96  d_ff=384  n_mlp_layers=3  dropout=0.11435902687764132
Path 2 path2_n_layers=3  path2_n_heads=2  path2_d_ff=512  min_firms_attention=30
Optimiser lr=3.94e-04  wd=1.19e-06  grad_clip=3.537172567258667  patience=15
Loss MSRR (1 - r_pf)^2 + lambda_aux (1 - r_base)^2 + lambda_aux2 (1 - r_path2)^2  lambda_aux=0.30725284749564463  lambda_aux2=0.21744178367981443
 Data train_months=252  val_months=60
 Model 1,123,811 trainable parameters
========================================================================================================
Epoch TrnTotal  TrnMain   TrnAux    ValLoss  Corr6m  Base6m Path26m         LR   GNorm
--------------------------------------------------------------------------------------------------------
    1 1.135932 0.729448 0.769375   1.033547  0.1307  0.1167  0.1285   7.88e-05  6.6746
    2 0.851773 0.569166 0.546015   0.963738  0.1305  0.1189  0.1212   1.58e-04 21.2596
    3 0.760504 0.509600 0.474210   0.734125  0.1384  0.1191  0.1364   2.37e-04 19.9041
    4 0.879404 0.577563 0.584908   1.228699  0.1498  0.1187  0.1544   3.15e-04 23.3988
    5 0.758318 0.497538 0.447319   0.781238  0.1313  0.1134  0.1329   3.94e-04 21.6014
    6 0.985852 0.662224 0.613879   0.752768  0.1340  0.1211  0.1288   3.94e-04 27.7877  *
    7 0.999730 0.684604 0.437673   0.696119  0.1410  0.1232  0.1347   3.94e-04 23.5840  *
    8 0.665964 0.418873 0.401643   0.860554  0.1449  0.1248  0.1431   3.94e-04 15.7417
    9 0.704342 0.464203 0.374384   1.015681  0.1197  0.1253  0.1047   3.94e-04 17.3618
   10 0.682121 0.402632 0.540028   1.131201  0.0916  0.1234  0.0750   3.94e-04 17.6557
   11 1.109156 0.798045 0.404591   1.186795  0.1106  0.1269  0.0970   3.94e-04 16.6325
   12 1.112290 0.837226 0.286221   1.181786  0.1006  0.1242  0.0843   3.94e-04  9.1820
   13 1.003404 0.722719 0.336833   0.934181  0.1174  0.1342  0.1005   3.94e-04  9.5707
   14 1.340262 0.898779 0.793752   0.941183  0.1337  0.1353  0.1222   3.94e-04  6.9904
   15 1.258400 0.972624 0.241501   0.820489  0.1280  0.1268  0.1241   3.94e-04  1.4413
   16 1.280080 0.977267 0.288571   0.890657  0.1323  0.1269  0.1246   3.94e-04  2.3555
   17 1.274290 0.976002 0.280976   0.834563  0.1304  0.1269  0.1242   3.94e-04  2.1398
   18 1.291076 0.998445 0.245171   0.853246  0.1301  0.1298  0.1242   1.97e-04  1.6777
   19 1.273201 0.986585 0.229295   0.849295  0.1268  0.1269  0.1244   1.97e-04  1.4825
   20 1.284693 0.996298 0.233719   0.857324  0.1280  0.1271  0.1245   1.97e-04  1.4855
   21 1.248551 0.986141 0.151231   0.918398  0.1282  0.1286  0.1244   1.97e-04  1.1745
   22 1.282160 0.992368 0.234504   0.901068  0.1302  0.1318  0.1241   1.97e-04  1.2921
--------------------------------------------------------------------------------------------------------
Early stopping at epoch 22  (patience=15  best_epoch=7  best_val_loss=0.696119)
========================================================================================================
 Test Results  (linear, seed0)
--------------------------------------------------------------------------------------------------------
Test MSRR loss           1.320315
Test rank corr 6m         0.1335
Test base corr 6m         0.1248
Test path2 corr 6m        0.1239
--------------------------------------------------------------------------------------------------------
Best val loss 0.696119  (epoch 7)
Stopped epoch 22
Training time 380.9 seconds
--------------------------------------------------------------------------------------------------------
Weights results1/transformer/weights_linear_seed0.safetensors
Metrics results1/transformer/metrics_linear_seed0.json
========================================================================================================

========================================================================================================
Variant linear  Seed 1
Path 1 d_model=96  d_ff=384  n_mlp_layers=3  dropout=0.11435902687764132
Path 2 path2_n_layers=3  path2_n_heads=2  path2_d_ff=512  min_firms_attention=30
Optimiser lr=3.94e-04  wd=1.19e-06  grad_clip=3.537172567258667  patience=15
Loss MSRR (1 - r_pf)^2 + lambda_aux (1 - r_base)^2 + lambda_aux2 (1 - r_path2)^2  lambda_aux=0.30725284749564463  lambda_aux2=0.21744178367981443
 Data train_months=252  val_months=60
 Model 1,123,811 trainable parameters
========================================================================================================
Epoch TrnTotal  TrnMain   TrnAux    ValLoss  Corr6m  Base6m Path26m         LR   GNorm
--------------------------------------------------------------------------------------------------------
    1 1.165231 0.756344 0.770952   0.991645  0.1169  0.1151  0.1092   7.88e-05  7.9951
    2 0.799863 0.536296 0.544099   1.211906  0.1280  0.1213  0.1210   1.58e-04 23.9497
    3 0.565843 0.339697 0.455879   0.843713  0.1309  0.1247  0.1223   2.37e-04 12.6397
    4 0.759845 0.517290 0.454808   1.080175  0.0984  0.1221  0.0650   3.15e-04 18.4086
    5 0.680184 0.435689 0.428462   1.031752  0.1285  0.1197  0.1238   3.94e-04 12.2257
    6 0.680795 0.439662 0.445297   1.018489  0.1305  0.1261  0.1165   3.94e-04 14.4991  *
    7 0.604102 0.366699 0.458377   1.401791  0.1351  0.1290  0.1253   3.94e-04 10.7910
    8 0.596460 0.375383 0.400381   0.913472  0.1429  0.1290  0.1228   3.94e-04 13.7171  *
    9 0.596779 0.277802 0.762533   1.177000  0.1375  0.1316  0.1273   3.94e-04 12.7853
   10 0.427323 0.277171 0.253397   1.026937  0.1417  0.1321  0.1278   3.94e-04  8.9783
   11 0.640202 0.412798 0.313952   1.318679  0.1362  0.1336  0.1032   3.94e-04 11.8746
   12 0.513203 0.324220 0.390103   1.123339  0.1282  0.1284  0.0909   3.94e-04 15.2453
   13 0.526836 0.280575 0.537177   1.005116  0.1304  0.1258  0.1102   3.94e-04  9.4283
   14 0.461537 0.282260 0.244205   0.892544  0.1232  0.1234  0.1137   3.94e-04  9.8549  *
   15 0.395360 0.239569 0.269076   1.258098  0.1292  0.1257  0.0978   3.94e-04  7.0809
   16 0.335722 0.192215 0.245613   0.878725  0.1278  0.1183  0.1166   3.94e-04  7.5523  *
   17 0.380597 0.204861 0.324061   0.975930  0.1349  0.1183  0.1264   3.94e-04  8.4707
   18 0.363395 0.190512 0.238214   0.723640  0.1285  0.1187  0.1165   3.94e-04  8.1700  *
   19 0.494532 0.308013 0.296617   0.908774  0.1368  0.1251  0.1235   3.94e-04  9.2731
   20 0.309972 0.183041 0.237127   0.674392  0.1310  0.1246  0.1082   3.94e-04  6.4212  *
   21 0.308624 0.143498 0.277900   0.822089  0.1312  0.1221  0.1144   3.94e-04  7.5444
   22 0.340015 0.191740 0.259358   1.237871  0.1266  0.1218  0.1065   3.94e-04  7.6004
   23 0.336574 0.191390 0.295626   0.938279  0.1179  0.1166  0.1021   3.94e-04  5.8198
   24 0.313756 0.179090 0.251595   1.119443  0.1141  0.1133  0.1001   3.94e-04  7.1709
   25 0.425367 0.262337 0.334857   0.857393  0.1133  0.1172  0.0903   3.94e-04  5.7286
   26 0.343988 0.194822 0.306167   0.931142  0.1100  0.1112  0.0927   3.94e-04  6.3917
   27 0.431154 0.264592 0.315263   1.270506  0.1227  0.1198  0.0972   3.94e-04  5.6949
   28 0.451363 0.272293 0.361122   1.184851  0.1030  0.1162  0.0716   3.94e-04 18.0198
   29 0.315970 0.158696 0.287818   1.427170  0.0967  0.1141  0.0644   3.94e-04  7.5338
   30 0.446280 0.251986 0.332245   1.083999  0.1240  0.1238  0.1019   3.94e-04 10.0484
   31 0.472240 0.286336 0.380359   1.212432  0.1087  0.1194  0.0375   1.97e-04  7.9447
   32 0.395583 0.236365 0.288041   0.951922  0.1100  0.1143  0.0578   1.97e-04 12.0975
   33 0.285536 0.151910 0.301840   0.969127  0.1144  0.1158  0.0852   1.97e-04  5.9485
   34 0.274627 0.150145 0.279612   0.922930  0.1159  0.1066  0.1085   1.97e-04  7.4926
   35 0.238259 0.129666 0.210873   1.089336  0.1154  0.1111  0.1055   1.97e-04  8.8092
--------------------------------------------------------------------------------------------------------
Early stopping at epoch 35  (patience=15  best_epoch=20  best_val_loss=0.674392)
========================================================================================================
 Test Results  (linear, seed1)
--------------------------------------------------------------------------------------------------------
Test MSRR loss           0.523498
Test rank corr 6m         0.1273
Test base corr 6m         0.1249
Test path2 corr 6m        0.0999
--------------------------------------------------------------------------------------------------------
Best val loss 0.674392  (epoch 20)
Stopped epoch 35
Training time 735.9 seconds
--------------------------------------------------------------------------------------------------------
Weights results1/transformer/weights_linear_seed1.safetensors
Metrics results1/transformer/metrics_linear_seed1.json
========================================================================================================

========================================================================================================
Variant linear  Seed 2
Path 1 d_model=96  d_ff=384  n_mlp_layers=3  dropout=0.11435902687764132
Path 2 path2_n_layers=3  path2_n_heads=2  path2_d_ff=512  min_firms_attention=30
Optimiser lr=3.94e-04  wd=1.19e-06  grad_clip=3.537172567258667  patience=15
Loss MSRR (1 - r_pf)^2 + lambda_aux (1 - r_base)^2 + lambda_aux2 (1 - r_path2)^2  lambda_aux=0.30725284749564463  lambda_aux2=0.21744178367981443
 Data train_months=252  val_months=60
 Model 1,123,811 trainable parameters
========================================================================================================
Epoch TrnTotal  TrnMain   TrnAux    ValLoss  Corr6m  Base6m Path26m         LR   GNorm
--------------------------------------------------------------------------------------------------------
    1 1.227873 0.814492 0.786284   0.821487  0.1325  0.1272  0.1277   7.88e-05 10.5940
    2 0.765576 0.500384 0.499072   1.155306  0.1193  0.1327  0.0950   1.58e-04 21.6175
    3 0.750803 0.507890 0.419233   1.575847  0.1311  0.1332  0.1009   2.37e-04 22.8379
    4 0.529614 0.315121 0.411327   1.211422  0.1232  0.1229  0.1099   3.15e-04 15.6513
    5 0.635780 0.420134 0.406841   1.359575  0.1213  0.1206  0.0944   3.94e-04 17.6994
    6 0.661619 0.409740 0.530677   1.413828  0.1178  0.1188  0.0944   3.94e-04 23.3042  *
    7 0.595720 0.396411 0.281996   1.302492  0.1227  0.1222  0.0903   3.94e-04 15.2513  *
    8 0.534462 0.342244 0.360870   1.073768  0.1141  0.1153  0.1078   3.94e-04 11.3226  *
    9 0.457731 0.292958 0.270268   1.202580  0.1268  0.1232  0.0834   3.94e-04 10.9978
   10 0.388500 0.216697 0.265361   1.481708  0.1170  0.1181  0.0816   3.94e-04 10.0432
   11 0.439100 0.247286 0.329339   1.322413  0.0913  0.1182  0.0375   3.94e-04  8.8782
   12 0.462732 0.256970 0.438080   1.383424  0.1008  0.1203  0.0594   3.94e-04 12.2915
   13 0.382483 0.208307 0.269227   1.323643  0.1166  0.1168  0.0611   3.94e-04  8.4502
   14 0.366830 0.202243 0.278420   1.592462  0.1011  0.1231  0.0279   3.94e-04  9.5462
   15 0.490297 0.297157 0.315737   2.170152  0.0816  0.1181  0.0489   3.94e-04 15.3808
   16 0.577088 0.319664 0.514489   1.373150  0.1106  0.1167  0.0794   3.94e-04 17.2713
   17 0.368505 0.220754 0.280182   1.559698  0.1173  0.1291  0.0525   3.94e-04  8.5271
   18 0.842497 0.472582 0.719150   1.602189  0.0929  0.1240  0.0231   3.94e-04 16.6962
   19 0.929405 0.726268 0.323303   1.435786  0.0824  0.1198  0.0285   1.97e-04 11.3978
   20 0.316104 0.127387 0.161386   1.200495  0.1052  0.1207  0.0581   1.97e-04  6.2432
   21 0.307877 0.182621 0.190291   1.345453  0.0823  0.1225  0.0370   1.97e-04  6.3236
   22 0.203260 0.103134 0.162157   1.461510  0.0937  0.1244  0.0464   1.97e-04  4.0100
   23 0.210230 0.089975 0.145729   1.289706  0.0958  0.1246  0.0311   1.97e-04  5.2326
--------------------------------------------------------------------------------------------------------
Early stopping at epoch 23  (patience=15  best_epoch=8  best_val_loss=1.073768)
========================================================================================================
 Test Results  (linear, seed2)
--------------------------------------------------------------------------------------------------------
Test MSRR loss           0.600383
Test rank corr 6m         0.1398
Test base corr 6m         0.1227
Test path2 corr 6m        0.1329
--------------------------------------------------------------------------------------------------------
Best val loss 1.073768  (epoch 8)
Stopped epoch 23
Training time 483.8 seconds
--------------------------------------------------------------------------------------------------------
Weights results1/transformer/weights_linear_seed2.safetensors
Metrics results1/transformer/metrics_linear_seed2.json
========================================================================================================

========================================================================================================
Variant linear  Seed 3
Path 1 d_model=96  d_ff=384  n_mlp_layers=3  dropout=0.11435902687764132
Path 2 path2_n_layers=3  path2_n_heads=2  path2_d_ff=512  min_firms_attention=30
Optimiser lr=3.94e-04  wd=1.19e-06  grad_clip=3.537172567258667  patience=15
Loss MSRR (1 - r_pf)^2 + lambda_aux (1 - r_base)^2 + lambda_aux2 (1 - r_path2)^2  lambda_aux=0.30725284749564463  lambda_aux2=0.21744178367981443
 Data train_months=252  val_months=60
 Model 1,123,811 trainable parameters
========================================================================================================
Epoch TrnTotal  TrnMain   TrnAux    ValLoss  Corr6m  Base6m Path26m         LR   GNorm
--------------------------------------------------------------------------------------------------------
    1 1.221733 0.822977 0.762678   0.842988  0.1273  0.1119  0.1268   7.88e-05  5.2719
    2 0.901583 0.617388 0.587180   0.813981  0.1345  0.1142  0.1353   1.58e-04 24.4407
    3 0.729664 0.472181 0.495971   0.769608  0.1302  0.1127  0.1301   2.37e-04 17.5964
    4 0.733240 0.485446 0.491963   0.783673  0.1469  0.1212  0.1440   3.15e-04 15.5407
    5 0.705431 0.466413 0.486713   1.131419  0.1378  0.1273  0.1371   3.94e-04 16.2286
    6 0.719332 0.495343 0.420366   1.277215  0.1363  0.1240  0.1378   3.94e-04 18.1045  *
    7 0.575043 0.378140 0.355334   1.223093  0.1493  0.1183  0.1568   3.94e-04 16.3064  *
    8 0.492464 0.297029 0.405385   0.893862  0.1382  0.1239  0.1384   3.94e-04 11.5850  *
    9 0.380065 0.201151 0.361630   1.220235  0.1316  0.1218  0.1197   3.94e-04  9.2512
   10 0.439905 0.266666 0.350524   0.908208  0.1482  0.1256  0.1432   3.94e-04 13.3403
   11 0.680734 0.424113 0.393979   0.883651  0.0814  0.1170  0.0720   3.94e-04 11.2305  *
   12 0.628408 0.423038 0.310406   0.932544  0.1364  0.1284  0.1233   3.94e-04 18.1714
   13 0.599522 0.354037 0.394584   0.974916  0.1273  0.1205  0.1124   3.94e-04 24.6771
   14 0.640620 0.405730 0.401091   1.025996  0.0967  0.1112  0.0898   3.94e-04 23.8442
   15 0.645249 0.409988 0.264688   1.088803  0.0957  0.1176  0.0808   3.94e-04 18.5505
   16 0.775818 0.487767 0.271157   1.432253  0.1076  0.1237  0.0621   3.94e-04 32.5342
   17 0.755671 0.471740 0.484311   0.838429  0.0720  0.1024  0.0547   3.94e-04 18.7605  *
   18 0.741599 0.506628 0.489537   0.910459  0.1214  0.1122  0.1033   3.94e-04 12.9158
   19 0.379746 0.243694 0.212779   0.863934  0.1013  0.0984  0.0940   3.94e-04  8.3049
   20 0.534887 0.332755 0.378570   1.219560  0.1093  0.1139  0.0662   3.94e-04 16.1658
   21 0.323258 0.191239 0.244581   0.713689  0.1195  0.1208  0.1039   3.94e-04  6.3211  *
   22 0.558351 0.335166 0.385941   1.327084  0.1242  0.1288  0.0778   3.94e-04 21.5199
   23 0.479101 0.300514 0.236653   1.204542  0.1322  0.1282  0.1100   3.94e-04 15.7573
   24 0.562563 0.297753 0.587987   1.206956  0.1371  0.1270  0.1090   3.94e-04 24.8980
   25 0.390494 0.211042 0.272833   0.786678  0.1349  0.1088  0.1475   3.94e-04  9.1212
   26 0.390249 0.235925 0.276348   1.427393  0.1306  0.1232  0.1210   3.94e-04  9.6214
   27 0.293849 0.160955 0.226770   0.924227  0.1370  0.1260  0.1205   3.94e-04  7.8132
   28 0.501259 0.354049 0.225238   1.117703  0.1133  0.1186  0.1108   3.94e-04 23.0422
   29 0.348508 0.204323 0.261766   1.169648  0.0836  0.0978  0.0778   3.94e-04 12.0169
   30 0.389552 0.254879 0.200916   1.073002  0.1268  0.1168  0.1097   3.94e-04 11.0605
   31 0.453082 0.284729 0.297198   1.198151  0.1191  0.1072  0.1125   3.94e-04  7.1353
   32 0.382109 0.228679 0.282328   1.361985  0.1140  0.1149  0.0975   1.97e-04 10.5009
   33 0.284433 0.158982 0.254703   1.211129  0.1134  0.1170  0.0961   1.97e-04  6.6282
   34 0.270121 0.148456 0.220717   1.283143  0.1285  0.1184  0.1156   1.97e-04  6.3127
   35 0.235260 0.132909 0.184325   1.378080  0.1209  0.1117  0.1115   1.97e-04  9.3500
   36 0.208551 0.101878 0.198745   1.295398  0.1182  0.1109  0.1071   1.97e-04  5.6741
--------------------------------------------------------------------------------------------------------
Early stopping at epoch 36  (patience=15  best_epoch=21  best_val_loss=0.713689)
========================================================================================================
 Test Results  (linear, seed3)
--------------------------------------------------------------------------------------------------------
Test MSRR loss           0.695354
Test rank corr 6m         0.1356
Test base corr 6m         0.1263
Test path2 corr 6m        0.1202
--------------------------------------------------------------------------------------------------------
Best val loss 0.713689  (epoch 21)
Stopped epoch 36
Training time 757.2 seconds
--------------------------------------------------------------------------------------------------------
Weights results1/transformer/weights_linear_seed3.safetensors
Metrics results1/transformer/metrics_linear_seed3.json
========================================================================================================

========================================================================================================
Variant linear  Seed 4
Path 1 d_model=96  d_ff=384  n_mlp_layers=3  dropout=0.11435902687764132
Path 2 path2_n_layers=3  path2_n_heads=2  path2_d_ff=512  min_firms_attention=30
Optimiser lr=3.94e-04  wd=1.19e-06  grad_clip=3.537172567258667  patience=15
Loss MSRR (1 - r_pf)^2 + lambda_aux (1 - r_base)^2 + lambda_aux2 (1 - r_path2)^2  lambda_aux=0.30725284749564463  lambda_aux2=0.21744178367981443
 Data train_months=252  val_months=60
 Model 1,123,811 trainable parameters
========================================================================================================
Epoch TrnTotal  TrnMain   TrnAux    ValLoss  Corr6m  Base6m Path26m         LR   GNorm
--------------------------------------------------------------------------------------------------------
    1 1.078990 0.692145 0.736419   0.841250  0.1221  0.1269  0.1139   7.88e-05  6.2149
    2 0.878194 0.595090 0.543779   1.483652  0.1271  0.1195  0.1204   1.58e-04 21.4919
    3 0.908690 0.614525 0.513136   1.201097  0.1290  0.1153  0.1314   2.37e-04 20.1052
    4 0.768215 0.528686 0.474617   1.385853  0.1287  0.1179  0.1203   3.15e-04 15.9219
    5 1.087851 0.807306 0.403720   1.141120  0.1353  0.1221  0.1213   3.94e-04 37.4373
    6 0.671917 0.414796 0.466228   1.030071  0.1401  0.1102  0.1340   3.94e-04 16.6824  *
    7 1.262249 0.976683 0.530563   0.857104  0.1268  0.1155  0.1248   3.94e-04 34.3278  *
    8 0.674557 0.435987 0.455647   0.723779  0.1247  0.1170  0.1218   3.94e-04 20.0791  *
    9 0.515840 0.297626 0.487658   1.272376  0.1333  0.1260  0.1123   3.94e-04 15.1314
   10 0.640536 0.412467 0.467051   1.325059  0.1184  0.0996  0.1112   3.94e-04 14.5702
   11 0.745032 0.467667 0.498206   1.563816  0.1183  0.1134  0.1006   3.94e-04 26.9218
   12 0.967713 0.538558 0.939953   1.398989  0.1278  0.1275  0.0956   3.94e-04 20.8689
   13 0.763926 0.468424 0.533060   0.918398  0.1277  0.1245  0.1300   3.94e-04 27.0029
   14 0.498037 0.298723 0.373082   1.450325  0.1488  0.1275  0.1350   3.94e-04 12.1848
   15 0.612957 0.409762 0.319237   1.005024  0.1276  0.1274  0.1113   3.94e-04 13.3775
   16 0.540342 0.301834 0.331097   0.988292  0.1183  0.1250  0.0955   3.94e-04 14.8209
   17 0.516293 0.341322 0.266889   0.968356  0.1134  0.1302  0.0982   3.94e-04 21.2879
   18 0.498000 0.283576 0.371633   1.331602  0.1285  0.1193  0.1177   3.94e-04 14.0346
   19 0.497358 0.282611 0.451283   1.382327  0.1293  0.1202  0.0733   1.97e-04  8.8319
   20 0.421353 0.253886 0.324081   1.549478  0.1274  0.1223  0.0574   1.97e-04 10.4707
   21 0.392737 0.215395 0.357080   1.518560  0.1193  0.1233  0.0527   1.97e-04  9.9402
   22 0.332942 0.192655 0.239607   1.403700  0.1201  0.1282  0.0282   1.97e-04  7.1641
   23 0.330610 0.183731 0.234057   1.393535  0.1031  0.1240  0.0848   1.97e-04  7.0008
--------------------------------------------------------------------------------------------------------
Early stopping at epoch 23  (patience=15  best_epoch=8  best_val_loss=0.723779)
========================================================================================================
 Test Results  (linear, seed4)
--------------------------------------------------------------------------------------------------------
Test MSRR loss           0.568714
Test rank corr 6m         0.1314
Test base corr 6m         0.1244
Test path2 corr 6m        0.1186
--------------------------------------------------------------------------------------------------------
Best val loss 0.723779  (epoch 8)
Stopped epoch 23
Training time 484.7 seconds
--------------------------------------------------------------------------------------------------------
Weights results1/transformer/weights_linear_seed4.safetensors
Metrics results1/transformer/metrics_linear_seed4.json
========================================================================================================

applied tuned hyperparameters for per_feature from results1/transformer/transformer-hpt/best_params_per_feature.json
========================================================================================================
Variant per_feature  Seed 0
Path 1 d_model=96  d_ff=384  n_mlp_layers=3  dropout=0.15181554492792468
Path 2 path2_n_layers=3  path2_n_heads=2  path2_d_ff=512  min_firms_attention=30
Optimiser lr=1.80e-04  wd=3.48e-03  grad_clip=1.273853264268165  patience=15
Loss MSRR (1 - r_pf)^2 + lambda_aux (1 - r_base)^2 + lambda_aux2 (1 - r_path2)^2  lambda_aux=0.30107160929154464  lambda_aux2=0.12059150049999574
 Data train_months=252  val_months=60
 Model 1,123,811 trainable parameters
========================================================================================================
Epoch TrnTotal  TrnMain   TrnAux    ValLoss  Corr6m  Base6m Path26m         LR   GNorm
--------------------------------------------------------------------------------------------------------
    1 1.184626 0.824322 0.850108   0.973841  0.1116  0.1010  0.1237   3.61e-05  1.6627
    2 0.861678 0.598455 0.631773   0.876960  0.1304  0.1083  0.1305   7.22e-05 13.5419
    3 0.767229 0.536280 0.587212   0.912309  0.1239  0.1060  0.1232   1.08e-04 22.5562
    4 0.705666 0.487465 0.539714   0.980951  0.1268  0.1153  0.1241   1.44e-04 22.2226
    5 0.676239 0.461449 0.529018   1.252684  0.1180  0.1219  0.0983   1.80e-04 19.7889
    6 0.540044 0.346476 0.475499   1.374568  0.1188  0.1206  0.0883   1.80e-04 20.8188  *
    7 0.573494 0.383156 0.488288   1.207600  0.1244  0.1233  0.1029   1.80e-04 15.3757  *
    8 0.478061 0.307563 0.419931   1.219940  0.1249  0.1218  0.1071   1.80e-04 14.2070
    9 0.424470 0.277690 0.314136   1.095441  0.1304  0.1201  0.1258   1.80e-04 12.5861  *
   10 0.416548 0.258121 0.391176   1.208752  0.1320  0.1291  0.1116   1.80e-04 13.3019
   11 0.471025 0.306511 0.446754   0.844845  0.1274  0.1211  0.1076   1.80e-04 19.6390  *
   12 0.346441 0.171361 0.465942   0.962807  0.1380  0.1249  0.1333   1.80e-04 15.9953
   13 0.382905 0.235245 0.372761   0.901897  0.1364  0.1266  0.1170   1.80e-04 12.3805
   14 0.289812 0.171431 0.290696   1.299189  0.1323  0.1260  0.1165   1.80e-04 10.0465
   15 0.296784 0.180341 0.287794   1.026227  0.1368  0.1265  0.1261   1.80e-04  9.3347
   16 0.286645 0.167957 0.275876   1.189115  0.1386  0.1287  0.1301   1.80e-04  7.7757
   17 0.320222 0.203101 0.287628   1.237526  0.1332  0.1295  0.1163   1.80e-04 10.4721
   18 0.302498 0.198936 0.207499   1.411491  0.1369  0.1311  0.1184   1.80e-04 11.3050
   19 0.229510 0.130321 0.234034   1.399669  0.1357  0.1293  0.1229   1.80e-04  6.7635
   20 0.432247 0.314669 0.305954   1.547968  0.1372  0.1333  0.1142   1.80e-04 11.1929
   21 0.342558 0.233110 0.255165   1.340051  0.1320  0.1239  0.1214   1.80e-04 14.3615
   22 0.202340 0.113693 0.206833   1.210624  0.1365  0.1272  0.1241   9.02e-05  5.8473
   23 0.240256 0.154116 0.216684   1.188998  0.1329  0.1288  0.1176   9.02e-05  8.6788
   24 0.181897 0.106339 0.174825   1.267379  0.1382  0.1292  0.1271   9.02e-05  6.4411
   25 0.179900 0.106212 0.165224   1.282685  0.1361  0.1278  0.1242   9.02e-05  6.2225
   26 0.172188 0.097376 0.179691   1.174347  0.1360  0.1268  0.1252   9.02e-05  5.9995
--------------------------------------------------------------------------------------------------------
Early stopping at epoch 26  (patience=15  best_epoch=11  best_val_loss=0.844845)
========================================================================================================
 Test Results  (per_feature, seed0)
--------------------------------------------------------------------------------------------------------
Test MSRR loss           0.562270
Test rank corr 6m         0.1421
Test base corr 6m         0.1246
Test path2 corr 6m        0.1309
--------------------------------------------------------------------------------------------------------
Best val loss 0.844845  (epoch 11)
Stopped epoch 26
Training time 570.4 seconds
--------------------------------------------------------------------------------------------------------
Weights results1/transformer/weights_per_feature_seed0.safetensors
Metrics results1/transformer/metrics_per_feature_seed0.json
========================================================================================================

========================================================================================================
Variant per_feature  Seed 1
Path 1 d_model=96  d_ff=384  n_mlp_layers=3  dropout=0.15181554492792468
Path 2 path2_n_layers=3  path2_n_heads=2  path2_d_ff=512  min_firms_attention=30
Optimiser lr=1.80e-04  wd=3.48e-03  grad_clip=1.273853264268165  patience=15
Loss MSRR (1 - r_pf)^2 + lambda_aux (1 - r_base)^2 + lambda_aux2 (1 - r_path2)^2  lambda_aux=0.30107160929154464  lambda_aux2=0.12059150049999574
 Data train_months=252  val_months=60
 Model 1,123,811 trainable parameters
========================================================================================================
Epoch TrnTotal  TrnMain   TrnAux    ValLoss  Corr6m  Base6m Path26m         LR   GNorm
--------------------------------------------------------------------------------------------------------
    1 1.178582 0.818751 0.850845   0.919287  0.1127  0.1000  0.1247   3.61e-05  2.2456
    2 0.931693 0.662755 0.654072   0.832877  0.1356  0.1117  0.1343   7.22e-05 17.3621
    3 0.764852 0.538298 0.578430   1.145005  0.1372  0.1137  0.1367   1.08e-04 21.3817
    4 0.652543 0.441021 0.531407   1.020310  0.1366  0.1159  0.1366   1.44e-04 21.2153
    5 0.586363 0.377647 0.511548   1.059339  0.1337  0.1223  0.1273   1.80e-04 18.8921
    6 0.589219 0.413568 0.439364   0.867763  0.1242  0.1237  0.1062   1.80e-04 20.1815  *
    7 0.559882 0.393625 0.396630   0.748557  0.1300  0.1275  0.1112   1.80e-04 15.7943  *
    8 0.527530 0.349149 0.439468   0.768319  0.1339  0.1255  0.1252   1.80e-04 15.9475
    9 0.417130 0.263428 0.359179   0.902279  0.1254  0.1224  0.1104   1.80e-04 13.7805
   10 0.435140 0.294464 0.295874   1.254192  0.1386  0.1334  0.1227   1.80e-04 13.5585
   11 0.370079 0.238821 0.317493   1.112759  0.1394  0.1314  0.1402   1.80e-04 11.2557
   12 0.390671 0.256440 0.291925   0.893828  0.1343  0.1325  0.1218   1.80e-04 18.0713
   13 0.381453 0.225605 0.386415   0.875897  0.1373  0.1279  0.1297   1.80e-04 15.1013
   14 0.299707 0.182565 0.295531   0.853024  0.1295  0.1248  0.1210   1.80e-04  9.1690
   15 0.371349 0.246681 0.274501   0.895592  0.1290  0.1251  0.1193   1.80e-04 16.5780
   16 0.262556 0.154129 0.250185   0.827922  0.1415  0.1361  0.1291   1.80e-04  9.1261
   17 0.300246 0.193818 0.225159   0.931372  0.1390  0.1275  0.1262   1.80e-04  9.8847
   18 0.274005 0.152356 0.250657   0.893625  0.1345  0.1244  0.1283   9.02e-05  9.4532
   19 0.282160 0.178868 0.206786   0.851503  0.1387  0.1293  0.1326   9.02e-05  9.4964
   20 0.224165 0.133174 0.203660   0.998887  0.1411  0.1321  0.1287   9.02e-05  7.6378
   21 0.251355 0.154401 0.230619   1.068029  0.1378  0.1301  0.1241   9.02e-05  9.7109
   22 0.193627 0.107345 0.182314   1.024545  0.1377  0.1328  0.1238   9.02e-05  6.6819
--------------------------------------------------------------------------------------------------------
Early stopping at epoch 22  (patience=15  best_epoch=7  best_val_loss=0.748557)
========================================================================================================
 Test Results  (per_feature, seed1)
--------------------------------------------------------------------------------------------------------
Test MSRR loss          11.165242
Test rank corr 6m         0.1309
Test base corr 6m         0.1243
Test path2 corr 6m        0.1152
--------------------------------------------------------------------------------------------------------
Best val loss 0.748557  (epoch 7)
Stopped epoch 22
Training time 482.8 seconds
--------------------------------------------------------------------------------------------------------
Weights results1/transformer/weights_per_feature_seed1.safetensors
Metrics results1/transformer/metrics_per_feature_seed1.json
========================================================================================================

========================================================================================================
Variant per_feature  Seed 2
Path 1 d_model=96  d_ff=384  n_mlp_layers=3  dropout=0.15181554492792468
Path 2 path2_n_layers=3  path2_n_heads=2  path2_d_ff=512  min_firms_attention=30
Optimiser lr=1.80e-04  wd=3.48e-03  grad_clip=1.273853264268165  patience=15
Loss MSRR (1 - r_pf)^2 + lambda_aux (1 - r_base)^2 + lambda_aux2 (1 - r_path2)^2  lambda_aux=0.30107160929154464  lambda_aux2=0.12059150049999574
 Data train_months=252  val_months=60
 Model 1,123,811 trainable parameters
========================================================================================================
Epoch TrnTotal  TrnMain   TrnAux    ValLoss  Corr6m  Base6m Path26m         LR   GNorm
--------------------------------------------------------------------------------------------------------
    1 1.192267 0.831256 0.851114   1.008624  0.1111  0.0998  0.1295   3.61e-05  1.5878
    2 0.941218 0.675967 0.640193   0.935725  0.1229  0.1124  0.1205   7.22e-05 17.5947
    3 0.764467 0.522331 0.570527   1.160523  0.1214  0.1100  0.1185   1.08e-04 22.5740
    4 0.569018 0.377813 0.466996   0.967329  0.1268  0.1245  0.1179   1.44e-04 19.2166
    5 0.674308 0.483072 0.451140   1.042430  0.1234  0.1201  0.1186   1.80e-04 22.4379
    6 0.475970 0.293941 0.426686   1.336564  0.1306  0.1149  0.1313   1.80e-04 16.0906  *
    7 0.452174 0.286662 0.417896   1.594936  0.1257  0.1142  0.1331   1.80e-04 12.9424
    8 0.428996 0.276228 0.368278   1.134984  0.1349  0.1203  0.1389   1.80e-04 14.2276  *
    9 0.403978 0.247633 0.364645   1.060929  0.1335  0.1203  0.1437   1.80e-04 12.8426  *
   10 0.413605 0.266590 0.333788   0.942298  0.1231  0.1211  0.1143   1.80e-04 12.6353  *
   11 0.397215 0.246744 0.360046   1.009768  0.1326  0.1232  0.1253   1.80e-04 11.4220
   12 0.320703 0.190988 0.312465   0.943652  0.1363  0.1275  0.1378   1.80e-04 11.2490
   13 0.396271 0.249853 0.355874   0.973489  0.1354  0.1293  0.1207   1.80e-04 13.2432
   14 0.415546 0.259768 0.373098   0.948229  0.1355  0.1282  0.1236   1.80e-04 13.6353
   15 0.394778 0.252467 0.347774   1.262535  0.1421  0.1293  0.1382   1.80e-04 11.6537
   16 0.325130 0.198356 0.312462   1.357469  0.1397  0.1293  0.1307   1.80e-04  9.8242
   17 0.343662 0.211117 0.327213   1.194323  0.1351  0.1279  0.1250   1.80e-04 11.0446
   18 0.304889 0.185207 0.246641   1.054787  0.1282  0.1246  0.1032   1.80e-04  8.2066
   19 0.367877 0.225999 0.328001   1.174812  0.1339  0.1274  0.1222   1.80e-04  9.7002
   20 0.337090 0.199913 0.345627   0.797377  0.1353  0.1258  0.1217   1.80e-04 10.8674  *
   21 0.245927 0.142365 0.248690   0.937141  0.1325  0.1254  0.1238   1.80e-04  6.5752
   22 0.291422 0.186416 0.231903   0.867735  0.1357  0.1266  0.1183   1.80e-04  8.4271
   23 0.300813 0.168079 0.339092   0.690731  0.1362  0.1250  0.1280   1.80e-04 10.0977  *
   24 0.262288 0.162737 0.209524   0.863272  0.1317  0.1270  0.1097   1.80e-04  8.4157
   25 0.259941 0.155950 0.251785   0.924178  0.1342  0.1272  0.1205   1.80e-04  8.3358
   26 0.212658 0.124965 0.201176   0.979341  0.1404  0.1288  0.1294   1.80e-04  5.6922
   27 0.232773 0.140527 0.227623   0.913271  0.1308  0.1264  0.1135   1.80e-04  8.0689
   28 0.267272 0.184721 0.172076   1.156396  0.1368  0.1266  0.1303   1.80e-04  6.6431
   29 0.193698 0.124139 0.142827   1.153883  0.1368  0.1275  0.1294   1.80e-04  5.3814
   30 0.200110 0.122944 0.170201   0.689618  0.1341  0.1287  0.1181   1.80e-04  5.1758  *
   31 0.203004 0.131753 0.157477   0.960528  0.1379  0.1302  0.1250   1.80e-04  5.0799
   32 0.214227 0.116610 0.255137   1.174826  0.1291  0.1235  0.1163   1.80e-04  6.0052
   33 0.222423 0.135875 0.211977   1.176292  0.1324  0.1325  0.1136   1.80e-04  6.3637
   34 0.217931 0.149902 0.160652   1.188686  0.1295  0.1248  0.1224   1.80e-04  6.0880
   35 0.196635 0.130492 0.160311   0.828238  0.1256  0.1262  0.1119   1.80e-04  9.1464
   36 0.230626 0.152603 0.184441   0.864662  0.1341  0.1294  0.1168   1.80e-04  6.1632
   37 0.156559 0.085383 0.147838   0.681537  0.1380  0.1275  0.1304   1.80e-04  4.8003  *
   38 0.174399 0.106573 0.163421   1.024995  0.1213  0.1196  0.1121   1.80e-04  5.0595
   39 0.158992 0.095010 0.153274   0.834059  0.1232  0.1274  0.0923   1.80e-04  4.5597
   40 0.142346 0.076165 0.155124   0.953712  0.1311  0.1237  0.1206   1.80e-04  3.8369
   41 0.168172 0.102876 0.154836   0.988234  0.1291  0.1208  0.1184   1.80e-04  6.2056
   42 0.158985 0.095829 0.151528   0.971017  0.1167  0.1156  0.1091   1.80e-04  4.5969
   43 0.148978 0.087968 0.143579   0.621332  0.1161  0.1196  0.1023   1.80e-04  4.4658  *
   44 0.134551 0.078007 0.135049   1.062589  0.1318  0.1243  0.1209   1.80e-04  4.5086
   45 0.126468 0.077836 0.115353   0.908049  0.1308  0.1176  0.1300   1.80e-04  3.1846
   46 0.159089 0.108975 0.108356   0.709608  0.1260  0.1237  0.1189   1.80e-04  3.9265
   47 0.124637 0.069112 0.129905   0.869596  0.1154  0.1206  0.1079   1.80e-04  5.4335
   48 0.151512 0.098963 0.110081   0.648839  0.1308  0.1234  0.1186   1.80e-04  6.3730
   49 0.167785 0.093821 0.197124   0.718867  0.1278  0.1225  0.1165   1.80e-04  8.6373
   50 0.107942 0.060480 0.110600   0.641236  0.1204  0.1173  0.1114   1.80e-04  3.2123
   51 0.095098 0.052241 0.097043   0.822814  0.1111  0.1177  0.0942   1.80e-04  2.6756
   52 0.115381 0.067953 0.117710   0.621574  0.1122  0.1231  0.0936   1.80e-04  3.8203
   53 0.123814 0.070629 0.120493   0.766879  0.1253  0.1208  0.1035   1.80e-04  4.5312
   54 0.129282 0.078837 0.117462   0.696949  0.1288  0.1240  0.1100   9.02e-05  4.3377
   55 0.091341 0.047867 0.104105   0.656811  0.1185  0.1218  0.1001   9.02e-05  4.3412
   56 0.082617 0.042659 0.092639   0.812059  0.1167  0.1222  0.0965   9.02e-05  2.7134
   57 0.081040 0.043633 0.088409   0.682691  0.1137  0.1206  0.0983   9.02e-05  2.4087
   58 0.130246 0.069513 0.164558   0.652565  0.1223  0.1223  0.1029   9.02e-05  5.7863
--------------------------------------------------------------------------------------------------------
Early stopping at epoch 58  (patience=15  best_epoch=43  best_val_loss=0.621332)
========================================================================================================
 Test Results  (per_feature, seed2)
--------------------------------------------------------------------------------------------------------
Test MSRR loss           0.393161
Test rank corr 6m         0.1162
Test base corr 6m         0.1266
Test path2 corr 6m        0.0842
--------------------------------------------------------------------------------------------------------
Best val loss 0.621332  (epoch 43)
Stopped epoch 58
Training time 1271.9 seconds
--------------------------------------------------------------------------------------------------------
Weights results1/transformer/weights_per_feature_seed2.safetensors
Metrics results1/transformer/metrics_per_feature_seed2.json
========================================================================================================

========================================================================================================
Variant per_feature  Seed 3
Path 1 d_model=96  d_ff=384  n_mlp_layers=3  dropout=0.15181554492792468
Path 2 path2_n_layers=3  path2_n_heads=2  path2_d_ff=512  min_firms_attention=30
Optimiser lr=1.80e-04  wd=3.48e-03  grad_clip=1.273853264268165  patience=15
Loss MSRR (1 - r_pf)^2 + lambda_aux (1 - r_base)^2 + lambda_aux2 (1 - r_path2)^2  lambda_aux=0.30107160929154464  lambda_aux2=0.12059150049999574
 Data train_months=252  val_months=60
 Model 1,123,811 trainable parameters
========================================================================================================
Epoch TrnTotal  TrnMain   TrnAux    ValLoss  Corr6m  Base6m Path26m         LR   GNorm
--------------------------------------------------------------------------------------------------------
    1 1.189828 0.827698 0.863525   1.035425  0.1139  0.0961  0.1279   3.61e-05  1.2119
    2 0.984860 0.711579 0.653028   0.748034  0.1294  0.1027  0.1282   7.22e-05 17.3777
    3 0.787855 0.549284 0.575386   0.793856  0.1335  0.1104  0.1316   1.08e-04 24.7508
    4 0.684138 0.463395 0.538593   1.052116  0.1174  0.1276  0.1078   1.44e-04 23.0573
    5 0.779313 0.567410 0.478871   1.172835  0.1338  0.1228  0.1282   1.80e-04 29.9072
    6 0.560898 0.379022 0.408580   1.241819  0.1189  0.1281  0.1053   1.80e-04 18.8433  *
    7 0.631538 0.433687 0.484508   0.844549  0.1316  0.1253  0.1116   1.80e-04 23.3553  *
    8 0.569347 0.390940 0.401455   1.016122  0.1325  0.1273  0.1164   1.80e-04 17.4293
    9 0.486654 0.299073 0.489981   0.846082  0.1302  0.1233  0.1200   1.80e-04 16.1870
   10 0.404861 0.258022 0.337961   0.887512  0.1304  0.1170  0.1231   1.80e-04 13.8415
   11 0.395199 0.241552 0.364908   0.952280  0.1340  0.1179  0.1313   1.80e-04 13.8420
   12 0.426103 0.291970 0.303336   1.093565  0.1248  0.1214  0.1156   1.80e-04 13.3067
   13 0.408865 0.258913 0.365887   0.885404  0.1179  0.1219  0.1039   1.80e-04 13.6271
   14 0.387575 0.264648 0.284089   0.794520  0.1302  0.1242  0.1201   1.80e-04 11.6512  *
   15 0.352659 0.221508 0.305709   0.756595  0.1327  0.1155  0.1323   1.80e-04 12.0036  *
   16 0.336445 0.209302 0.295559   0.875633  0.1242  0.1204  0.1089   1.80e-04 12.2525
   17 0.328704 0.193417 0.344132   0.758998  0.1283  0.1172  0.1208   1.80e-04 10.0303
   18 0.325376 0.210469 0.259504   0.633988  0.1351  0.1230  0.1268   1.80e-04  9.4022  *
   19 0.291541 0.195172 0.218090   0.827357  0.1250  0.1273  0.1174   1.80e-04  9.0356
   20 0.430225 0.324150 0.237381   0.741434  0.1260  0.1249  0.1015   1.80e-04 12.1101
   21 0.303352 0.190631 0.271369   0.826192  0.1334  0.1259  0.1202   1.80e-04 10.5967
   22 0.279588 0.174162 0.235577   0.847730  0.1243  0.1218  0.1093   1.80e-04 12.4474
   23 0.271937 0.172559 0.212582   1.103316  0.1317  0.1287  0.1139   1.80e-04  8.3321
   24 0.329970 0.218838 0.226701   1.043335  0.1383  0.1194  0.1370   1.80e-04  9.6700
   25 0.293086 0.171640 0.300339   0.786108  0.1361  0.1153  0.1325   1.80e-04 13.4815
   26 0.252960 0.158568 0.190023   0.841407  0.1371  0.1264  0.1306   1.80e-04  7.1553
   27 0.241545 0.150823 0.196738   0.850126  0.1339  0.1217  0.1277   1.80e-04  7.8916
   28 0.219963 0.134326 0.181307   0.959838  0.1264  0.1234  0.1100   1.80e-04  5.9373
   29 0.205871 0.119500 0.187821   0.849096  0.1315  0.1276  0.1081   9.02e-05  5.6753
   30 0.228284 0.125705 0.223158   0.900421  0.1263  0.1260  0.1119   9.02e-05  7.0970
   31 0.212780 0.132455 0.186071   0.912466  0.1364  0.1284  0.1241   9.02e-05  8.3754
   32 0.213725 0.128127 0.175314   0.850300  0.1332  0.1237  0.1217   9.02e-05  6.6282
   33 0.203867 0.135592 0.158861   0.791127  0.1327  0.1265  0.1177   9.02e-05  6.5948
--------------------------------------------------------------------------------------------------------
Early stopping at epoch 33  (patience=15  best_epoch=18  best_val_loss=0.633988)
========================================================================================================
 Test Results  (per_feature, seed3)
--------------------------------------------------------------------------------------------------------
Test MSRR loss           0.953795
Test rank corr 6m         0.1368
Test base corr 6m         0.1213
Test path2 corr 6m        0.1294
--------------------------------------------------------------------------------------------------------
Best val loss 0.633988  (epoch 18)
Stopped epoch 33
Training time 725.0 seconds
--------------------------------------------------------------------------------------------------------
Weights results1/transformer/weights_per_feature_seed3.safetensors
Metrics results1/transformer/metrics_per_feature_seed3.json
========================================================================================================

========================================================================================================
Variant per_feature  Seed 4
Path 1 d_model=96  d_ff=384  n_mlp_layers=3  dropout=0.15181554492792468
Path 2 path2_n_layers=3  path2_n_heads=2  path2_d_ff=512  min_firms_attention=30
Optimiser lr=1.80e-04  wd=3.48e-03  grad_clip=1.273853264268165  patience=15
Loss MSRR (1 - r_pf)^2 + lambda_aux (1 - r_base)^2 + lambda_aux2 (1 - r_path2)^2  lambda_aux=0.30107160929154464  lambda_aux2=0.12059150049999574
 Data train_months=252  val_months=60
 Model 1,123,811 trainable parameters
========================================================================================================
Epoch TrnTotal  TrnMain   TrnAux    ValLoss  Corr6m  Base6m Path26m         LR   GNorm
--------------------------------------------------------------------------------------------------------
    1 1.176491 0.815815 0.863556   0.998332  0.1162  0.1018  0.1291   3.61e-05  1.3079
    2 0.810731 0.543809 0.670352   0.811670  0.1134  0.1016  0.1130   7.22e-05 14.2708
    3 0.649791 0.417998 0.588265   0.868814  0.1156  0.0986  0.1149   1.08e-04 15.9904
    4 0.559753 0.360909 0.496415   1.104977  0.1217  0.1120  0.1177   1.44e-04 18.7435
    5 0.511329 0.320317 0.426961   1.353814  0.1243  0.1246  0.1123   1.80e-04 14.6881
    6 0.553031 0.378531 0.396824   1.662998  0.1246  0.1229  0.1101   1.80e-04 17.6560  *
    7 0.436488 0.285729 0.361202   1.379844  0.1322  0.1294  0.1199   1.80e-04 13.1797  *
    8 0.498515 0.294536 0.529066   1.330097  0.1298  0.1305  0.1105   1.80e-04 13.4476  *
    9 0.535699 0.360808 0.381957   1.486513  0.1269  0.1318  0.1071   1.80e-04 17.2638
   10 0.371007 0.243660 0.297450   1.631837  0.1371  0.1379  0.1123   1.80e-04 10.4088
   11 0.353382 0.230756 0.270419   0.939186  0.1339  0.1326  0.1184   1.80e-04 11.3705  *
   12 0.382832 0.227489 0.391441   1.280947  0.1220  0.1297  0.1081   1.80e-04 13.0599
   13 0.310508 0.179967 0.298938   1.064807  0.1327  0.1289  0.1159   1.80e-04 11.7606
   14 0.345919 0.197362 0.379348   1.097622  0.1278  0.1233  0.1129   1.80e-04 11.5782
   15 0.329987 0.220558 0.248894   1.251015  0.1278  0.1263  0.1049   1.80e-04  9.4887
   16 0.324031 0.198804 0.303024   1.437114  0.1363  0.1317  0.1198   1.80e-04 10.2947
   17 0.327623 0.206683 0.281417   1.507613  0.1299  0.1210  0.1187   1.80e-04  9.0529
   18 0.399892 0.235449 0.415061   1.138355  0.1385  0.1257  0.1254   1.80e-04 15.6264
   19 0.349018 0.220626 0.323147   1.020245  0.1400  0.1313  0.1202   1.80e-04 11.5905
   20 0.264832 0.142869 0.245316   0.923651  0.1390  0.1298  0.1181   1.80e-04  9.4977  *
   21 0.317060 0.205243 0.275273   1.193839  0.1381  0.1303  0.1194   1.80e-04  8.8432
   22 0.263380 0.163849 0.231630   1.165183  0.1338  0.1260  0.1139   1.80e-04  8.1153
   23 0.241124 0.153995 0.204308   0.906787  0.1336  0.1256  0.1221   1.80e-04  5.8948  *
   24 0.208111 0.128711 0.175238   0.853332  0.1288  0.1262  0.0965   1.80e-04  5.6297  *
   25 0.211556 0.124987 0.198397   1.044919  0.1342  0.1312  0.1114   1.80e-04  6.2984
   26 0.225488 0.139389 0.193941   1.055753  0.1393  0.1333  0.1138   1.80e-04  8.4529
   27 0.180140 0.109436 0.155747   1.178829  0.1314  0.1258  0.1054   1.80e-04  5.5502
   28 0.258384 0.168529 0.223884   1.175447  0.1363  0.1270  0.1203   1.80e-04  8.1006
   29 0.181567 0.112215 0.159244   1.160732  0.1397  0.1343  0.1161   1.80e-04  7.5382
   30 0.191701 0.116158 0.173433   1.322866  0.1373  0.1307  0.1033   1.80e-04  5.8267
   31 0.188726 0.104133 0.190518   1.073888  0.1347  0.1268  0.1079   1.80e-04  5.4563
   32 0.176418 0.102246 0.175334   1.224840  0.1464  0.1335  0.1351   1.80e-04  5.5454
   33 0.171786 0.095441 0.186120   1.238836  0.1335  0.1321  0.1034   1.80e-04  5.2014
   34 0.231646 0.134954 0.255331   1.086933  0.1267  0.1363  0.1113   1.80e-04  7.4277
   35 0.171970 0.099983 0.158462   1.235717  0.1164  0.1310  0.0915   9.02e-05  5.4186
   36 0.133527 0.073574 0.136652   1.179506  0.1239  0.1316  0.1063   9.02e-05  3.5713
   37 0.123480 0.071008 0.113795   0.943343  0.1210  0.1319  0.0981   9.02e-05  3.9336
   38 0.129804 0.072621 0.126051   1.019480  0.1277  0.1338  0.1041   9.02e-05  5.0255
   39 0.139830 0.084508 0.128787   1.018926  0.1289  0.1306  0.1057   9.02e-05  4.9951
--------------------------------------------------------------------------------------------------------
Early stopping at epoch 39  (patience=15  best_epoch=24  best_val_loss=0.853332)
========================================================================================================
 Test Results  (per_feature, seed4)
--------------------------------------------------------------------------------------------------------
Test MSRR loss           1.276040
Test rank corr 6m         0.1510
Test base corr 6m         0.1308
Test path2 corr 6m        0.1370
--------------------------------------------------------------------------------------------------------
Best val loss 0.853332  (epoch 24)
Stopped epoch 39
Training time 855.0 seconds
--------------------------------------------------------------------------------------------------------
Weights results1/transformer/weights_per_feature_seed4.safetensors
Metrics results1/transformer/metrics_per_feature_seed4.json
========================================================================================================

applied tuned hyperparameters for ple from results1/transformer/transformer-hpt/best_params_ple.json
========================================================================================================
Variant ple  Seed 0
Path 1 d_model=96  d_ff=192  n_mlp_layers=1  dropout=0.08749911579832724
Path 2 path2_n_layers=3  path2_n_heads=4  path2_d_ff=256  min_firms_attention=30
Optimiser lr=2.29e-04  wd=2.08e-07  grad_clip=1.623813376406745  patience=15
Loss MSRR (1 - r_pf)^2 + lambda_aux (1 - r_base)^2 + lambda_aux2 (1 - r_path2)^2  lambda_aux=0.4452413703502375  lambda_aux2=0.3493192507310232
 Data train_months=252  val_months=60
 Model 1,056,611 trainable parameters
========================================================================================================
Epoch TrnTotal  TrnMain   TrnAux    ValLoss  Corr6m  Base6m Path26m         LR   GNorm
--------------------------------------------------------------------------------------------------------
    1 1.425987 0.774482 0.795500   1.158779  0.1342  0.1121  0.1348   4.59e-05  2.6653
    2 1.126461 0.632662 0.641249   1.275034  0.1104  0.1139  0.1069   9.18e-05 16.7777
    3 0.931103 0.493657 0.557704   1.116335  0.1359  0.1233  0.1346   1.38e-04 15.8608
    4 0.872646 0.475532 0.538301   1.037305  0.1260  0.1292  0.1154   1.84e-04 20.6666
    5 0.655446 0.346933 0.339532   1.454610  0.1372  0.1244  0.1232   2.29e-04 16.8150
    6 0.646219 0.351135 0.306323   1.307873  0.1422  0.1202  0.1396   2.29e-04 14.8844  *
    7 0.542865 0.297196 0.167481   0.962255  0.1221  0.1132  0.1167   2.29e-04 14.5476  *
    8 0.536916 0.319887 0.267361   1.113109  0.1340  0.1266  0.1252   2.29e-04 12.4406
    9 0.346281 0.181041 0.120852   1.025886  0.1303  0.1153  0.1248   2.29e-04  7.9019
   10 0.329836 0.186736 0.100808   1.020698  0.1282  0.1216  0.1217   2.29e-04  6.8371
   11 0.372813 0.246666 0.094388   1.077000  0.1355  0.1167  0.1368   2.29e-04  8.2856
   12 0.287851 0.173708 0.094961   0.937569  0.1352  0.1205  0.1250   2.29e-04  6.8895  *
   13 0.276163 0.133199 0.108732   0.936920  0.1343  0.1176  0.1268   2.29e-04  6.4050  *
   14 0.316769 0.210623 0.069006   1.730087  0.1346  0.1113  0.1398   2.29e-04  6.4363
   15 0.235420 0.121786 0.082209   1.154678  0.1322  0.1138  0.1301   2.29e-04  4.9754
   16 0.280765 0.163897 0.115594   1.121467  0.1413  0.1199  0.1320   2.29e-04  5.1938
   17 0.355270 0.235013 0.133525   1.039589  0.1293  0.1204  0.1123   2.29e-04  8.0805
   18 0.208112 0.100033 0.091767   1.236655  0.1257  0.1142  0.1152   2.29e-04  4.7332
   19 0.320513 0.193721 0.082119   0.926622  0.1299  0.1178  0.1192   2.29e-04  5.3118  *
   20 0.181303 0.098351 0.054298   1.157511  0.1266  0.1136  0.1180   2.29e-04  4.2934
   21 0.173649 0.090377 0.071870   1.714366  0.1266  0.1105  0.1234   2.29e-04  3.9696
   22 0.179724 0.105143 0.060444   1.406375  0.1264  0.1035  0.1293   2.29e-04  3.8895
   23 0.126863 0.063214 0.049554   1.300479  0.1270  0.1168  0.1178   2.29e-04  2.6493
   24 0.198963 0.128998 0.051646   1.111473  0.1298  0.1174  0.1175   2.29e-04  5.0196
   25 0.183211 0.104277 0.064270   1.075636  0.1284  0.1231  0.1063   2.29e-04  3.8009
   26 0.241077 0.140096 0.053566   1.365129  0.1321  0.1252  0.1135   2.29e-04  5.0752
   27 0.139753 0.073393 0.046018   1.184638  0.1254  0.1181  0.1092   2.29e-04  3.1518
   28 0.107261 0.056801 0.041840   1.022417  0.1318  0.1199  0.1269   2.29e-04  2.5329
   29 0.139333 0.088856 0.040045   0.977050  0.1345  0.1181  0.1336   2.29e-04  3.5095
   30 0.125312 0.077016 0.032022   1.213414  0.1186  0.1091  0.1118   1.15e-04  3.4785
   31 0.090532 0.045830 0.029855   1.038001  0.1302  0.1161  0.1264   1.15e-04  2.1479
   32 0.078996 0.041858 0.025633   1.021187  0.1289  0.1111  0.1313   1.15e-04  1.8962
   33 0.073900 0.041679 0.021950   0.974283  0.1281  0.1099  0.1307   1.15e-04  1.6868
   34 0.075769 0.035972 0.027071   1.113433  0.1308  0.1178  0.1289   1.15e-04  1.8119
--------------------------------------------------------------------------------------------------------
Early stopping at epoch 34  (patience=15  best_epoch=19  best_val_loss=0.926622)
========================================================================================================
 Test Results  (ple, seed0)
--------------------------------------------------------------------------------------------------------
Test MSRR loss           2.171367
Test rank corr 6m         0.1223
Test base corr 6m         0.1097
Test path2 corr 6m        0.1149
--------------------------------------------------------------------------------------------------------
Best val loss 0.926622  (epoch 19)
Stopped epoch 34
Training time 942.5 seconds
--------------------------------------------------------------------------------------------------------
Weights results1/transformer/weights_ple_seed0.safetensors
Metrics results1/transformer/metrics_ple_seed0.json
========================================================================================================

========================================================================================================
Variant ple  Seed 1
Path 1 d_model=96  d_ff=192  n_mlp_layers=1  dropout=0.08749911579832724
Path 2 path2_n_layers=3  path2_n_heads=4  path2_d_ff=256  min_firms_attention=30
Optimiser lr=2.29e-04  wd=2.08e-07  grad_clip=1.623813376406745  patience=15
Loss MSRR (1 - r_pf)^2 + lambda_aux (1 - r_base)^2 + lambda_aux2 (1 - r_path2)^2  lambda_aux=0.4452413703502375  lambda_aux2=0.3493192507310232
 Data train_months=252  val_months=60
 Model 1,056,611 trainable parameters
========================================================================================================
Epoch TrnTotal  TrnMain   TrnAux    ValLoss  Corr6m  Base6m Path26m         LR   GNorm
--------------------------------------------------------------------------------------------------------
    1 1.411190 0.768701 0.782452   1.290520  0.1400  0.1228  0.1400   4.59e-05  2.9473
    2 1.129796 0.612290 0.619091   1.024359  0.1347  0.1172  0.1330   9.18e-05 20.0923
    3 0.851643 0.429574 0.546610   1.046522  0.1145  0.1099  0.1107   1.38e-04 17.5725
    4 0.715631 0.350269 0.480894   1.046966  0.1273  0.1323  0.1168   1.84e-04 14.0489
    5 0.726639 0.376367 0.385871   1.083610  0.1289  0.1341  0.1151   2.29e-04 14.0935
    6 0.742405 0.375307 0.484121   1.104202  0.1453  0.1254  0.1368   2.29e-04 17.1990  *
    7 0.502046 0.283686 0.189457   4.639199  0.1357  0.1123  0.1355   2.29e-04  9.7956
    8 0.439191 0.251061 0.178912   0.846641  0.1400  0.1289  0.1315   2.29e-04  9.2109  *
    9 0.378654 0.188407 0.148462   1.095048  0.1250  0.1094  0.1182   2.29e-04  7.8160
   10 0.437254 0.259965 0.144947   1.339037  0.1240  0.1153  0.1085   2.29e-04  9.9009
   11 0.313385 0.182536 0.102346   4.488692  0.1276  0.1087  0.1378   2.29e-04  7.1942
   12 0.238759 0.134383 0.096527   0.877012  0.1202  0.0994  0.1174   2.29e-04  4.6149
   13 0.242506 0.130583 0.080324   1.646683  0.1158  0.1003  0.1123   2.29e-04  5.4007
   14 0.314248 0.184543 0.074259   1.134958  0.1209  0.1056  0.1226   2.29e-04  7.6906
   15 0.195783 0.097151 0.065978   1.090308  0.1252  0.1127  0.1172   2.29e-04  5.0896
   16 0.206359 0.114671 0.067300   3.961073  0.1266  0.1144  0.1154   2.29e-04  5.1321
   17 0.193737 0.093277 0.071783   1.201971  0.1329  0.1138  0.1293   2.29e-04  4.4939
   18 0.194001 0.109767 0.046665   1.515201  0.1091  0.0978  0.1047   2.29e-04  4.1416
   19 0.182408 0.088208 0.064012   1.297800  0.1259  0.1115  0.1134   1.15e-04  3.3765
   20 0.128416 0.067955 0.039855   1.076446  0.1254  0.1140  0.1160   1.15e-04  2.8699
   21 0.124494 0.067172 0.036699   1.633805  0.1226  0.1123  0.1084   1.15e-04  2.7570
   22 0.132422 0.075257 0.047293   1.158511  0.1178  0.1089  0.1039   1.15e-04  2.7360
   23 0.104388 0.060556 0.032448   1.179433  0.1240  0.1126  0.1129   1.15e-04  2.1696
--------------------------------------------------------------------------------------------------------
Early stopping at epoch 23  (patience=15  best_epoch=8  best_val_loss=0.846641)
========================================================================================================
 Test Results  (ple, seed1)
--------------------------------------------------------------------------------------------------------
Test MSRR loss           1.217503
Test rank corr 6m         0.1252
Test base corr 6m         0.1252
Test path2 corr 6m        0.1123
--------------------------------------------------------------------------------------------------------
Best val loss 0.846641  (epoch 8)
Stopped epoch 23
Training time 636.8 seconds
--------------------------------------------------------------------------------------------------------
Weights results1/transformer/weights_ple_seed1.safetensors
Metrics results1/transformer/metrics_ple_seed1.json
========================================================================================================

========================================================================================================
Variant ple  Seed 2
Path 1 d_model=96  d_ff=192  n_mlp_layers=1  dropout=0.08749911579832724
Path 2 path2_n_layers=3  path2_n_heads=4  path2_d_ff=256  min_firms_attention=30
Optimiser lr=2.29e-04  wd=2.08e-07  grad_clip=1.623813376406745  patience=15
Loss MSRR (1 - r_pf)^2 + lambda_aux (1 - r_base)^2 + lambda_aux2 (1 - r_path2)^2  lambda_aux=0.4452413703502375  lambda_aux2=0.3493192507310232
 Data train_months=252  val_months=60
 Model 1,056,611 trainable parameters
========================================================================================================
Epoch TrnTotal  TrnMain   TrnAux    ValLoss  Corr6m  Base6m Path26m         LR   GNorm
--------------------------------------------------------------------------------------------------------
    1 1.426926 0.776867 0.791918   1.247810  0.1420  0.1227  0.1479   4.59e-05  2.6337
    2 1.139954 0.629379 0.634395   1.332687  0.1099  0.1233  0.1053   9.18e-05 20.5941
    3 0.812023 0.385266 0.543135   0.970450  0.1321  0.1167  0.1303   1.38e-04 20.7179
    4 0.922675 0.550870 0.438533   0.795987  0.1110  0.1172  0.0972   1.84e-04 21.6452
    5 0.739980 0.379692 0.452101   0.854415  0.1287  0.1344  0.1065   2.29e-04 16.5789
    6 0.573475 0.313219 0.311141   1.580756  0.1283  0.1289  0.1105   2.29e-04 12.3853  *
    7 0.504168 0.263322 0.227804   1.068913  0.1279  0.1306  0.1042   2.29e-04 11.4253  *
    8 0.579529 0.319194 0.318235   0.861335  0.1377  0.1255  0.1238   2.29e-04 14.5273  *
    9 0.487969 0.281257 0.205529   0.798720  0.1225  0.1119  0.1124   2.29e-04  9.7139  *
   10 0.335205 0.176037 0.154613   0.861012  0.1281  0.1262  0.1077   2.29e-04  7.3361
   11 0.317869 0.158956 0.130154   1.117080  0.1244  0.1170  0.1061   2.29e-04  6.8368
   12 0.319126 0.172928 0.106174   1.048142  0.1273  0.1200  0.1113   2.29e-04  7.2453
   13 0.264327 0.144059 0.097716   1.039420  0.1312  0.1154  0.1292   2.29e-04  5.0772
   14 0.272167 0.153917 0.095665   1.022454  0.1309  0.1167  0.1228   2.29e-04  5.9127
   15 0.223849 0.121995 0.070272   1.094794  0.1355  0.1140  0.1245   2.29e-04  4.2387
   16 0.312239 0.202450 0.085502   1.008544  0.1277  0.1255  0.1081   2.29e-04  5.8588
   17 0.248566 0.149950 0.081911   1.023699  0.1218  0.1075  0.1128   2.29e-04  6.0724
   18 0.184704 0.097973 0.050759   1.002168  0.1256  0.1118  0.1187   2.29e-04  5.5781
   19 0.154345 0.075100 0.068796   1.025040  0.1271  0.1182  0.1105   2.29e-04  3.5760
   20 0.206109 0.108053 0.072787   1.179090  0.1255  0.1196  0.1058   1.15e-04  4.9558
   21 0.137425 0.072515 0.041134   1.136630  0.1244  0.1128  0.1094   1.15e-04  4.3486
   22 0.128091 0.070114 0.040032   0.906908  0.1198  0.1086  0.1047   1.15e-04  3.1358
   23 0.100650 0.048290 0.039138   1.032759  0.1254  0.1165  0.1064   1.15e-04  2.4810
   24 0.114502 0.066235 0.030101   0.961565  0.1279  0.1125  0.1159   1.15e-04  3.5446
--------------------------------------------------------------------------------------------------------
Early stopping at epoch 24  (patience=15  best_epoch=9  best_val_loss=0.798720)
========================================================================================================
 Test Results  (ple, seed2)
--------------------------------------------------------------------------------------------------------
Test MSRR loss           0.624245
Test rank corr 6m         0.1215
Test base corr 6m         0.1133
Test path2 corr 6m        0.1071
--------------------------------------------------------------------------------------------------------
Best val loss 0.798720  (epoch 9)
Stopped epoch 24
Training time 663.8 seconds
--------------------------------------------------------------------------------------------------------
Weights results1/transformer/weights_ple_seed2.safetensors
Metrics results1/transformer/metrics_ple_seed2.json
========================================================================================================

========================================================================================================
Variant ple  Seed 3
Path 1 d_model=96  d_ff=192  n_mlp_layers=1  dropout=0.08749911579832724
Path 2 path2_n_layers=3  path2_n_heads=4  path2_d_ff=256  min_firms_attention=30
Optimiser lr=2.29e-04  wd=2.08e-07  grad_clip=1.623813376406745  patience=15
Loss MSRR (1 - r_pf)^2 + lambda_aux (1 - r_base)^2 + lambda_aux2 (1 - r_path2)^2  lambda_aux=0.4452413703502375  lambda_aux2=0.3493192507310232
 Data train_months=252  val_months=60
 Model 1,056,611 trainable parameters
========================================================================================================
Epoch TrnTotal  TrnMain   TrnAux    ValLoss  Corr6m  Base6m Path26m         LR   GNorm
--------------------------------------------------------------------------------------------------------
    1 1.412675 0.763242 0.780034   1.201618  0.1485  0.1318  0.1468   4.59e-05  2.9151
    2 1.079652 0.565847 0.656175   1.286189  0.1288  0.1314  0.1252   9.18e-05 17.0492
    3 0.961067 0.537423 0.531761   1.057061  0.1225  0.1257  0.1193   1.38e-04 18.6137
    4 0.575959 0.272290 0.411270   1.197746  0.1327  0.1135  0.1272   1.84e-04 11.4910
    5 0.575261 0.323831 0.254949   1.207767  0.1329  0.1155  0.1234   2.29e-04 15.6963
    6 0.418763 0.224950 0.183385   1.173569  0.1158  0.1075  0.1079   2.29e-04  8.2780  *
    7 0.361339 0.184979 0.183376   0.990371  0.1184  0.0913  0.1173   2.29e-04  8.0716  *
    8 0.411995 0.210718 0.174193   1.307475  0.1232  0.1182  0.1077   2.29e-04  9.5752
    9 0.330360 0.185127 0.135243   1.032508  0.1229  0.1240  0.1052   2.29e-04  6.2723
   10 0.252826 0.145870 0.099349   1.261533  0.1313  0.1205  0.1183   2.29e-04  4.4892
   11 0.257740 0.133091 0.127788   1.207844  0.1227  0.1196  0.0969   2.29e-04  5.0597
   12 0.224146 0.118978 0.094723   1.224760  0.1136  0.1077  0.0948   2.29e-04  4.5911
   13 0.215661 0.101858 0.096607   1.090317  0.1250  0.1060  0.1196   2.29e-04  5.2409
   14 0.242564 0.112432 0.144812   1.177771  0.1179  0.1183  0.0972   2.29e-04  4.2102
   15 0.247904 0.140281 0.076256   1.125466  0.1102  0.0923  0.1021   2.29e-04  4.6879
   16 0.168751 0.080647 0.061253   1.198280  0.1193  0.1100  0.1099   2.29e-04  3.7113
   17 0.169372 0.092342 0.060726   1.292204  0.1208  0.1151  0.1053   2.29e-04  3.5976
   18 0.187019 0.101700 0.057833   1.316542  0.1302  0.1112  0.1364   1.15e-04  3.8969
   19 0.165716 0.093451 0.059695   1.276051  0.1175  0.1017  0.1177   1.15e-04  2.8695
   20 0.132260 0.069820 0.040809   1.260149  0.1242  0.1086  0.1219   1.15e-04  2.4359
   21 0.117768 0.059742 0.039485   1.272759  0.1212  0.1058  0.1162   1.15e-04  3.4327
   22 0.145757 0.083396 0.036156   1.146748  0.1199  0.1051  0.1128   1.15e-04  3.6022
--------------------------------------------------------------------------------------------------------
Early stopping at epoch 22  (patience=15  best_epoch=7  best_val_loss=0.990371)
========================================================================================================
 Test Results  (ple, seed3)
--------------------------------------------------------------------------------------------------------
Test MSRR loss           0.705745
Test rank corr 6m         0.1186
Test base corr 6m         0.0960
Test path2 corr 6m        0.1165
--------------------------------------------------------------------------------------------------------
Best val loss 0.990371  (epoch 7)
Stopped epoch 22
Training time 610.1 seconds
--------------------------------------------------------------------------------------------------------
Weights results1/transformer/weights_ple_seed3.safetensors
Metrics results1/transformer/metrics_ple_seed3.json
========================================================================================================

========================================================================================================
Variant ple  Seed 4
Path 1 d_model=96  d_ff=192  n_mlp_layers=1  dropout=0.08749911579832724
Path 2 path2_n_layers=3  path2_n_heads=4  path2_d_ff=256  min_firms_attention=30
Optimiser lr=2.29e-04  wd=2.08e-07  grad_clip=1.623813376406745  patience=15
Loss MSRR (1 - r_pf)^2 + lambda_aux (1 - r_base)^2 + lambda_aux2 (1 - r_path2)^2  lambda_aux=0.4452413703502375  lambda_aux2=0.3493192507310232
 Data train_months=252  val_months=60
 Model 1,056,611 trainable parameters
========================================================================================================
Epoch TrnTotal  TrnMain   TrnAux    ValLoss  Corr6m  Base6m Path26m         LR   GNorm
--------------------------------------------------------------------------------------------------------
    1 1.396214 0.759374 0.778256   1.349990  0.1345  0.1125  0.1330   4.59e-05  2.5221
    2 1.071350 0.589311 0.598366   1.050146  0.1260  0.1086  0.1229   9.18e-05 16.5375
    3 0.775656 0.394802 0.494112   1.366267  0.1469  0.1159  0.1476   1.38e-04 17.6368
    4 1.059183 0.464574 0.927201   1.158482  0.1347  0.1169  0.1287   1.84e-04 23.4595
    5 0.963675 0.584166 0.450915   1.027776  0.1353  0.1299  0.1277   2.29e-04 24.1094
    6 0.722720 0.364215 0.381860   1.072276  0.1362  0.1285  0.1271   2.29e-04 15.3480  *
    7 0.484485 0.252508 0.208951   1.425232  0.1305  0.1370  0.1143   2.29e-04 10.3491
    8 0.721584 0.445488 0.236656   1.321327  0.1358  0.1297  0.1188   2.29e-04 14.6920
    9 0.525428 0.310681 0.155611   1.211209  0.1258  0.1299  0.1048   2.29e-04 11.6071
   10 0.447276 0.244288 0.132714   1.102287  0.1472  0.1194  0.1444   2.29e-04  6.9067
   11 0.387271 0.214587 0.138547   1.270161  0.1277  0.1246  0.1075   2.29e-04  8.6657
   12 0.352973 0.170760 0.084111   1.018340  0.1354  0.1218  0.1244   2.29e-04  7.1314  *
   13 0.298874 0.157371 0.103891   1.031945  0.1374  0.1317  0.1247   2.29e-04  7.6122
   14 0.259845 0.125706 0.101711   1.739366  0.1311  0.1286  0.1012   2.29e-04  4.9859
   15 0.284980 0.181242 0.061827   1.028807  0.1384  0.1262  0.1329   2.29e-04  6.2437
   16 0.245943 0.149368 0.065357   0.995621  0.1439  0.1327  0.1198   2.29e-04  5.5230  *
   17 0.233198 0.138008 0.064900   1.054095  0.1412  0.1272  0.1326   2.29e-04  4.3735
   18 0.230078 0.110855 0.081188   1.097524  0.1312  0.1238  0.1156   2.29e-04  4.0128
   19 0.186642 0.087828 0.066135   0.980191  0.1313  0.1249  0.1212   2.29e-04  3.3674  *
   20 0.193579 0.097658 0.075995   0.828773  0.1433  0.1325  0.1260   2.29e-04  3.8411  *
   21 0.169539 0.087908 0.080821   0.967071  0.1331  0.1262  0.1166   2.29e-04  3.7980
   22 0.166639 0.098335 0.053246   1.305367  0.1307  0.1289  0.1087   2.29e-04  3.2044
   23 0.160363 0.077285 0.062163   0.991188  0.1358  0.1219  0.1297   2.29e-04  2.7625
   24 0.185710 0.090788 0.069943   0.978988  0.1255  0.1205  0.1090   2.29e-04  4.0258
   25 0.173806 0.103372 0.052696   1.218505  0.1253  0.1231  0.1060   2.29e-04  3.7896
   26 0.178838 0.100135 0.070929   0.957146  0.1333  0.1281  0.1183   2.29e-04  3.4756
   27 0.140571 0.079990 0.050295   0.988486  0.1315  0.1249  0.1149   2.29e-04  2.8983
   28 0.150392 0.084356 0.050422   1.152091  0.1312  0.1215  0.1189   2.29e-04  3.3824
   29 0.182843 0.112760 0.040777   2.400118  0.1372  0.1220  0.1380   2.29e-04  3.6413
   30 0.136477 0.063167 0.048054   0.708217  0.1253  0.1154  0.1201   2.29e-04  2.9678  *
   31 0.112021 0.056474 0.043072   0.893885  0.1301  0.1215  0.1172   2.29e-04  2.3719
   32 0.126375 0.066542 0.034767   0.887180  0.1343  0.1244  0.1241   2.29e-04  2.9737
   33 0.131785 0.066753 0.039362   0.938217  0.1429  0.1303  0.1337   2.29e-04  2.9554
   34 0.142978 0.060993 0.037531   2.173060  0.1345  0.1234  0.1238   2.29e-04  2.8202
   35 0.114757 0.059824 0.042137   0.807461  0.1310  0.1239  0.1080   2.29e-04  2.5867
   36 0.101888 0.048158 0.040687   1.156070  0.1381  0.1238  0.1300   2.29e-04  2.0419
   37 0.095641 0.044900 0.036188   0.791668  0.1265  0.1146  0.1144   2.29e-04  2.4004
   38 0.090677 0.041021 0.037165   0.966901  0.1319  0.1188  0.1236   2.29e-04  1.9451
   39 0.097339 0.047096 0.037960   0.888938  0.1291  0.1190  0.1106   2.29e-04  2.4533
   40 0.091682 0.046269 0.029335   0.937952  0.1377  0.1234  0.1271   2.29e-04  2.0502
   41 0.096952 0.042079 0.042630   1.188632  0.1237  0.1127  0.1074   1.15e-04  2.8462
   42 0.066538 0.029849 0.028944   1.054956  0.1293  0.1175  0.1167   1.15e-04  1.3926
   43 0.062741 0.032387 0.022209   0.970804  0.1265  0.1174  0.1120   1.15e-04  1.3898
   44 0.059600 0.029628 0.025959   0.842495  0.1291  0.1205  0.1116   1.15e-04  1.6935
   45 0.053855 0.024637 0.019284   0.951235  0.1292  0.1165  0.1212   1.15e-04  1.4379
--------------------------------------------------------------------------------------------------------
Early stopping at epoch 45  (patience=15  best_epoch=30  best_val_loss=0.708217)
========================================================================================================
 Test Results  (ple, seed4)
--------------------------------------------------------------------------------------------------------
Test MSRR loss           0.613840
Test rank corr 6m         0.1230
Test base corr 6m         0.1220
Test path2 corr 6m        0.1070
--------------------------------------------------------------------------------------------------------
Best val loss 0.708217  (epoch 30)
Stopped epoch 45
Training time 1243.6 seconds
--------------------------------------------------------------------------------------------------------
Weights results1/transformer/weights_ple_seed4.safetensors
Metrics results1/transformer/metrics_ple_seed4.json
========================================================================================================

applied tuned hyperparameters for periodic from results1/transformer/transformer-hpt/best_params_periodic.json
========================================================================================================
Variant periodic  Seed 0
Path 1 d_model=128  d_ff=512  n_mlp_layers=3  dropout=0.15361498703021337
Path 2 path2_n_layers=2  path2_n_heads=1  path2_d_ff=512  min_firms_attention=30
Optimiser lr=5.38e-04  wd=2.27e-06  grad_clip=0.7597281433582067  patience=15
Loss MSRR (1 - r_pf)^2 + lambda_aux (1 - r_base)^2 + lambda_aux2 (1 - r_path2)^2  lambda_aux=0.2814062812449343  lambda_aux2=0.21020306078876555
 Data train_months=252  val_months=60
 Model 1,053,131 trainable parameters
========================================================================================================
Epoch TrnTotal  TrnMain   TrnAux    ValLoss  Corr6m  Base6m Path26m         LR   GNorm
--------------------------------------------------------------------------------------------------------
    1 1.125739 0.729702 0.865160   1.087551  0.1346  0.1112  0.1333   1.08e-04  5.5615
    2 0.847440 0.563712 0.659301   1.199852  0.1283  0.1208  0.1257   2.15e-04 14.4352
    3 0.868280 0.592548 0.633359   1.454568  0.1317  0.1223  0.1290   3.23e-04 18.4879
    4 0.910990 0.568043 0.756400   1.472933  0.1354  0.1232  0.1337   4.31e-04 20.7191
    5 0.901739 0.590910 0.734280   1.643059  0.1387  0.1151  0.1405   5.38e-04 28.2806
    6 1.009418 0.736668 0.529040   1.204648  0.1341  0.1175  0.1401   5.38e-04 24.4374  *
    7 0.859392 0.549640 0.613142   1.371894  0.1257  0.1104  0.1256   5.38e-04 25.0180
    8 0.751454 0.503545 0.467463   1.554648  0.1263  0.1110  0.1284   5.38e-04 24.8194
    9 0.730179 0.480231 0.461633   0.943057  0.1288  0.1053  0.1374   5.38e-04 16.3755  *
   10 0.740553 0.446305 0.657551   1.704175  0.1278  0.1058  0.1342   5.38e-04 19.0401
   11 0.697848 0.425425 0.682679   1.502861  0.1291  0.1072  0.1377   5.38e-04 20.9017
   12 0.755319 0.462693 0.638452   1.222089  0.1351  0.1099  0.1401   5.38e-04 17.1307
   13 0.683956 0.417741 0.463502   1.480964  0.1356  0.1188  0.1376   5.38e-04 25.4026
   14 0.875318 0.505738 0.972023   5.601878  0.1314  0.1105  0.1319   5.38e-04 28.9330
   15 0.911403 0.581422 0.777731   2.722597  0.1292  0.1142  0.1339   5.38e-04 21.0283
   16 0.714314 0.388822 0.734401   2.581445  0.1259  0.1195  0.1199   5.38e-04 18.9950
   17 0.804111 0.513231 0.580683   3.108676  0.1326  0.1205  0.1267   5.38e-04 19.2115
   18 0.734534 0.477650 0.524984   2.216819  0.1319  0.1203  0.1278   5.38e-04 20.4638
   19 0.790022 0.511878 0.665267   3.104183  0.1257  0.1231  0.1193   5.38e-04 20.3450
   20 0.824734 0.489186 0.820259   1.551212  0.1315  0.1251  0.1204   2.69e-04 22.7279
   21 0.720298 0.465520 0.440391   1.903350  0.1308  0.1268  0.1173   2.69e-04 50.6861
   22 0.734686 0.434763 0.712393   1.395634  0.1317  0.1270  0.1168   2.69e-04 19.4132
   23 0.532468 0.289315 0.500788   1.522814  0.1281  0.1262  0.1061   2.69e-04 26.3288
   24 0.530703 0.338532 0.408368   1.654282  0.1306  0.1278  0.1057   2.69e-04 16.3295
--------------------------------------------------------------------------------------------------------
Early stopping at epoch 24  (patience=15  best_epoch=9  best_val_loss=0.943057)
========================================================================================================
 Test Results  (periodic, seed0)
--------------------------------------------------------------------------------------------------------
Test MSRR loss           1.171251
Test rank corr 6m         0.1209
Test base corr 6m         0.1158
Test path2 corr 6m        0.1151
--------------------------------------------------------------------------------------------------------
Best val loss 0.943057  (epoch 9)
Stopped epoch 24
Training time 425.1 seconds
--------------------------------------------------------------------------------------------------------
Weights results1/transformer/weights_periodic_seed0.safetensors
Metrics results1/transformer/metrics_periodic_seed0.json
========================================================================================================

========================================================================================================
Variant periodic  Seed 1
Path 1 d_model=128  d_ff=512  n_mlp_layers=3  dropout=0.15361498703021337
Path 2 path2_n_layers=2  path2_n_heads=1  path2_d_ff=512  min_firms_attention=30
Optimiser lr=5.38e-04  wd=2.27e-06  grad_clip=0.7597281433582067  patience=15
Loss MSRR (1 - r_pf)^2 + lambda_aux (1 - r_base)^2 + lambda_aux2 (1 - r_path2)^2  lambda_aux=0.2814062812449343  lambda_aux2=0.21020306078876555
 Data train_months=252  val_months=60
 Model 1,053,131 trainable parameters
========================================================================================================
Epoch TrnTotal  TrnMain   TrnAux    ValLoss  Corr6m  Base6m Path26m         LR   GNorm
--------------------------------------------------------------------------------------------------------
    1 1.211648 0.811787 0.867619   0.964030  0.1224  0.0977  0.1231   1.08e-04  5.8158
    2 0.843124 0.567913 0.651075   1.233223  0.1255  0.1145  0.1229   2.15e-04 15.1550
    3 0.800887 0.521778 0.626556   1.675203  0.1226  0.1200  0.1123   3.23e-04 16.6423
    4 0.779763 0.525649 0.586849   3.939617  0.1264  0.1181  0.1217   4.31e-04 16.1291
    5 0.681178 0.433974 0.600798   2.120572  0.1279  0.1184  0.1110   5.38e-04 18.0503
    6 0.912357 0.654477 0.495011   1.958092  0.1352  0.1283  0.1292   5.38e-04 17.0785  *
    7 0.805992 0.501024 0.643830   5.038771  0.1377  0.1313  0.1235   5.38e-04 18.8448
    8 0.683305 0.420178 0.582746   1.787927  0.1245  0.1301  0.0954   5.38e-04 17.1560  *
    9 1.514493 1.024873 1.167503   1.324072  0.1325  0.1231  0.1255   5.38e-04 24.8595  *
   10 0.710536 0.477969 0.437175   1.140361  0.1319  0.1280  0.1230   5.38e-04 15.7244  *
   11 0.632643 0.384148 0.409145   1.227250  0.1359  0.1315  0.1238   5.38e-04 15.6222
   12 0.635175 0.410986 0.406343   1.179196  0.1431  0.1342  0.1324   5.38e-04 12.4114
   13 0.544722 0.314442 0.519967   1.193991  0.1351  0.1308  0.1159   5.38e-04 11.2332
   14 0.709107 0.463784 0.541109   1.261482  0.1066  0.1296  0.0779   5.38e-04 10.0604
   15 0.969658 0.695305 0.671261   1.414269  0.1280  0.1282  0.1015   5.38e-04 15.8406
   16 0.795784 0.485695 0.761438   1.623168  0.1301  0.1278  0.0962   5.38e-04 27.6589
   17 0.704406 0.408783 0.603871   1.181650  0.1319  0.1275  0.1041   5.38e-04 12.0177
   18 0.556242 0.340145 0.408086   1.306794  0.1323  0.1292  0.1055   5.38e-04  8.5610
   19 0.645599 0.326980 0.878379   1.713169  0.1339  0.1286  0.1109   5.38e-04 15.4614
   20 0.632144 0.403173 0.518789   1.337342  0.1338  0.1238  0.1235   5.38e-04 11.3865
   21 0.589790 0.347350 0.589811   1.166992  0.1328  0.1291  0.1129   2.69e-04 22.2366
   22 0.635153 0.408425 0.541239   0.986983  0.1332  0.1297  0.1096   2.69e-04 14.2050  *
   23 0.714453 0.490127 0.428829   0.903236  0.1322  0.1314  0.1035   2.69e-04 22.4225  *
   24 0.511950 0.326430 0.398021   1.039940  0.1300  0.1302  0.1039   2.69e-04 10.9080
   25 0.724547 0.523868 0.404001   0.868453  0.1260  0.1309  0.0931   2.69e-04  9.1755  *
   26 0.676344 0.413236 0.403749   0.847083  0.1153  0.1272  0.0842   2.69e-04 24.5403  *
   27 0.386412 0.223755 0.358866   0.915697  0.1189  0.1259  0.0944   2.69e-04  7.1777
   28 0.584777 0.410387 0.310358   1.165501  0.1135  0.1307  0.0787   2.69e-04  8.9542
   29 0.563104 0.382727 0.330391   1.095108  0.1189  0.1295  0.0937   2.69e-04  8.6032
   30 0.465700 0.259436 0.362223   1.254808  0.1268  0.1269  0.0953   2.69e-04 23.1011
   31 0.396977 0.223262 0.302921   1.101094  0.1244  0.1288  0.0933   2.69e-04 12.4173
   32 0.905933 0.653374 0.397477   1.103104  0.1195  0.1290  0.0968   2.69e-04 17.0824
   33 0.379681 0.244955 0.264793   1.358169  0.1132  0.1289  0.0902   2.69e-04 11.6612
   34 0.479975 0.317019 0.307553   1.680311  0.1346  0.1336  0.1034   2.69e-04 21.3202
   35 0.352776 0.212217 0.290106   0.876445  0.1251  0.1268  0.0935   2.69e-04 11.4809
   36 0.367738 0.226777 0.303868   0.920993  0.1235  0.1286  0.0968   2.69e-04 10.1770
   37 0.473496 0.244643 0.384231   0.970883  0.1362  0.1314  0.1051   1.35e-04 15.3508
   38 0.324213 0.160112 0.409772   0.791293  0.1334  0.1319  0.1018   1.35e-04 11.5612  *
   39 0.506907 0.339113 0.330402   0.850513  0.1344  0.1319  0.1010   1.35e-04  7.3645
   40 0.412366 0.215871 0.409692   0.899810  0.1364  0.1333  0.1038   1.35e-04 25.0729
   41 0.302420 0.149887 0.312306   0.995459  0.1362  0.1336  0.0984   1.35e-04 11.5479
   42 0.378426 0.261099 0.256787   1.039781  0.1298  0.1301  0.1012   1.35e-04  6.8853
   43 0.400836 0.194884 0.272824   0.993389  0.1243  0.1275  0.1081   1.35e-04 18.5957
   44 0.296049 0.171583 0.306969   1.040732  0.1317  0.1310  0.1064   1.35e-04  8.9853
   45 0.347687 0.200638 0.302421   1.483590  0.1291  0.1301  0.1018   1.35e-04 18.5009
   46 0.424310 0.271246 0.304659   4.168964  0.1327  0.1316  0.0956   1.35e-04 77.6171
   47 0.329656 0.221717 0.235313   0.901450  0.1335  0.1320  0.0982   1.35e-04  8.2304
   48 0.334279 0.191718 0.389715   0.779215  0.1275  0.1314  0.0964   1.35e-04 11.3426  *
   49 0.259820 0.127223 0.264027   0.851247  0.1330  0.1315  0.1017   1.35e-04  5.9086
   50 0.302860 0.172202 0.269803   0.865844  0.1255  0.1316  0.0953   1.35e-04  7.7406
   51 0.358000 0.253758 0.232284   1.060038  0.1181  0.1291  0.0947   1.35e-04 16.0631
   52 0.315830 0.192516 0.231441   0.894113  0.1178  0.1299  0.0939   1.35e-04  6.8668
   53 0.235995 0.135730 0.204889   0.955328  0.1186  0.1294  0.0953   1.35e-04  5.6021
   54 0.346946 0.221004 0.237743   0.909428  0.1170  0.1293  0.0990   1.35e-04 16.4738
   55 0.296979 0.199444 0.210730   0.947818  0.1188  0.1300  0.0970   1.35e-04  3.9750
   56 0.283880 0.124306 0.346498   0.840940  0.1168  0.1287  0.0998   1.35e-04 22.3446
   57 0.358922 0.255217 0.247169   0.852488  0.1221  0.1308  0.1001   1.35e-04  4.4436
   58 0.406323 0.273492 0.256969   0.873896  0.1174  0.1299  0.1040   1.35e-04  7.5726
   59 0.249624 0.143627 0.232307   0.945997  0.1200  0.1308  0.1044   6.73e-05  6.2714
   60 0.279289 0.150020 0.357337   0.853860  0.1224  0.1319  0.1025   6.73e-05 22.5909
   61 0.193213 0.095408 0.235501   0.908829  0.1196  0.1307  0.1019   6.73e-05  5.0665
   62 0.262772 0.170085 0.237098   1.028032  0.1248  0.1318  0.1053   6.73e-05  5.1508
   63 0.198162 0.103721 0.242365   0.888079  0.1223  0.1308  0.1051   6.73e-05  3.5259
--------------------------------------------------------------------------------------------------------
Early stopping at epoch 63  (patience=15  best_epoch=48  best_val_loss=0.779215)
========================================================================================================
 Test Results  (periodic, seed1)
--------------------------------------------------------------------------------------------------------
Test MSRR loss           1.158430
Test rank corr 6m         0.1241
Test base corr 6m         0.1247
Test path2 corr 6m        0.1076
--------------------------------------------------------------------------------------------------------
Best val loss 0.779215  (epoch 48)
Stopped epoch 63
Training time 1112.5 seconds
--------------------------------------------------------------------------------------------------------
Weights results1/transformer/weights_periodic_seed1.safetensors
Metrics results1/transformer/metrics_periodic_seed1.json
========================================================================================================

========================================================================================================
Variant periodic  Seed 2
Path 1 d_model=128  d_ff=512  n_mlp_layers=3  dropout=0.15361498703021337
Path 2 path2_n_layers=2  path2_n_heads=1  path2_d_ff=512  min_firms_attention=30
Optimiser lr=5.38e-04  wd=2.27e-06  grad_clip=0.7597281433582067  patience=15
Loss MSRR (1 - r_pf)^2 + lambda_aux (1 - r_base)^2 + lambda_aux2 (1 - r_path2)^2  lambda_aux=0.2814062812449343  lambda_aux2=0.21020306078876555
 Data train_months=252  val_months=60
 Model 1,053,131 trainable parameters
========================================================================================================
Epoch TrnTotal  TrnMain   TrnAux    ValLoss  Corr6m  Base6m Path26m         LR   GNorm
--------------------------------------------------------------------------------------------------------
    1 1.302369 0.905757 0.840719   0.905898  0.1275  0.0930  0.1322   1.08e-04  6.3600
    2 0.861055 0.579679 0.661990   1.017200  0.1119  0.1127  0.1049   2.15e-04 16.8441
    3 0.640763 0.409836 0.500249   1.056570  0.1198  0.1139  0.1111   3.23e-04 12.6511
    4 0.804657 0.546991 0.509759   1.472814  0.1324  0.1180  0.1214   4.31e-04 16.5845
    5 0.852835 0.556598 0.739806   1.395736  0.1359  0.1188  0.1319   5.38e-04 19.7992
    6 0.850896 0.576566 0.570767   3.125073  0.1247  0.1205  0.1180   5.38e-04 17.5462  *
    7 0.853411 0.576095 0.518325   1.392463  0.1104  0.1171  0.0876   5.38e-04 17.1679  *
    8 0.757706 0.512538 0.553091   1.341321  0.1358  0.1248  0.1289   5.38e-04 15.0000  *
    9 0.889501 0.581432 0.681619   1.296872  0.1312  0.1218  0.1178   5.38e-04 27.1333  *
   10 0.684403 0.416789 0.561818   1.985982  0.1318  0.1211  0.1099   5.38e-04 18.4717
   11 0.917043 0.649401 0.592954   1.637352  0.1387  0.1198  0.1325   5.38e-04 16.0256
   12 0.719102 0.452318 0.585272   0.962166  0.1237  0.1138  0.1362   5.38e-04 21.4914  *
   13 0.802498 0.495653 0.643463   6.382964  0.1332  0.1110  0.1331   5.38e-04 23.6474
   14 0.871463 0.515606 0.622280   0.921957  0.1409  0.1153  0.1467   5.38e-04 17.4668  *
   15 0.594762 0.352788 0.589829   1.399304  0.1333  0.1199  0.1222   5.38e-04 12.4481
   16 0.664163 0.396733 0.583670   1.201260  0.1357  0.1216  0.1216   5.38e-04 19.2143
   17 0.678293 0.429750 0.478519   1.063644  0.1331  0.1216  0.1154   5.38e-04 11.7925
   18 0.996554 0.648665 0.707121   8.020843  0.1299  0.1220  0.1180   5.38e-04 23.6221
   19 0.591046 0.342139 0.561840   1.193618  0.1280  0.1210  0.1013   5.38e-04 15.5599
   20 0.875297 0.614022 0.417280   1.165509  0.1308  0.1237  0.0980   5.38e-04 28.4286
   21 0.573090 0.361931 0.392171   0.700181  0.1309  0.1254  0.1069   5.38e-04 14.6853  *
   22 0.621560 0.409386 0.389515   0.760490  0.1349  0.1231  0.1271   5.38e-04 25.9635
   23 0.659725 0.396612 0.463622   1.094410  0.1273  0.1215  0.1091   5.38e-04 14.1658
   24 0.654455 0.410384 0.420944   1.495149  0.1246  0.1208  0.1009   5.38e-04 27.9263
   25 0.635900 0.393525 0.473302   1.212957  0.1181  0.1216  0.0898   5.38e-04 15.9260
   26 0.526832 0.270164 0.348156   1.786330  0.0899  0.1202  0.0540   5.38e-04 29.5233
   27 0.896412 0.653266 0.442841   1.594571  0.1257  0.1222  0.0993   5.38e-04 23.5889
   28 0.637727 0.418323 0.497230   1.342589  0.1291  0.1238  0.1075   5.38e-04 41.5303
   29 0.753777 0.471898 0.519435   2.022915  0.1159  0.1207  0.1075   5.38e-04 19.3676
   30 0.554005 0.338520 0.525500   1.021809  0.1268  0.1252  0.0980   5.38e-04 36.4877
   31 0.567548 0.391349 0.361740   2.147222  0.1251  0.1255  0.1015   5.38e-04 12.5310
   32 0.616317 0.390206 0.383485   1.362135  0.1252  0.1210  0.0909   2.69e-04 33.9920
   33 0.721941 0.555157 0.345132   1.385714  0.1232  0.1200  0.0838   2.69e-04 25.0549
   34 0.435343 0.278568 0.304777   1.536518  0.1234  0.1221  0.0772   2.69e-04 10.2730
   35 0.480008 0.292681 0.442867   1.828202  0.1229  0.1202  0.0869   2.69e-04  7.9435
   36 0.540260 0.375228 0.341127   2.062086  0.1242  0.1214  0.0885   2.69e-04 12.7300
--------------------------------------------------------------------------------------------------------
Early stopping at epoch 36  (patience=15  best_epoch=21  best_val_loss=0.700181)
========================================================================================================
 Test Results  (periodic, seed2)
--------------------------------------------------------------------------------------------------------
Test MSRR loss           0.762139
Test rank corr 6m         0.1209
Test base corr 6m         0.1282
Test path2 corr 6m        0.0801
--------------------------------------------------------------------------------------------------------
Best val loss 0.700181  (epoch 21)
Stopped epoch 36
Training time 635.4 seconds
--------------------------------------------------------------------------------------------------------
Weights results1/transformer/weights_periodic_seed2.safetensors
Metrics results1/transformer/metrics_periodic_seed2.json
========================================================================================================

========================================================================================================
Variant periodic  Seed 3
Path 1 d_model=128  d_ff=512  n_mlp_layers=3  dropout=0.15361498703021337
Path 2 path2_n_layers=2  path2_n_heads=1  path2_d_ff=512  min_firms_attention=30
Optimiser lr=5.38e-04  wd=2.27e-06  grad_clip=0.7597281433582067  patience=15
Loss MSRR (1 - r_pf)^2 + lambda_aux (1 - r_base)^2 + lambda_aux2 (1 - r_path2)^2  lambda_aux=0.2814062812449343  lambda_aux2=0.21020306078876555
 Data train_months=252  val_months=60
 Model 1,053,131 trainable parameters
========================================================================================================
Epoch TrnTotal  TrnMain   TrnAux    ValLoss  Corr6m  Base6m Path26m         LR   GNorm
--------------------------------------------------------------------------------------------------------
    1 1.275209 0.865689 0.873602   1.034831  0.1317  0.1100  0.1319   1.08e-04  4.9873
    2 0.877968 0.583162 0.715776   1.398529  0.1373  0.1228  0.1342   2.15e-04 17.8140
    3 0.941298 0.678175 0.631298   1.265869  0.1430  0.1316  0.1351   3.23e-04 17.3832
    4 0.805865 0.546722 0.635577   2.441235  0.1400  0.1301  0.1373   4.31e-04 19.3410
    5 0.828155 0.544580 0.685485   1.264164  0.1204  0.1274  0.1096   5.38e-04 22.6244
    6 0.766205 0.485968 0.653808   1.657571  0.1370  0.1326  0.1300   5.38e-04 15.1037  *
    7 1.112257 0.698601 0.596289   2.842206  0.1423  0.1395  0.1339   5.38e-04 13.6209
    8 0.686820 0.452148 0.485709   1.175499  0.1392  0.1376  0.1288   5.38e-04 21.1959  *
    9 0.581432 0.377142 0.473135   1.085013  0.1352  0.1343  0.1241   5.38e-04 14.2301  *
   10 0.880867 0.595961 0.607514   1.190415  0.1324  0.1369  0.1270   5.38e-04 18.8193
   11 0.872539 0.615447 0.632890   1.197199  0.1241  0.1342  0.1182   5.38e-04 14.7156
   12 0.838920 0.586465 0.472338   1.835228  0.1338  0.1280  0.1166   5.38e-04 17.6828
   13 0.516553 0.292105 0.544534   1.390302  0.1409  0.1356  0.1295   5.38e-04 16.8721
   14 0.656085 0.421733 0.450060   1.656254  0.1266  0.1321  0.1141   5.38e-04 18.0441
   15 0.616691 0.395207 0.521757   1.336510  0.1311  0.1325  0.1162   5.38e-04 29.5450
   16 0.535563 0.326462 0.396134   1.316180  0.1158  0.1364  0.1049   5.38e-04 12.4457
   17 0.584822 0.374833 0.433584   1.477429  0.1279  0.1312  0.1224   5.38e-04 12.1692
   18 0.500163 0.312819 0.422550   1.709087  0.1381  0.1346  0.1268   5.38e-04 13.8298
   19 0.709055 0.453332 0.643511   1.661502  0.1380  0.1334  0.1273   5.38e-04 20.6660
   20 0.518220 0.269145 0.618834   1.966805  0.1428  0.1379  0.1303   2.69e-04 12.7941
   21 0.650336 0.460442 0.394400   2.037658  0.1443  0.1390  0.1369   2.69e-04 19.1625
   22 0.414806 0.271082 0.288240   1.938047  0.1447  0.1389  0.1366   2.69e-04 10.9357
   23 0.574933 0.403779 0.356942   1.778120  0.1410  0.1351  0.1340   2.69e-04 10.0111
   24 0.394554 0.223158 0.364043   1.769237  0.1410  0.1317  0.1344   2.69e-04 12.3702
--------------------------------------------------------------------------------------------------------
Early stopping at epoch 24  (patience=15  best_epoch=9  best_val_loss=1.085013)
========================================================================================================
 Test Results  (periodic, seed3)
--------------------------------------------------------------------------------------------------------
Test MSRR loss           1.133030
Test rank corr 6m         0.1263
Test base corr 6m         0.1263
Test path2 corr 6m        0.1149
--------------------------------------------------------------------------------------------------------
Best val loss 1.085013  (epoch 9)
Stopped epoch 24
Training time 423.2 seconds
--------------------------------------------------------------------------------------------------------
Weights results1/transformer/weights_periodic_seed3.safetensors
Metrics results1/transformer/metrics_periodic_seed3.json
========================================================================================================

========================================================================================================
Variant periodic  Seed 4
Path 1 d_model=128  d_ff=512  n_mlp_layers=3  dropout=0.15361498703021337
Path 2 path2_n_layers=2  path2_n_heads=1  path2_d_ff=512  min_firms_attention=30
Optimiser lr=5.38e-04  wd=2.27e-06  grad_clip=0.7597281433582067  patience=15
Loss MSRR (1 - r_pf)^2 + lambda_aux (1 - r_base)^2 + lambda_aux2 (1 - r_path2)^2  lambda_aux=0.2814062812449343  lambda_aux2=0.21020306078876555
 Data train_months=252  val_months=60
 Model 1,053,131 trainable parameters
========================================================================================================
Epoch TrnTotal  TrnMain   TrnAux    ValLoss  Corr6m  Base6m Path26m         LR   GNorm
--------------------------------------------------------------------------------------------------------
    1 1.125302 0.724023 0.893977   1.109400  0.1333  0.0979  0.1331   1.08e-04  3.8940
    2 0.966793 0.665886 0.713297   1.120215  0.1329  0.1067  0.1332   2.15e-04 14.1204
    3 1.058809 0.782850 0.663437   1.139030  0.1184  0.1176  0.1101   3.23e-04 22.3953
    4 0.642365 0.410622 0.600735   1.431454  0.1264  0.1169  0.1262   4.31e-04 14.4693
    5 0.728653 0.490663 0.557092   1.023001  0.1201  0.1119  0.1083   5.38e-04 14.5954
    6 0.816619 0.560601 0.537338   1.090617  0.1239  0.1146  0.1186   5.38e-04 19.7570  *
    7 0.708402 0.453257 0.675971   1.202870  0.1209  0.1203  0.1058   5.38e-04 15.8074
    8 0.591510 0.353185 0.619191   1.035706  0.1244  0.1198  0.1152   5.38e-04 14.4860  *
    9 0.715883 0.445970 0.661007   2.126009  0.1412  0.1278  0.1360   5.38e-04 16.5314
   10 0.703309 0.439696 0.655515   2.576335  0.1261  0.1280  0.1031   5.38e-04 17.3458
   11 0.786541 0.551781 0.584289   1.320648  0.1374  0.1296  0.1256   5.38e-04 23.5357
   12 0.923053 0.590766 0.510645   1.267035  0.0717  0.1369  0.0064   5.38e-04 32.6630
   13 0.925915 0.544002 0.630357   1.321287  0.0995  0.1384  0.0166   5.38e-04 26.9494
   14 1.162191 0.785939 0.666782   2.140543  0.1270  0.1418  0.0554   5.38e-04 14.8050
   15 0.852581 0.521376 0.640462   1.425442  0.1262  0.1378  0.1101   5.38e-04 20.1937
   16 0.834839 0.487909 0.722301   2.735060  0.1393  0.1427  0.0677   5.38e-04 21.8720
   17 1.456124 0.961766 1.190068   1.279864  0.1416  0.1371  0.0850   5.38e-04 23.0398
   18 1.192519 0.862620 0.771921   1.357674  0.1461  0.1405  0.1150   5.38e-04 24.6046
   19 0.940818 0.657298 0.531384   1.272692  0.1430  0.1410  0.1073   2.69e-04 21.6863
   20 0.917695 0.619609 0.671457   1.376816  0.1413  0.1404  0.1099   2.69e-04 19.3309
   21 0.601791 0.328375 0.607038   1.626544  0.1449  0.1393  0.1238   2.69e-04 18.6082
   22 0.655261 0.424090 0.487436   1.135691  0.1456  0.1413  0.1290   2.69e-04 20.8821
   23 0.491864 0.283422 0.476429   1.164458  0.1441  0.1389  0.1304   2.69e-04 14.5700
--------------------------------------------------------------------------------------------------------
Early stopping at epoch 23  (patience=15  best_epoch=8  best_val_loss=1.035706)
========================================================================================================
 Test Results  (periodic, seed4)
--------------------------------------------------------------------------------------------------------
Test MSRR loss           1.589053
Test rank corr 6m         0.1223
Test base corr 6m         0.1158
Test path2 corr 6m        0.1156
--------------------------------------------------------------------------------------------------------
Best val loss 1.035706  (epoch 8)
Stopped epoch 23
Training time 405.1 seconds
--------------------------------------------------------------------------------------------------------
Weights results1/transformer/weights_periodic_seed4.safetensors
Metrics results1/transformer/metrics_periodic_seed4.json
========================================================================================================

applied tuned hyperparameters for fourier from results1/transformer/transformer-hpt/best_params_fourier.json
========================================================================================================
Variant fourier  Seed 0
Path 1 d_model=128  d_ff=512  n_mlp_layers=3  dropout=0.30877403326456776
Path 2 path2_n_layers=1  path2_n_heads=4  path2_d_ff=512  min_firms_attention=30
Optimiser lr=7.90e-04  wd=2.73e-06  grad_clip=4.256993752817871  patience=15
Loss MSRR (1 - r_pf)^2 + lambda_aux (1 - r_base)^2 + lambda_aux2 (1 - r_path2)^2  lambda_aux=0.12680874749068616  lambda_aux2=0.2513719170944534
 Data train_months=252  val_months=60
 Model 995,891 trainable parameters
========================================================================================================
Epoch TrnTotal  TrnMain   TrnAux    ValLoss  Corr6m  Base6m Path26m         LR   GNorm
--------------------------------------------------------------------------------------------------------
    1 1.070924 0.757898 0.998657   0.723169  0.1333  0.0908  0.1333   1.58e-04  1.9395
    2 0.791586 0.530924 0.999108   0.694636  0.1542  0.1251  0.1541   3.16e-04 11.3435
    3 0.893479 0.639060 1.001428   0.621885  0.1463  0.1254  0.1463   4.74e-04 15.6261
    4 0.904444 0.638457 1.007188   0.848938  0.1374  0.1292  0.1374   6.32e-04 15.4888
    5 0.802191 0.547323 0.976689   0.838844  0.1369  0.1218  0.1366   7.90e-04 13.4058
    6 0.797989 0.533212 0.995311   1.056775  0.1360  0.1250  0.1338   7.90e-04 20.5068  *
    7 1.280822 0.956522 1.062882   0.930937  0.1532  0.1347  0.1516   7.90e-04 25.6867  *
    8 0.811158 0.560731 0.933488   1.333219  0.1451  0.1396  0.1384   7.90e-04 17.3569
    9 1.012619 0.724234 0.850100   1.369621  0.1501  0.1388  0.1467   7.90e-04 26.2104
   10 1.151686 0.849920 0.927271   1.304361  0.1414  0.1323  0.1352   7.90e-04 27.2290
   11 0.801577 0.531944 0.757308   1.503965  0.1445  0.1365  0.1404   7.90e-04 18.5982
   12 0.774147 0.525563 0.777138   1.486213  0.1483  0.1384  0.1462   7.90e-04 14.7349
   13 0.875222 0.575254 1.265315   1.559312  0.1467 -0.1375  0.1494   7.90e-04 14.7128
   14 1.102590 0.819479 1.311435   1.628076  0.1314 -0.1383  0.1351   7.90e-04 20.4175
   15 0.842529 0.550917 1.398204   1.655041  0.1463  0.1388  0.1435   7.90e-04 25.7677
   16 0.925676 0.676192 0.966222   1.659616  0.1363  0.1324  0.1257   7.90e-04 23.4739
   17 0.831972 0.561934 0.730337   1.785111  0.1444  0.1319  0.1404   7.90e-04 14.4822
   18 0.902859 0.635698 0.833188   1.819246  0.1481  0.1297  0.1431   3.95e-04 15.0906
   19 0.717613 0.524902 0.692257   1.663630  0.1475  0.1308  0.1449   3.95e-04 29.9816
   20 0.940721 0.677152 1.052686   1.404200  0.1524  0.1357  0.1468   3.95e-04 17.7809
   21 0.721009 0.467965 0.937992   1.485216  0.1443  0.1310  0.1390   3.95e-04 15.9527
   22 0.919281 0.664062 0.870653   1.476995  0.1454  0.1305  0.1384   3.95e-04 17.1606
--------------------------------------------------------------------------------------------------------
Early stopping at epoch 22  (patience=15  best_epoch=7  best_val_loss=0.930937)
========================================================================================================
 Test Results  (fourier, seed0)
--------------------------------------------------------------------------------------------------------
Test MSRR loss           0.512723
Test rank corr 6m         0.1241
Test base corr 6m         0.1096
Test path2 corr 6m        0.1227
--------------------------------------------------------------------------------------------------------
Best val loss 0.930937  (epoch 7)
Stopped epoch 22
Training time 416.9 seconds
--------------------------------------------------------------------------------------------------------
Weights results1/transformer/weights_fourier_seed0.safetensors
Metrics results1/transformer/metrics_fourier_seed0.json
========================================================================================================

========================================================================================================
Variant fourier  Seed 1
Path 1 d_model=128  d_ff=512  n_mlp_layers=3  dropout=0.30877403326456776
Path 2 path2_n_layers=1  path2_n_heads=4  path2_d_ff=512  min_firms_attention=30
Optimiser lr=7.90e-04  wd=2.73e-06  grad_clip=4.256993752817871  patience=15
Loss MSRR (1 - r_pf)^2 + lambda_aux (1 - r_base)^2 + lambda_aux2 (1 - r_path2)^2  lambda_aux=0.12680874749068616  lambda_aux2=0.2513719170944534
 Data train_months=252  val_months=60
 Model 995,891 trainable parameters
========================================================================================================
Epoch TrnTotal  TrnMain   TrnAux    ValLoss  Corr6m  Base6m Path26m         LR   GNorm
--------------------------------------------------------------------------------------------------------
    1 1.081167 0.765618 1.000867   0.691868  0.1304  0.1110  0.1304   1.58e-04  2.2131
    2 0.869048 0.623779 1.000772   0.639048  0.1265  0.1111  0.1264   3.16e-04 12.2444
    3 0.878774 0.606000 1.003373   1.063530  0.1047  0.1241  0.1046   4.74e-04 16.4370
    4 0.912325 0.643393 0.995241   1.169861  0.1125  0.1298  0.1123   6.32e-04 18.5116
    5 0.696331 0.452894 1.002789   1.766507  0.1068  0.1316  0.1067   7.90e-04 13.7377
    6 0.899921 0.618901 0.970321   1.395985  0.0878  0.1392  0.0848   7.90e-04 19.3793  *
    7 1.015499 0.739998 0.810120   1.824762  0.1007  0.1158  0.0957   7.90e-04 26.2081
    8 0.877477 0.630870 0.764164   1.949917  0.1037  0.1283  0.0931   7.90e-04 18.1711
    9 0.910841 0.597310 1.456347   2.032035  0.1086  0.1317  0.0956   7.90e-04 20.0491
   10 0.863115 0.636305 0.916608   1.000766  0.1219  0.1292  0.1155   7.90e-04 26.3483  *
   11 0.779594 0.563922 0.752585   3.942283  0.1032  0.1328  0.0911   7.90e-04 23.7264
   12 0.922613 0.578839 0.739655   1.230061  0.1047  0.1286  0.0922   7.90e-04 19.8804
   13 0.887371 0.611458 0.777704   1.480432  0.1187  0.1271  0.1100   7.90e-04 21.8221
   14 0.948997 0.742781 0.706753   1.575065  0.1084  0.1284  0.0898   7.90e-04 20.3761
   15 0.841521 0.633614 0.743732   3.065194  0.1209  0.1337  0.0976   7.90e-04 19.5572
   16 0.845370 0.626191 0.619654   1.511347  0.1109  0.1283  0.1034   7.90e-04 15.2318
   17 0.790103 0.582216 0.620247   1.317822  0.1320  0.1404  0.1076   7.90e-04 13.6886
   18 0.903290 0.651365 0.664771   1.478771  0.1209  0.1411  0.1067   7.90e-04 18.3403
   19 0.876969 0.632128 0.729820   1.162965  0.1326  0.1442  0.1145   7.90e-04 25.9089
   20 0.747041 0.495227 0.769585   1.181399  0.1373  0.1437  0.1104   7.90e-04 17.7484
   21 0.834302 0.641545 0.649226   1.101341  0.1158  0.1381  0.0969   3.95e-04 15.3317
   22 0.658275 0.477798 0.563801   1.628801  0.1186  0.1391  0.1015   3.95e-04 18.2387
   23 0.764729 0.528046 0.599283   1.032002  0.1055  0.1340  0.0947   3.95e-04 14.7565
   24 0.613098 0.432704 0.593334   1.075229  0.1168  0.1403  0.0932   3.95e-04 13.8472
   25 0.694586 0.512904 0.654617   1.188443  0.1318  0.1416  0.0948   3.95e-04 17.4298
--------------------------------------------------------------------------------------------------------
Early stopping at epoch 25  (patience=15  best_epoch=10  best_val_loss=1.000766)
========================================================================================================
 Test Results  (fourier, seed1)
--------------------------------------------------------------------------------------------------------
Test MSRR loss           0.561469
Test rank corr 6m         0.1084
Test base corr 6m         0.0973
Test path2 corr 6m        0.1061
--------------------------------------------------------------------------------------------------------
Best val loss 1.000766  (epoch 10)
Stopped epoch 25
Training time 477.8 seconds
--------------------------------------------------------------------------------------------------------
Weights results1/transformer/weights_fourier_seed1.safetensors
Metrics results1/transformer/metrics_fourier_seed1.json
========================================================================================================

========================================================================================================
Variant fourier  Seed 2
Path 1 d_model=128  d_ff=512  n_mlp_layers=3  dropout=0.30877403326456776
Path 2 path2_n_layers=1  path2_n_heads=4  path2_d_ff=512  min_firms_attention=30
Optimiser lr=7.90e-04  wd=2.73e-06  grad_clip=4.256993752817871  patience=15
Loss MSRR (1 - r_pf)^2 + lambda_aux (1 - r_base)^2 + lambda_aux2 (1 - r_path2)^2  lambda_aux=0.12680874749068616  lambda_aux2=0.2513719170944534
 Data train_months=252  val_months=60
 Model 995,891 trainable parameters
========================================================================================================
Epoch TrnTotal  TrnMain   TrnAux    ValLoss  Corr6m  Base6m Path26m         LR   GNorm
--------------------------------------------------------------------------------------------------------
    1 1.112904 0.791623 1.002016   0.712990  0.1430  0.0977  0.1430   1.58e-04  1.5861
    2 0.918196 0.635714 0.998101   0.931620  0.1237  0.1229  0.1237   3.16e-04 12.6176
    3 0.694085 0.458621 0.994876   0.836580  0.1201  0.1178  0.1201   4.74e-04 10.2060
    4 0.755479 0.496351 0.989480   1.062931  0.1114  0.1227  0.1112   6.32e-04 12.6909
    5 0.865336 0.619144 1.006341   1.462218  0.1003  0.1250  0.0996   7.90e-04 18.9799
    6 0.833769 0.592913 1.004368   1.196351  0.1362  0.1269  0.1315   7.90e-04 19.3897  *
    7 0.803090 0.598197 0.837606   1.294889  0.1356  0.1315  0.1265   7.90e-04 18.5567
    8 0.937464 0.691677 0.903287   1.185617  0.1414  0.1358  0.1370   7.90e-04 21.5213  *
    9 1.102292 0.870498 0.749561   1.189433  0.1547  0.1380  0.1524   7.90e-04 26.7095
   10 0.744411 0.535627 0.865580   1.273759  0.1192  0.1309  0.1024   7.90e-04 20.6085
   11 1.001483 0.743921 0.977376   0.990474  0.1374  0.1369  0.1268   7.90e-04 27.3975  *
   12 0.870518 0.620168 1.036762   3.496931  0.1491  0.1419  0.1467   7.90e-04 14.5061
   13 1.256406 1.012870 0.982184   3.302908  0.1501  0.1474  0.1449   7.90e-04 33.8441
   14 0.869313 0.641239 0.988199   2.722569  0.1508  0.1457  0.1436   7.90e-04 21.6287
   15 0.966164 0.692083 1.093700   1.962829  0.1491  0.1397  0.1458   7.90e-04 20.9434
   16 0.962736 0.666321 1.261773   1.458352  0.1578  0.1457  0.1554   7.90e-04 18.2493
   17 1.135478 0.826945 0.741606   1.005667  0.1599  0.1457  0.1554   7.90e-04 17.9144
   18 0.871152 0.596903 0.915400   1.478146  0.1555  0.1506  0.1517   7.90e-04 13.0457
   19 0.892083 0.644581 0.856308   1.833449  0.1560  0.1503  0.1498   7.90e-04 13.3980
   20 0.928050 0.635256 0.989866   1.497355  0.1527  0.1497  0.1486   7.90e-04 16.5367
   21 1.026135 0.742041 1.182824   1.826585  0.1612  0.1481  0.1588   7.90e-04 20.5386
   22 0.888558 0.606625 0.817735   2.282269  0.1599  0.1459  0.1560   3.95e-04 17.0595
   23 1.120328 0.756489 1.467557   2.475569  0.1572  0.1461  0.1519   3.95e-04 13.2465
   24 0.977026 0.706639 1.034554   1.727570  0.1466  0.1429  0.1383   3.95e-04 47.0947
   25 1.494995 1.070040 1.086580   1.661261  0.1514  0.1507  0.1389   3.95e-04 28.4627
   26 0.858438 0.538615 1.126051   1.774408  0.1462  0.1461  0.1332   3.95e-04 26.6446
--------------------------------------------------------------------------------------------------------
Early stopping at epoch 26  (patience=15  best_epoch=11  best_val_loss=0.990474)
========================================================================================================
 Test Results  (fourier, seed2)
--------------------------------------------------------------------------------------------------------
Test MSRR loss           0.879453
Test rank corr 6m         0.0759
Test base corr 6m         0.1017
Test path2 corr 6m        0.0654
--------------------------------------------------------------------------------------------------------
Best val loss 0.990474  (epoch 11)
Stopped epoch 26
Training time 495.8 seconds
--------------------------------------------------------------------------------------------------------
Weights results1/transformer/weights_fourier_seed2.safetensors
Metrics results1/transformer/metrics_fourier_seed2.json
========================================================================================================

========================================================================================================
Variant fourier  Seed 3
Path 1 d_model=128  d_ff=512  n_mlp_layers=3  dropout=0.30877403326456776
Path 2 path2_n_layers=1  path2_n_heads=4  path2_d_ff=512  min_firms_attention=30
Optimiser lr=7.90e-04  wd=2.73e-06  grad_clip=4.256993752817871  patience=15
Loss MSRR (1 - r_pf)^2 + lambda_aux (1 - r_base)^2 + lambda_aux2 (1 - r_path2)^2  lambda_aux=0.12680874749068616  lambda_aux2=0.2513719170944534
 Data train_months=252  val_months=60
 Model 995,891 trainable parameters
========================================================================================================
Epoch TrnTotal  TrnMain   TrnAux    ValLoss  Corr6m  Base6m Path26m         LR   GNorm
--------------------------------------------------------------------------------------------------------
    1 1.088431 0.774011 0.997848   0.743709  0.1302  0.1082  0.1302   1.58e-04  1.8564
    2 0.739316 0.491480 1.001338   0.808328  0.1488  0.1167  0.1487   3.16e-04 10.9144
    3 0.730037 0.499025 0.997635   0.989842  0.1476  0.1387  0.1476   4.74e-04 13.4836
    4 0.998100 0.701397 1.001802   0.940393  0.1228  0.1369  0.1227   6.32e-04 20.5182
    5 0.907285 0.633954 0.999708   1.263364  0.1005  0.1326  0.1001   7.90e-04 21.6072
    6 0.811433 0.551501 0.991631   0.932803  0.1027  0.1324  0.1023   7.90e-04 17.0691  *
    7 0.946772 0.648581 0.986531   1.228995  0.1181  0.1291  0.1170   7.90e-04 18.2924
    8 0.858978 0.602820 0.967644   0.967241  0.1085  0.1228  0.1030   7.90e-04 23.4685
    9 0.824830 0.552565 0.894369   1.238854  0.1380  0.1288  0.1339   7.90e-04 18.9362
   10 0.864637 0.610419 0.837067   1.469270  0.1283  0.1346  0.1197   7.90e-04 27.2853
   11 1.067773 0.753862 1.009281   1.898775  0.1194  0.1335  0.1060   7.90e-04 28.2121
   12 0.846755 0.576340 0.905115   1.792528  0.1167  0.1386  0.1074   7.90e-04 19.7143
   13 0.982967 0.745074 0.934824   1.397628  0.1237  0.1394  0.1135   7.90e-04 20.1328
   14 0.820010 0.598598 0.804888   1.327054  0.1180  0.1403  0.1029   7.90e-04 16.5754
   15 1.000038 0.738419 0.766135   1.996970  0.1278  0.1408  0.1120   7.90e-04 23.0289
   16 0.832732 0.625802 0.719588   1.161101  0.1214  0.1424  0.1121   7.90e-04 20.9745
   17 0.848487 0.534516 1.436091   1.137586  0.1073  0.1382  0.0921   3.95e-04 19.2622
   18 2.028640 1.543618 0.653157   0.929667  0.1231  0.1413  0.1062   3.95e-04 17.5021  *
   19 0.688439 0.473036 0.726863   1.103023  0.1144  0.1407  0.0885   3.95e-04 18.6550
   20 0.645331 0.467271 0.586869   0.972522  0.1185  0.1416  0.0933   3.95e-04 15.4327
   21 0.554052 0.384271 0.665180   1.215885  0.1069  0.1420  0.0997   3.95e-04 10.8587
   22 0.592798 0.408355 0.635079   1.040072  0.1330  0.1438  0.1075   3.95e-04 10.1469
   23 0.513758 0.347470 0.657156   0.821758  0.1226  0.1422  0.1064   3.95e-04  9.5354  *
   24 0.530695 0.345962 0.858144   1.073700  0.1261  0.1432  0.1087   3.95e-04 12.2105
   25 0.763045 0.534428 0.699662   1.121414  0.1256  0.1408  0.1161   3.95e-04 11.1312
   26 0.524905 0.358396 0.508488   0.991125  0.1208  0.1401  0.0968   3.95e-04 12.4678
   27 0.430024 0.292236 0.517599   1.122667  0.0998  0.1375  0.0855   3.95e-04 14.1841
   28 0.446151 0.291349 0.620346   1.444493  0.1144  0.1404  0.0942   3.95e-04 14.5021
   29 0.548454 0.385816 0.612764   1.364643  0.1322  0.1424  0.1055   3.95e-04 10.8414
   30 0.423901 0.253223 0.805821   1.407821  0.1317  0.1417  0.1037   3.95e-04 10.0488
   31 0.455443 0.318201 0.584608   1.513375  0.1357  0.1408  0.1132   3.95e-04 12.0281
   32 0.487819 0.314699 0.883897   1.341687  0.1169  0.1385  0.0960   3.95e-04 15.2462
   33 0.375495 0.227531 0.665323   1.414399  0.0923  0.1365  0.0785   3.95e-04  8.4168
   34 0.428037 0.256365 0.700491   1.715880  0.1283  0.1357  0.0842   1.98e-04 16.3276
   35 0.388380 0.254027 0.619035   1.648422  0.1246  0.1367  0.0902   1.98e-04  7.4684
   36 0.441434 0.250150 0.938816   1.491524  0.1170  0.1372  0.0888   1.98e-04  8.2086
   37 0.341974 0.196075 0.656210   1.208981  0.1156  0.1387  0.0837   1.98e-04  9.0391
   38 0.405014 0.260672 0.636954   1.129252  0.1131  0.1392  0.0891   1.98e-04  9.7790
--------------------------------------------------------------------------------------------------------
Early stopping at epoch 38  (patience=15  best_epoch=23  best_val_loss=0.821758)
========================================================================================================
 Test Results  (fourier, seed3)
--------------------------------------------------------------------------------------------------------
Test MSRR loss           0.610753
Test rank corr 6m         0.1047
Test base corr 6m         0.1160
Test path2 corr 6m        0.0946
--------------------------------------------------------------------------------------------------------
Best val loss 0.821758  (epoch 23)
Stopped epoch 38
Training time 724.4 seconds
--------------------------------------------------------------------------------------------------------
Weights results1/transformer/weights_fourier_seed3.safetensors
Metrics results1/transformer/metrics_fourier_seed3.json
========================================================================================================

========================================================================================================
Variant fourier  Seed 4
Path 1 d_model=128  d_ff=512  n_mlp_layers=3  dropout=0.30877403326456776
Path 2 path2_n_layers=1  path2_n_heads=4  path2_d_ff=512  min_firms_attention=30
Optimiser lr=7.90e-04  wd=2.73e-06  grad_clip=4.256993752817871  patience=15
Loss MSRR (1 - r_pf)^2 + lambda_aux (1 - r_base)^2 + lambda_aux2 (1 - r_path2)^2  lambda_aux=0.12680874749068616  lambda_aux2=0.2513719170944534
 Data train_months=252  val_months=60
 Model 995,891 trainable parameters
========================================================================================================
Epoch TrnTotal  TrnMain   TrnAux    ValLoss  Corr6m  Base6m Path26m         LR   GNorm
--------------------------------------------------------------------------------------------------------
    1 1.081041 0.765979 0.998218   0.755873  0.1468  0.1098  0.1467   1.58e-04  2.0150
    2 0.766010 0.515935 0.995337   0.749069  0.1461  0.1160  0.1460   3.16e-04 11.9946
    3 0.709017 0.475278 1.001312   0.861199  0.1379  0.1289  0.1379   4.74e-04 13.1432
    4 0.835867 0.597453 0.997575   0.892884  0.0825  0.1266  0.0824   6.32e-04 15.1142
    5 0.826103 0.578253 1.012861   1.351728  0.1410  0.1355  0.1408   7.90e-04 15.8353
    6 1.082246 0.749063 0.984455   1.811339  0.1513  0.1367  0.1509   7.90e-04 23.9700  *
    7 0.743163 0.484967 0.900192   1.454069  0.1474  0.1268  0.1452   7.90e-04 19.4474  *
    8 0.827097 0.602084 0.907813   1.571128  0.1453  0.1451  0.1341   7.90e-04 23.1538
    9 0.824480 0.617531 0.839254   1.576959  0.1408  0.1394  0.1347   7.90e-04 13.6532
   10 1.213780 0.793703 1.638166   1.288151  0.1553  0.1441  0.1470   7.90e-04 25.2787  *
   11 1.217339 0.756407 1.787852   1.466384  0.1573  0.1411  0.1517   7.90e-04 19.4318
   12 1.311478 0.994574 1.238596   1.323246  0.1537  0.1402  0.1299   7.90e-04 22.3531
   13 0.874142 0.630113 0.762468   1.532593  0.1615  0.1333  0.1580   7.90e-04 18.0977
   14 0.962814 0.690861 0.816376   1.363188  0.1600  0.1405  0.1548   7.90e-04 18.7554
   15 0.819907 0.594782 0.787040   1.071744  0.1542  0.1382  0.1351   7.90e-04 29.1898  *
   16 0.907422 0.657494 0.932415   1.374648  0.1386  0.1318  0.1294   7.90e-04 17.9011
   17 0.991648 0.643074 1.184057   1.366847  0.1494  0.1247  0.1273   7.90e-04 24.1095
   18 0.894835 0.583633 1.010826   2.132677  0.1527  0.1283  0.1388   7.90e-04 15.2327
   19 0.687830 0.436764 1.003123   1.932505  0.1512  0.1369  0.1287   7.90e-04 16.9960
   20 1.046409 0.765281 1.039976   1.671256  0.1431  0.1443  0.1264   7.90e-04 22.2611
   21 0.996560 0.653549 1.600932   1.757547  0.1468  0.1460  0.1302   7.90e-04 13.1635
   22 0.862247 0.612380 0.940610   1.555760  0.1500  0.1237  0.1250   7.90e-04 23.4886
   23 1.071649 0.648325 2.013026   1.510277  0.1373  0.1393  0.1089   7.90e-04 12.2459
   24 1.083385 0.758200 0.984728   1.515510  0.1397  0.1326  0.1253   7.90e-04 20.7417
   25 0.927922 0.581806 1.321235   1.586643  0.1497  0.1175  0.1393   7.90e-04 24.5059
   26 0.812757 0.571061 0.954163   1.325948  0.1422  0.1231  0.1305   3.95e-04 17.0213
   27 0.911362 0.598610 0.827520   1.409702  0.1424  0.1284  0.1292   3.95e-04 11.4692
   28 0.837640 0.575026 0.943185   1.228395  0.1387  0.1291  0.1297   3.95e-04 11.9545
   29 0.776650 0.543054 0.626817   1.309145  0.1430  0.1304  0.1362   3.95e-04 11.1722
   30 1.209496 0.883315 0.837871   1.369027  0.1439  0.1339  0.1369   3.95e-04 14.7009
--------------------------------------------------------------------------------------------------------
Early stopping at epoch 30  (patience=15  best_epoch=15  best_val_loss=1.071744)
========================================================================================================
 Test Results  (fourier, seed4)
--------------------------------------------------------------------------------------------------------
Test MSRR loss           0.683905
Test rank corr 6m         0.1261
Test base corr 6m         0.1128
Test path2 corr 6m        0.1097
--------------------------------------------------------------------------------------------------------
Best val loss 1.071744  (epoch 15)
Stopped epoch 30
Training time 572.3 seconds
--------------------------------------------------------------------------------------------------------
Weights results1/transformer/weights_fourier_seed4.safetensors
Metrics results1/transformer/metrics_fourier_seed4.json
========================================================================================================

All variants and seeds trained successfully
