Processed data found. Skipping preprocessing.
K0 characteristics, 55
K1 characteristics, 97
K0 missingness flags, 55
K1 missingness flags, 97
Countries, 24
applied tuned hyperparameters for linear from results1/transformer/transformer-hpt/best_params_linear.json
========================================================================================================
Variant linear  Seed 0
Path 1 d_model=96  d_ff=384  n_mlp_layers=3  dropout=0.22397161068258062
Path 2 path2_n_layers=2  path2_n_heads=1  path2_d_ff=512  min_firms_attention=30
Optimiser lr=3.93e-04  wd=2.56e-06  grad_clip=2.628540329554151  patience=15
Loss MSRR (1 - r_pf)^2 + lambda_aux (1 - r_base)^2 + lambda_aux2 (1 - r_path2)^2  lambda_aux=0.2536725419006651  lambda_aux2=0.33946200290275635
 Data train_months=252  val_months=60
 Model 782,667 trainable parameters
========================================================================================================
Epoch TrnTotal  TrnMain   TrnAux    ValLoss  Corr6m  Base6m Path26m         LR   GNorm
--------------------------------------------------------------------------------------------------------
    1 1.214192 0.737932 0.745226   0.970188  0.1352  0.1312  0.1301   7.86e-05  7.1924
    2 1.094114 0.787879 0.551588   0.853251  0.1300  0.1364  0.1232   1.57e-04 26.6943
    3 0.853748 0.611681 0.477029   1.273490  0.1344  0.1229  0.1304   2.36e-04 28.3546
    4 1.431355 1.069606 0.484754   1.350393  0.1363  0.1181  0.1350   3.14e-04 17.1241
    5 0.658236 0.438463 0.434307   1.034024  0.1443  0.1240  0.1432   3.93e-04 10.8441
    6 0.906218 0.623867 0.664233   1.282122  0.1464  0.1167  0.1456   3.93e-04 18.1342  *
    7 1.404137 1.091584 0.480831   2.088457  0.1257  0.1239  0.1196   3.93e-04 16.6784
    8 0.821851 0.604660 0.402445   2.699233  0.1439  0.1042  0.1450   3.93e-04 14.2078
    9 0.557883 0.352566 0.447590   1.549981  0.1331  0.1120  0.1327   3.93e-04 14.1877
   10 0.497791 0.308079 0.377622   0.965410  0.1507  0.1207  0.1520   3.93e-04  9.3240  *
   11 0.557248 0.362715 0.446364   1.792480  0.1408  0.1195  0.1402   3.93e-04  9.8308
   12 0.703986 0.439235 0.730921   1.781536  0.1337  0.0979  0.1332   3.93e-04 16.5886
   13 0.558341 0.375800 0.457570   2.348087  0.1316  0.1210  0.1293   3.93e-04 10.8217
   14 0.415211 0.268290 0.338435   3.456890  0.1373  0.0996  0.1351   3.93e-04  8.0045
   15 0.430483 0.247866 0.481451   1.774370  0.1327  0.0925  0.1269   3.93e-04  8.0170
   16 0.423823 0.271639 0.372075   2.720250  0.1313  0.1025  0.1305   3.93e-04  6.7959
   17 0.454187 0.314403 0.291658   2.458041  0.1215  0.1055  0.1181   3.93e-04  9.7604
   18 0.618548 0.439413 0.380684   1.790799  0.1251  0.1095  0.1217   3.93e-04  8.4867
   19 0.311255 0.178210 0.281389   2.544879  0.1207  0.0966  0.1173   3.93e-04  5.0022
   20 0.301289 0.177189 0.274401   6.449222  0.1261  0.1216  0.1218   3.93e-04  6.3778
   21 0.330658 0.169341 0.452738   6.978927  0.1130  0.0986  0.1122   1.96e-04  5.6267
   22 0.334095 0.192620 0.328149   4.582278  0.1222  0.1135  0.1216   1.96e-04  6.3545
   23 0.232420 0.123749 0.261719   4.371909  0.1183  0.0985  0.1182   1.96e-04  4.8944
   24 0.342632 0.245077 0.209835   6.642515  0.1175  0.1122  0.1154   1.96e-04  6.3947
   25 0.273108 0.174642 0.210097   4.763544  0.1220  0.1141  0.1212   1.96e-04  7.1141
--------------------------------------------------------------------------------------------------------
Early stopping at epoch 25  (patience=15  best_epoch=10  best_val_loss=0.965410)
========================================================================================================
 Test Results  (linear, seed0)
--------------------------------------------------------------------------------------------------------
Test MSRR loss           1.009020
Test rank corr 6m         0.1243
Test base corr 6m         0.1226
Test path2 corr 6m        0.1202
--------------------------------------------------------------------------------------------------------
Best val loss 0.965410  (epoch 10)
Stopped epoch 25
Training time 335.6 seconds
--------------------------------------------------------------------------------------------------------
Weights results1/transformer/weights_linear_seed0.safetensors
Metrics results1/transformer/metrics_linear_seed0.json
========================================================================================================

========================================================================================================
Variant linear  Seed 1
Path 1 d_model=96  d_ff=384  n_mlp_layers=3  dropout=0.22397161068258062
Path 2 path2_n_layers=2  path2_n_heads=1  path2_d_ff=512  min_firms_attention=30
Optimiser lr=3.93e-04  wd=2.56e-06  grad_clip=2.628540329554151  patience=15
Loss MSRR (1 - r_pf)^2 + lambda_aux (1 - r_base)^2 + lambda_aux2 (1 - r_path2)^2  lambda_aux=0.2536725419006651  lambda_aux2=0.33946200290275635
 Data train_months=252  val_months=60
 Model 782,667 trainable parameters
========================================================================================================
Epoch TrnTotal  TrnMain   TrnAux    ValLoss  Corr6m  Base6m Path26m         LR   GNorm
--------------------------------------------------------------------------------------------------------
    1 1.201004 0.721655 0.739602   1.032103  0.1316  0.1228  0.1319   7.86e-05  6.8400
    2 0.854154 0.549287 0.523006   3.736111  0.1368  0.1158  0.1397   1.57e-04 17.6022
    3 1.176122 0.912612 0.515179   1.365090  0.1331  0.1222  0.1313   2.36e-04 27.2392
    4 1.235958 0.848107 0.439987   3.955672  0.1358  0.1308  0.1277   3.14e-04 25.1057
    5 0.905687 0.658772 0.543392   0.999738  0.1351  0.1231  0.1327   3.93e-04 17.4776
    6 0.698923 0.458638 0.497163   0.819723  0.1200  0.1269  0.1139   3.93e-04 15.2696  *
    7 0.669853 0.453277 0.496789   1.319094  0.1359  0.1211  0.1340   3.93e-04 11.2295
    8 0.557143 0.334367 0.437719   4.594328  0.1326  0.1161  0.1314   3.93e-04  8.3701
    9 0.706088 0.483619 0.426504   4.473848  0.1354  0.1190  0.1338   3.93e-04 10.5885
   10 0.700816 0.445170 0.601800   3.578341  0.1465  0.1265  0.1444   3.93e-04  8.4423
   11 0.522339 0.310316 0.394081   5.172028  0.1351  0.1248  0.1299   3.93e-04  7.9492
   12 0.678347 0.430488 0.669259   1.445223  0.1306  0.1225  0.1272   3.93e-04  7.8922
   13 0.525510 0.327867 0.422348   3.866761  0.1417  0.1359  0.1350   3.93e-04  9.4431
   14 0.560306 0.400443 0.407513   2.795876  0.1430  0.1226  0.1423   3.93e-04  9.6292
   15 0.566122 0.381493 0.431682   2.178966  0.1331  0.1155  0.1323   3.93e-04  9.5528
   16 0.537598 0.355847 0.336470   6.534325  0.1358  0.1265  0.1340   3.93e-04  9.0694
   17 0.351208 0.208708 0.282573   5.192984  0.1325  0.1126  0.1318   1.96e-04  8.1261
   18 0.315659 0.176410 0.298727   3.073854  0.1342  0.1145  0.1334   1.96e-04  4.8949
   19 0.304368 0.179628 0.282321   4.328192  0.1298  0.1183  0.1285   1.96e-04  5.9142
   20 0.338469 0.211080 0.225806   1.933069  0.1351  0.1101  0.1346   1.96e-04  5.7677
   21 0.214093 0.116169 0.216948   1.515592  0.1336  0.1153  0.1324   1.96e-04  4.2799
--------------------------------------------------------------------------------------------------------
Early stopping at epoch 21  (patience=15  best_epoch=6  best_val_loss=0.819723)
========================================================================================================
 Test Results  (linear, seed1)
--------------------------------------------------------------------------------------------------------
Test MSRR loss           1.122494
Test rank corr 6m         0.1187
Test base corr 6m         0.1184
Test path2 corr 6m        0.1149
--------------------------------------------------------------------------------------------------------
Best val loss 0.819723  (epoch 6)
Stopped epoch 21
Training time 282.5 seconds
--------------------------------------------------------------------------------------------------------
Weights results1/transformer/weights_linear_seed1.safetensors
Metrics results1/transformer/metrics_linear_seed1.json
========================================================================================================

========================================================================================================
Variant linear  Seed 2
Path 1 d_model=96  d_ff=384  n_mlp_layers=3  dropout=0.22397161068258062
Path 2 path2_n_layers=2  path2_n_heads=1  path2_d_ff=512  min_firms_attention=30
Optimiser lr=3.93e-04  wd=2.56e-06  grad_clip=2.628540329554151  patience=15
Loss MSRR (1 - r_pf)^2 + lambda_aux (1 - r_base)^2 + lambda_aux2 (1 - r_path2)^2  lambda_aux=0.2536725419006651  lambda_aux2=0.33946200290275635
 Data train_months=252  val_months=60
 Model 782,667 trainable parameters
========================================================================================================
Epoch TrnTotal  TrnMain   TrnAux    ValLoss  Corr6m  Base6m Path26m         LR   GNorm
--------------------------------------------------------------------------------------------------------
    1 1.219425 0.744703 0.753290   1.372445  0.1344  0.1176  0.1353   7.86e-05  5.6965
    2 1.205706 0.864232 0.685119   1.859825  0.1400  0.1278  0.1422   1.57e-04 18.3140
    3 0.927290 0.636586 0.460122   2.993792  0.1426  0.1298  0.1433   2.36e-04 15.3037
    4 0.797714 0.542772 0.514692   2.437368  0.1316  0.1236  0.1200   3.14e-04 17.6852
    5 0.582820 0.313454 0.563374   2.292185  0.1258  0.1133  0.1246   3.93e-04 11.1807
    6 0.781021 0.490512 0.503930   1.905737  0.1331  0.1279  0.1306   3.93e-04 12.1822  *
    7 0.979401 0.619931 0.590362  10.227384  0.1273  0.1266  0.1214   3.93e-04 15.8787
    8 1.206748 0.894175 0.608198   3.054218  0.1265  0.1220  0.1208   3.93e-04 14.1559
    9 0.578666 0.383460 0.401857   3.046074  0.1133  0.1047  0.1109   3.93e-04  9.9199
   10 0.524767 0.346187 0.359678  13.832783  0.1060  0.1183  0.1036   3.93e-04  8.1549
   11 0.480199 0.273898 0.416626   3.695904  0.1171  0.1090  0.1115   3.93e-04  7.7903
   12 0.551818 0.399644 0.300511   4.985784  0.1145  0.1112  0.1093   3.93e-04 14.0676
   13 0.375879 0.235936 0.283525   9.967335  0.1114  0.1223  0.1083   3.93e-04  8.5397
   14 0.391873 0.251839 0.329398  10.512420  0.1151  0.1203  0.1116   3.93e-04  6.1983
   15 0.441373 0.232623 0.590290   2.867254  0.1256  0.1243  0.1145   3.93e-04  6.4005
   16 0.338353 0.206516 0.337577   3.739953  0.1180  0.1214  0.1144   3.93e-04  5.3706
   17 0.396598 0.275794 0.232631   5.281425  0.1124  0.1086  0.1102   1.96e-04  8.4209
   18 0.272603 0.141162 0.335995   4.746255  0.1125  0.1151  0.1088   1.96e-04  4.2795
   19 0.215373 0.109961 0.266243   4.248783  0.1176  0.1113  0.1147   1.96e-04  3.8454
   20 0.273331 0.165967 0.238248   4.007020  0.1185  0.1148  0.1148   1.96e-04  7.5025
   21 0.190932 0.100925 0.220134   4.053453  0.1124  0.1183  0.1085   1.96e-04  3.7515
--------------------------------------------------------------------------------------------------------
Early stopping at epoch 21  (patience=15  best_epoch=6  best_val_loss=1.905737)
========================================================================================================
 Test Results  (linear, seed2)
--------------------------------------------------------------------------------------------------------
Test MSRR loss           0.998895
Test rank corr 6m         0.1113
Test base corr 6m         0.1205
Test path2 corr 6m        0.1070
--------------------------------------------------------------------------------------------------------
Best val loss 1.905737  (epoch 6)
Stopped epoch 21
Training time 275.4 seconds
--------------------------------------------------------------------------------------------------------
Weights results1/transformer/weights_linear_seed2.safetensors
Metrics results1/transformer/metrics_linear_seed2.json
========================================================================================================

========================================================================================================
Variant linear  Seed 3
Path 1 d_model=96  d_ff=384  n_mlp_layers=3  dropout=0.22397161068258062
Path 2 path2_n_layers=2  path2_n_heads=1  path2_d_ff=512  min_firms_attention=30
Optimiser lr=3.93e-04  wd=2.56e-06  grad_clip=2.628540329554151  patience=15
Loss MSRR (1 - r_pf)^2 + lambda_aux (1 - r_base)^2 + lambda_aux2 (1 - r_path2)^2  lambda_aux=0.2536725419006651  lambda_aux2=0.33946200290275635
 Data train_months=252  val_months=60
 Model 782,667 trainable parameters
========================================================================================================
Epoch TrnTotal  TrnMain   TrnAux    ValLoss  Corr6m  Base6m Path26m         LR   GNorm
--------------------------------------------------------------------------------------------------------
    1 1.239951 0.756551 0.794841   0.971350  0.1298  0.1158  0.1301   7.86e-05  5.2813
    2 1.301662 0.992331 0.568781   2.061835  0.1389  0.1301  0.1331   1.57e-04 21.0304
    3 1.274223 1.026367 0.521665   1.759007  0.1358  0.1265  0.1329   2.36e-04 31.6148
    4 0.913405 0.644053 0.486793   2.254739  0.1365  0.1257  0.1310   3.14e-04 21.1891
    5 0.979026 0.654000 0.448726   4.590350  0.1382  0.1251  0.1358   3.93e-04 18.2750
    6 0.763877 0.506539 0.394766   5.020749  0.1364  0.1212  0.1343   3.93e-04 15.1493  *
    7 0.627119 0.435701 0.374285   4.019410  0.1371  0.1224  0.1351   3.93e-04 11.8147  *
    8 0.458079 0.291098 0.344744   6.432897  0.1286  0.1262  0.1215   3.93e-04  9.9141
    9 0.343075 0.179679 0.335030   4.504179  0.1297  0.1197  0.1286   3.93e-04  6.2667
   10 0.412194 0.251301 0.359496  10.966788  0.1375  0.1309  0.1288   3.93e-04  7.8380
   11 0.417117 0.243542 0.456063   6.107270  0.1201  0.1035  0.1181   3.93e-04  7.2998
   12 0.336471 0.184100 0.397085   3.193114  0.1225  0.1123  0.1210   3.93e-04  8.4965  *
   13 0.318949 0.190238 0.240899   5.018871  0.1309  0.1185  0.1282   3.93e-04  5.4918
   14 0.295682 0.177753 0.262119   4.854928  0.1284  0.1241  0.1260   3.93e-04  4.4433
   15 0.312552 0.195543 0.286455   1.659771  0.1265  0.1247  0.1240   3.93e-04  5.5851  *
   16 0.330707 0.215734 0.299204   3.198845  0.1239  0.1065  0.1230   3.93e-04  7.4512
   17 0.560197 0.475067 0.193941   2.181367  0.1272  0.1119  0.1256   3.93e-04  7.1852
   18 0.480674 0.334440 0.347107   5.663063  0.1274  0.1331  0.1210   3.93e-04 11.2043
   19 0.440526 0.331354 0.224145   2.934411  0.1214  0.1203  0.1204   3.93e-04  8.5851
   20 0.208259 0.120869 0.219905   3.096094  0.1242  0.0985  0.1233   3.93e-04  3.4618
   21 0.294859 0.186914 0.248095   2.179608  0.1307  0.1053  0.1304   3.93e-04  5.8939
   22 0.250984 0.151847 0.276296   2.756651  0.1283  0.1285  0.1262   3.93e-04  5.1883
   23 0.268412 0.172822 0.238284   2.301120  0.1384  0.1395  0.1259   3.93e-04  6.6020
   24 0.197486 0.110129 0.232770   2.983740  0.1279  0.1357  0.1226   3.93e-04  4.2966
   25 0.226603 0.125425 0.281400   4.338673  0.1401  0.1233  0.1384   3.93e-04  5.4806
   26 0.251002 0.130380 0.261577   3.448822  0.1314  0.1133  0.1302   1.96e-04  4.7862
   27 0.168568 0.086756 0.189429   4.331164  0.1264  0.1195  0.1245   1.96e-04  2.7822
   28 0.150981 0.075606 0.217444   3.281374  0.1291  0.1240  0.1267   1.96e-04  3.3258
   29 0.126618 0.064413 0.172397   3.562741  0.1308  0.1213  0.1296   1.96e-04  2.7879
   30 0.139076 0.068524 0.194203   4.160201  0.1294  0.1326  0.1267   1.96e-04  3.5460
--------------------------------------------------------------------------------------------------------
Early stopping at epoch 30  (patience=15  best_epoch=15  best_val_loss=1.659771)
========================================================================================================
 Test Results  (linear, seed3)
--------------------------------------------------------------------------------------------------------
Test MSRR loss           0.525293
Test rank corr 6m         0.0939
Test base corr 6m         0.1102
Test path2 corr 6m        0.0911
--------------------------------------------------------------------------------------------------------
Best val loss 1.659771  (epoch 15)
Stopped epoch 30
Training time 403.1 seconds
--------------------------------------------------------------------------------------------------------
Weights results1/transformer/weights_linear_seed3.safetensors
Metrics results1/transformer/metrics_linear_seed3.json
========================================================================================================

========================================================================================================
Variant linear  Seed 4
Path 1 d_model=96  d_ff=384  n_mlp_layers=3  dropout=0.22397161068258062
Path 2 path2_n_layers=2  path2_n_heads=1  path2_d_ff=512  min_firms_attention=30
Optimiser lr=3.93e-04  wd=2.56e-06  grad_clip=2.628540329554151  patience=15
Loss MSRR (1 - r_pf)^2 + lambda_aux (1 - r_base)^2 + lambda_aux2 (1 - r_path2)^2  lambda_aux=0.2536725419006651  lambda_aux2=0.33946200290275635
 Data train_months=252  val_months=60
 Model 782,667 trainable parameters
========================================================================================================
Epoch TrnTotal  TrnMain   TrnAux    ValLoss  Corr6m  Base6m Path26m         LR   GNorm
--------------------------------------------------------------------------------------------------------
    1 1.227481 0.740922 0.746082   1.360163  0.1227  0.1146  0.1252   7.86e-05  8.0218
    2 1.580017 1.219103 0.536686   2.060529  0.1156  0.1173  0.1084   1.57e-04 32.3426
    3 1.281572 0.900420 0.549647   1.118137  0.1146  0.1266  0.1084   2.36e-04 33.5304
    4 0.950055 0.601259 0.471960   1.266397  0.1193  0.1217  0.1103   3.14e-04 16.2504
    5 1.360555 1.061188 0.621931   1.011277  0.1302  0.1218  0.1247   3.93e-04 16.1958
    6 0.679427 0.421076 0.607634   3.878880  0.1313  0.1151  0.1285   3.93e-04 12.6620  *
    7 0.799552 0.535464 0.516768   1.512736  0.1305  0.1250  0.1260   3.93e-04 16.0135  *
    8 0.650500 0.404293 0.502770   1.260599  0.1243  0.1092  0.1245   3.93e-04  8.4274  *
    9 0.482028 0.257670 0.455569   1.797643  0.1345  0.1212  0.1295   3.93e-04  6.4958
   10 0.410952 0.216764 0.392485   5.368893  0.1374  0.1200  0.1368   3.93e-04  5.6538
   11 0.360811 0.205153 0.295693   1.470018  0.1330  0.1110  0.1310   3.93e-04  6.7667
   12 0.350870 0.193167 0.346231   1.493357  0.1315  0.1165  0.1289   3.93e-04  5.2787
   13 0.381375 0.208615 0.387571   1.046249  0.1194  0.0947  0.1179   3.93e-04 10.3806  *
   14 0.436413 0.250775 0.329657   8.323547  0.1307  0.1114  0.1281   3.93e-04  5.0158
   15 0.351558 0.215510 0.236778   2.460064  0.1318  0.1008  0.1316   3.93e-04  4.7962
   16 0.352384 0.201861 0.346535   5.229687  0.1387  0.1068  0.1381   3.93e-04  4.9457
   17 0.272461 0.151361 0.245767   5.018051  0.1350  0.1211  0.1329   3.93e-04  3.7342
   18 0.277324 0.127107 0.353324   2.568065  0.1372  0.1202  0.1375   3.93e-04  5.5276
   19 0.440102 0.301985 0.330236   2.359159  0.1266  0.1021  0.1264   3.93e-04  4.5293
   20 0.325382 0.195281 0.319503   3.609614  0.1344  0.1239  0.1284   3.93e-04  5.9397
   21 0.315394 0.185087 0.302709   6.391222  0.1231  0.1197  0.1206   3.93e-04  5.8124
   22 0.343852 0.220228 0.294543  11.329770  0.1211  0.1215  0.1169   3.93e-04  7.0229
   23 0.585807 0.430988 0.288238   5.745849  0.1184  0.1205  0.1137   3.93e-04  6.5322
   24 0.376683 0.212759 0.460229   2.064049  0.1187  0.1092  0.1176   1.96e-04  6.8522
   25 0.254813 0.135869 0.297437   3.437815  0.1275  0.1288  0.1236   1.96e-04  3.5339
   26 0.228863 0.110686 0.310272   3.583212  0.1246  0.1191  0.1226   1.96e-04  3.0538
   27 0.238749 0.098115 0.412503   3.443384  0.1261  0.1310  0.1204   1.96e-04  4.0541
   28 0.213390 0.117063 0.235990   2.698245  0.1250  0.1242  0.1216   1.96e-04  4.2335
--------------------------------------------------------------------------------------------------------
Early stopping at epoch 28  (patience=15  best_epoch=13  best_val_loss=1.046249)
========================================================================================================
 Test Results  (linear, seed4)
--------------------------------------------------------------------------------------------------------
Test MSRR loss           0.498693
Test rank corr 6m         0.0814
Test base corr 6m         0.1057
Test path2 corr 6m        0.0785
--------------------------------------------------------------------------------------------------------
Best val loss 1.046249  (epoch 13)
Stopped epoch 28
Training time 376.5 seconds
--------------------------------------------------------------------------------------------------------
Weights results1/transformer/weights_linear_seed4.safetensors
Metrics results1/transformer/metrics_linear_seed4.json
========================================================================================================

applied tuned hyperparameters for per_feature from results1/transformer/transformer-hpt/best_params_per_feature.json
========================================================================================================
Variant per_feature  Seed 0
Path 1 d_model=64  d_ff=128  n_mlp_layers=1  dropout=0.364109065069631
Path 2 path2_n_layers=1  path2_n_heads=4  path2_d_ff=256  min_firms_attention=30
Optimiser lr=7.82e-05  wd=4.57e-04  grad_clip=2.6030371208833256  patience=15
Loss MSRR (1 - r_pf)^2 + lambda_aux (1 - r_base)^2 + lambda_aux2 (1 - r_path2)^2  lambda_aux=0.45875619373006066  lambda_aux2=0.10107564429281796
 Data train_months=252  val_months=60
 Model 301,107 trainable parameters
========================================================================================================
Epoch TrnTotal  TrnMain   TrnAux    ValLoss  Corr6m  Base6m Path26m         LR   GNorm
--------------------------------------------------------------------------------------------------------
    1 1.541979 0.986212 0.977851   1.446411  0.0436  0.0374  0.0367   1.56e-05  1.1522
    2 1.362317 0.867466 0.888541   1.350749  0.0924  0.0760  0.1299   3.13e-05  1.3246
    3 1.205096 0.746617 0.826708   1.185596  0.1192  0.0871  0.1308   4.69e-05  1.7877
    4 1.228917 0.818646 0.765516   0.878073  0.1270  0.0829  0.1306   6.26e-05  6.5712
    5 1.426229 1.048404 0.712240   0.821739  0.1239  0.0856  0.1252   7.82e-05 16.5544
    6 1.137959 0.808329 0.637495   0.805874  0.1286  0.0926  0.1293   7.82e-05 12.5669  *
    7 1.059214 0.764073 0.567121   0.893649  0.1280  0.0920  0.1281   7.82e-05 13.1123
    8 0.994045 0.723912 0.521424   0.884846  0.1287  0.0921  0.1292   7.82e-05 14.5960
    9 0.927184 0.658372 0.515740   1.112487  0.1304  0.0960  0.1304   7.82e-05 18.1719
   10 0.927869 0.663179 0.513265   1.030017  0.1332  0.1040  0.1328   7.82e-05 17.4597
   11 0.903564 0.655965 0.478828   1.109572  0.1354  0.1048  0.1348   7.82e-05 16.7330
   12 0.863504 0.614726 0.487878   1.052335  0.1355  0.1096  0.1338   7.82e-05 17.8935
   13 0.571097 0.331428 0.466617   1.232160  0.1359  0.1100  0.1338   7.82e-05 20.3720
   14 0.634030 0.381579 0.497433   1.358330  0.1379  0.1120  0.1357   7.82e-05 26.3037
   15 0.743118 0.492702 0.490650   1.977243  0.1356  0.1164  0.1323   7.82e-05 21.0014
   16 0.796525 0.552373 0.478577   1.103130  0.1356  0.1165  0.1324   7.82e-05 18.4185
   17 0.753956 0.493490 0.514070   1.539104  0.1362  0.1168  0.1327   3.91e-05 24.1291
   18 0.671302 0.412300 0.513055   1.597252  0.1367  0.1214  0.1330   3.91e-05 27.2187
   19 0.705533 0.483050 0.433946   1.577292  0.1365  0.1209  0.1324   3.91e-05 20.1493
   20 0.662823 0.440438 0.436327   1.555621  0.1371  0.1228  0.1330   3.91e-05 22.5136
   21 0.697646 0.468845 0.448125   1.752001  0.1373  0.1255  0.1327   3.91e-05 22.8557
--------------------------------------------------------------------------------------------------------
Early stopping at epoch 21  (patience=15  best_epoch=6  best_val_loss=0.805874)
========================================================================================================
 Test Results  (per_feature, seed0)
--------------------------------------------------------------------------------------------------------
Test MSRR loss           0.932218
Test rank corr 6m         0.1069
Test base corr 6m         0.1014
Test path2 corr 6m        0.1016
--------------------------------------------------------------------------------------------------------
Best val loss 0.805874  (epoch 6)
Stopped epoch 21
Training time 263.0 seconds
--------------------------------------------------------------------------------------------------------
Weights results1/transformer/weights_per_feature_seed0.safetensors
Metrics results1/transformer/metrics_per_feature_seed0.json
========================================================================================================

========================================================================================================
Variant per_feature  Seed 1
Path 1 d_model=64  d_ff=128  n_mlp_layers=1  dropout=0.364109065069631
Path 2 path2_n_layers=1  path2_n_heads=4  path2_d_ff=256  min_firms_attention=30
Optimiser lr=7.82e-05  wd=4.57e-04  grad_clip=2.6030371208833256  patience=15
Loss MSRR (1 - r_pf)^2 + lambda_aux (1 - r_base)^2 + lambda_aux2 (1 - r_path2)^2  lambda_aux=0.45875619373006066  lambda_aux2=0.10107564429281796
 Data train_months=252  val_months=60
 Model 301,107 trainable parameters
========================================================================================================
Epoch TrnTotal  TrnMain   TrnAux    ValLoss  Corr6m  Base6m Path26m         LR   GNorm
--------------------------------------------------------------------------------------------------------
    1 1.482465 0.948855 0.955793   1.397574  0.0523  0.0435  0.0707   1.56e-05  1.2688
    2 1.336411 0.850203 0.872139   1.335022  0.0951  0.0811  0.1240   3.13e-05  1.4421
    3 1.163396 0.710367 0.818723   1.097283  0.1202  0.0877  0.1294   4.69e-05  2.1536
    4 1.276040 0.879742 0.740394   0.932140  0.1226  0.0807  0.1283   6.26e-05  7.5676
    5 1.156056 0.796228 0.685833   0.900841  0.1278  0.0825  0.1311   7.82e-05  9.7371
    6 1.192124 0.863769 0.627000   0.792169  0.1247  0.0880  0.1263   7.82e-05 14.3069  *
    7 0.994769 0.704042 0.556603   0.783255  0.1272  0.0880  0.1291   7.82e-05 12.3452  *
    8 0.938309 0.667324 0.526719   0.824376  0.1279  0.0892  0.1290   7.82e-05 16.3898
    9 0.850459 0.592296 0.506452   0.850171  0.1268  0.0947  0.1277   7.82e-05 17.9533
   10 0.947884 0.656506 0.578642   0.911873  0.1293  0.1021  0.1297   7.82e-05 15.8241
   11 0.900033 0.645983 0.502587   0.908144  0.1310  0.1051  0.1307   7.82e-05 18.6157
   12 0.786121 0.545801 0.470833   0.825837  0.1299  0.1040  0.1289   7.82e-05 20.0265
   13 0.716003 0.470753 0.486325   0.860514  0.1315  0.1077  0.1296   7.82e-05 21.8872
   14 0.757905 0.498881 0.513777   0.855574  0.1312  0.1129  0.1283   7.82e-05 18.5223
   15 0.581609 0.356760 0.441907   0.917899  0.1307  0.1144  0.1276   7.82e-05 20.6033
   16 0.635199 0.397392 0.462842   0.870339  0.1305  0.1152  0.1274   7.82e-05 26.7712
   17 0.616105 0.415603 0.393483   1.042720  0.1301  0.1155  0.1264   7.82e-05 22.7754
   18 0.417512 0.197231 0.433887   0.921961  0.1309  0.1165  0.1265   3.91e-05 20.6676
   19 0.654521 0.421846 0.467472   0.956583  0.1317  0.1194  0.1269   3.91e-05 21.7106
   20 0.513655 0.261337 0.510117   0.869284  0.1297  0.1171  0.1241   3.91e-05 24.3987
   21 0.579430 0.351148 0.455692   0.916207  0.1305  0.1184  0.1250   3.91e-05 26.3589
   22 0.586912 0.354152 0.464776   0.888853  0.1315  0.1201  0.1257   3.91e-05 24.0753
--------------------------------------------------------------------------------------------------------
Early stopping at epoch 22  (patience=15  best_epoch=7  best_val_loss=0.783255)
========================================================================================================
 Test Results  (per_feature, seed1)
--------------------------------------------------------------------------------------------------------
Test MSRR loss           1.157215
Test rank corr 6m         0.1133
Test base corr 6m         0.1000
Test path2 corr 6m        0.1089
--------------------------------------------------------------------------------------------------------
Best val loss 0.783255  (epoch 7)
Stopped epoch 22
Training time 274.9 seconds
--------------------------------------------------------------------------------------------------------
Weights results1/transformer/weights_per_feature_seed1.safetensors
Metrics results1/transformer/metrics_per_feature_seed1.json
========================================================================================================

========================================================================================================
Variant per_feature  Seed 2
Path 1 d_model=64  d_ff=128  n_mlp_layers=1  dropout=0.364109065069631
Path 2 path2_n_layers=1  path2_n_heads=4  path2_d_ff=256  min_firms_attention=30
Optimiser lr=7.82e-05  wd=4.57e-04  grad_clip=2.6030371208833256  patience=15
Loss MSRR (1 - r_pf)^2 + lambda_aux (1 - r_base)^2 + lambda_aux2 (1 - r_path2)^2  lambda_aux=0.45875619373006066  lambda_aux2=0.10107564429281796
 Data train_months=252  val_months=60
 Model 301,107 trainable parameters
========================================================================================================
Epoch TrnTotal  TrnMain   TrnAux    ValLoss  Corr6m  Base6m Path26m         LR   GNorm
--------------------------------------------------------------------------------------------------------
    1 1.450836 0.927634 0.935403   1.388484  0.0599  0.0456  0.1061   1.56e-05  1.2739
    2 1.327896 0.844955 0.868568   1.330571  0.0955  0.0788  0.1338   3.13e-05  1.5555
    3 1.148395 0.697069 0.816285   1.069548  0.1185  0.0811  0.1298   4.69e-05  2.4295
    4 1.328844 0.930361 0.742911   0.912093  0.1287  0.0820  0.1336   6.26e-05  8.4033
    5 1.215499 0.853339 0.672714   0.880393  0.1248  0.0794  0.1277   7.82e-05 12.1533
    6 1.201263 0.874653 0.635054   0.809918  0.1253  0.0889  0.1259   7.82e-05 17.5513  *
    7 1.014779 0.720616 0.564980   0.856045  0.1284  0.0913  0.1292   7.82e-05 15.8775
    8 1.022794 0.735114 0.563063   0.844454  0.1306  0.0928  0.1312   7.82e-05 14.9985
    9 0.894313 0.625539 0.523881   0.867844  0.1316  0.0966  0.1324   7.82e-05 19.5367
   10 0.822632 0.548110 0.536360   0.872268  0.1295  0.0965  0.1304   7.82e-05 23.5117
   11 0.724872 0.461741 0.518042   0.943969  0.1315  0.1032  0.1309   7.82e-05 23.3595
   12 0.827926 0.564651 0.518203   0.915215  0.1316  0.1032  0.1308   7.82e-05 19.5805
   13 0.766413 0.497039 0.536022   0.850355  0.1321  0.1079  0.1305   7.82e-05 20.7128
   14 0.757405 0.484387 0.545323   0.840834  0.1321  0.1069  0.1303   7.82e-05 23.1511
   15 0.598776 0.354217 0.478721   0.807518  0.1335  0.1112  0.1307   7.82e-05 23.5832  *
   16 0.740168 0.461695 0.556908   0.895302  0.1338  0.1187  0.1302   7.82e-05 22.8811
   17 0.614616 0.361346 0.504828   0.916398  0.1339  0.1172  0.1304   7.82e-05 25.4860
   18 0.615195 0.383414 0.461377   0.883645  0.1341  0.1206  0.1297   7.82e-05 24.4008
   19 0.559656 0.287177 0.548339   0.893785  0.1343  0.1197  0.1301   7.82e-05 30.7007
   20 0.469302 0.196908 0.549264   0.905928  0.1340  0.1179  0.1298   7.82e-05 22.8684
   21 0.454755 0.193536 0.528449   1.023160  0.1357  0.1208  0.1314   7.82e-05 20.5541
   22 0.408982 0.131593 0.558576   0.953499  0.1330  0.1212  0.1266   7.82e-05 14.0160
   23 0.372770 0.124885 0.500091   0.917098  0.1367  0.1259  0.1310   7.82e-05 15.3064
   24 0.332626 0.098981 0.469257   1.135238  0.1364  0.1321  0.1296   7.82e-05 14.2636
   25 0.704574 0.410260 0.605169   0.997532  0.1363  0.1288  0.1296   7.82e-05 29.3190
   26 0.329101 0.104627 0.449601   1.002355  0.1345  0.1300  0.1267   3.91e-05 15.1908
   27 0.274095 0.078923 0.387514   1.014349  0.1366  0.1286  0.1294   3.91e-05 10.9727
   28 0.318686 0.083629 0.475200   1.022696  0.1368  0.1330  0.1294   3.91e-05 14.3533
   29 0.423767 0.176788 0.501049   1.054586  0.1371  0.1325  0.1295   3.91e-05 25.6088
   30 0.372827 0.140950 0.468788   1.019850  0.1362  0.1299  0.1288   3.91e-05 21.7228
--------------------------------------------------------------------------------------------------------
Early stopping at epoch 30  (patience=15  best_epoch=15  best_val_loss=0.807518)
========================================================================================================
 Test Results  (per_feature, seed2)
--------------------------------------------------------------------------------------------------------
Test MSRR loss           4.203285
Test rank corr 6m         0.1069
Test base corr 6m         0.1085
Test path2 corr 6m        0.1007
--------------------------------------------------------------------------------------------------------
Best val loss 0.807518  (epoch 15)
Stopped epoch 30
Training time 375.7 seconds
--------------------------------------------------------------------------------------------------------
Weights results1/transformer/weights_per_feature_seed2.safetensors
Metrics results1/transformer/metrics_per_feature_seed2.json
========================================================================================================

========================================================================================================
Variant per_feature  Seed 3
Path 1 d_model=64  d_ff=128  n_mlp_layers=1  dropout=0.364109065069631
Path 2 path2_n_layers=1  path2_n_heads=4  path2_d_ff=256  min_firms_attention=30
Optimiser lr=7.82e-05  wd=4.57e-04  grad_clip=2.6030371208833256  patience=15
Loss MSRR (1 - r_pf)^2 + lambda_aux (1 - r_base)^2 + lambda_aux2 (1 - r_path2)^2  lambda_aux=0.45875619373006066  lambda_aux2=0.10107564429281796
 Data train_months=252  val_months=60
 Model 301,107 trainable parameters
========================================================================================================
Epoch TrnTotal  TrnMain   TrnAux    ValLoss  Corr6m  Base6m Path26m         LR   GNorm
--------------------------------------------------------------------------------------------------------
    1 1.508696 0.966573 0.972220   1.367318  0.0729  0.0555  0.1076   1.56e-05  1.1408
    2 1.336192 0.849980 0.875409   1.326408  0.0996  0.0824  0.1354   3.13e-05  1.2738
    3 1.199885 0.744421 0.821601   1.184938  0.1252  0.0905  0.1362   4.69e-05  1.7818
    4 1.147558 0.734324 0.774995   0.938458  0.1270  0.0845  0.1317   6.26e-05  5.6430
    5 1.290359 0.906492 0.714377   0.848237  0.1243  0.0828  0.1275   7.82e-05 10.0132
    6 1.162401 0.827441 0.641721   0.870444  0.1299  0.0920  0.1318   7.82e-05 11.7914  *
    7 1.095045 0.794841 0.571131   0.889235  0.1278  0.0912  0.1289   7.82e-05 13.5621
    8 1.027575 0.749182 0.532491   0.879408  0.1288  0.0965  0.1291   7.82e-05 15.0040
    9 1.002430 0.730333 0.516049   0.904860  0.1282  0.0998  0.1277   7.82e-05 16.5675
   10 0.960773 0.698464 0.489176   1.014843  0.1273  0.1028  0.1260   7.82e-05 14.4340
   11 0.922775 0.661271 0.506224   1.246056  0.1303  0.1100  0.1285   7.82e-05 17.6387
   12 0.835149 0.585383 0.485644   1.678674  0.1291  0.1094  0.1264   7.82e-05 14.9017
   13 0.808173 0.569805 0.458479   1.400602  0.1314  0.1106  0.1289   7.82e-05 19.8053
   14 0.887101 0.658042 0.447397   1.391125  0.1303  0.1114  0.1275   7.82e-05 16.9719
   15 0.695447 0.469149 0.440613   1.333303  0.1323  0.1140  0.1291   7.82e-05 17.4161
   16 0.764669 0.528151 0.452416   1.269904  0.1323  0.1171  0.1286   7.82e-05 21.4174
   17 0.708618 0.487904 0.429312   1.281793  0.1311  0.1183  0.1267   3.91e-05 18.4335
   18 0.680376 0.435171 0.487604   1.052233  0.1316  0.1180  0.1271   3.91e-05 22.3655
   19 0.635959 0.433984 0.398360   0.969525  0.1321  0.1203  0.1273   3.91e-05 23.0867
   20 0.751681 0.503460 0.499825   1.154258  0.1317  0.1208  0.1269   3.91e-05 21.3364
   21 0.689987 0.473187 0.432433   1.179313  0.1316  0.1189  0.1265   3.91e-05 18.9355
--------------------------------------------------------------------------------------------------------
Early stopping at epoch 21  (patience=15  best_epoch=6  best_val_loss=0.870444)
========================================================================================================
 Test Results  (per_feature, seed3)
--------------------------------------------------------------------------------------------------------
Test MSRR loss           0.860238
Test rank corr 6m         0.1139
Test base corr 6m         0.1010
Test path2 corr 6m        0.1102
--------------------------------------------------------------------------------------------------------
Best val loss 0.870444  (epoch 6)
Stopped epoch 21
Training time 263.2 seconds
--------------------------------------------------------------------------------------------------------
Weights results1/transformer/weights_per_feature_seed3.safetensors
Metrics results1/transformer/metrics_per_feature_seed3.json
========================================================================================================

========================================================================================================
Variant per_feature  Seed 4
Path 1 d_model=64  d_ff=128  n_mlp_layers=1  dropout=0.364109065069631
Path 2 path2_n_layers=1  path2_n_heads=4  path2_d_ff=256  min_firms_attention=30
Optimiser lr=7.82e-05  wd=4.57e-04  grad_clip=2.6030371208833256  patience=15
Loss MSRR (1 - r_pf)^2 + lambda_aux (1 - r_base)^2 + lambda_aux2 (1 - r_path2)^2  lambda_aux=0.45875619373006066  lambda_aux2=0.10107564429281796
 Data train_months=252  val_months=60
 Model 301,107 trainable parameters
========================================================================================================
Epoch TrnTotal  TrnMain   TrnAux    ValLoss  Corr6m  Base6m Path26m         LR   GNorm
--------------------------------------------------------------------------------------------------------
    1 1.472406 0.941213 0.942309   1.391628  0.0737  0.0682  0.0707   1.56e-05  1.1716
    2 1.338413 0.851604 0.872068   1.337512  0.0964  0.0843  0.1245   3.13e-05  1.3369
    3 1.197145 0.740461 0.822964   1.159686  0.1158  0.0859  0.1278   4.69e-05  1.8306
    4 1.132868 0.727353 0.759148   0.878524  0.1205  0.0849  0.1246   6.26e-05  5.7156
    5 1.282832 0.917125 0.683808   0.809747  0.1243  0.0882  0.1254   7.82e-05 12.3220
    6 1.285874 0.931576 0.673475   0.819843  0.1227  0.0911  0.1222   7.82e-05 14.5199  *
    7 0.998581 0.698283 0.562568   0.818862  0.1252  0.0956  0.1238   7.82e-05 17.8830  *
    8 1.147256 0.818350 0.614495   0.824487  0.1273  0.0976  0.1260   7.82e-05 22.2830
    9 0.818069 0.545626 0.519611   0.855577  0.1303  0.1012  0.1282   7.82e-05 21.1280
   10 0.908531 0.638149 0.528645   0.875754  0.1322  0.1075  0.1297   7.82e-05 21.9912
   11 0.794688 0.545960 0.480897   0.895130  0.1315  0.1062  0.1288   7.82e-05 18.9293
   12 0.887736 0.621618 0.523889   0.955298  0.1315  0.1084  0.1284   7.82e-05 17.6706
   13 0.613307 0.360728 0.494999   1.001496  0.1323  0.1120  0.1272   7.82e-05 19.8971
   14 0.589296 0.354788 0.459303   1.126128  0.1328  0.1172  0.1278   7.82e-05 23.3632
   15 0.557986 0.341061 0.419730   1.050202  0.1308  0.1165  0.1244   7.82e-05 22.1705
   16 0.739582 0.500790 0.471704   1.067877  0.1338  0.1182  0.1270   7.82e-05 20.5197
   17 0.632853 0.386543 0.486244   1.201132  0.1337  0.1196  0.1274   7.82e-05 25.8862
   18 0.477296 0.237912 0.475652   1.164930  0.1343  0.1229  0.1271   3.91e-05 22.1192
   19 0.344060 0.139205 0.402087   1.400011  0.1348  0.1261  0.1277   3.91e-05 16.4367
   20 0.545706 0.331867 0.423629   1.552560  0.1340  0.1252  0.1262   3.91e-05 25.4626
   21 0.536930 0.310918 0.450690   1.466493  0.1341  0.1276  0.1266   3.91e-05 24.2065
   22 0.453251 0.226156 0.453491   1.597920  0.1343  0.1262  0.1264   3.91e-05 26.8180
--------------------------------------------------------------------------------------------------------
Early stopping at epoch 22  (patience=15  best_epoch=7  best_val_loss=0.818862)
========================================================================================================
 Test Results  (per_feature, seed4)
--------------------------------------------------------------------------------------------------------
Test MSRR loss           1.241727
Test rank corr 6m         0.1086
Test base corr 6m         0.1045
Test path2 corr 6m        0.1031
--------------------------------------------------------------------------------------------------------
Best val loss 0.818862  (epoch 7)
Stopped epoch 22
Training time 275.9 seconds
--------------------------------------------------------------------------------------------------------
Weights results1/transformer/weights_per_feature_seed4.safetensors
Metrics results1/transformer/metrics_per_feature_seed4.json
========================================================================================================

applied tuned hyperparameters for ple from results1/transformer/transformer-hpt/best_params_ple.json
========================================================================================================
Variant ple  Seed 0
Path 1 d_model=64  d_ff=128  n_mlp_layers=2  dropout=0.2940043759586253
Path 2 path2_n_layers=2  path2_n_heads=1  path2_d_ff=128  min_firms_attention=30
Optimiser lr=1.13e-03  wd=1.21e-07  grad_clip=2.609255985666477  patience=15
Loss MSRR (1 - r_pf)^2 + lambda_aux (1 - r_base)^2 + lambda_aux2 (1 - r_path2)^2  lambda_aux=0.11631005662190558  lambda_aux2=0.33635717727529674
 Data train_months=252  val_months=60
 Model 361,547 trainable parameters
========================================================================================================
Epoch TrnTotal  TrnMain   TrnAux    ValLoss  Corr6m  Base6m Path26m         LR   GNorm
--------------------------------------------------------------------------------------------------------
    1 1.043243 0.708075 0.724523   0.942931  0.1376  0.1189  0.1349   2.27e-04  4.0691
    2 0.872848 0.594097 0.641514   1.002617  0.1228  0.1013  0.1223   4.53e-04  8.6939
    3 0.618104 0.420605 0.546471   0.795921  0.1223  0.0931  0.1222   6.80e-04  6.2538
    4 1.070706 0.821587 0.580496   0.767004  0.1153  0.1127  0.1121   9.06e-04 10.5120
    5 0.556472 0.373730 0.561965   1.413067  0.1378  0.1128  0.1371   1.13e-03  5.3731
    6 0.490736 0.322846 0.465370   1.647460  0.0673  0.0981  0.0503   1.13e-03  6.0602  *
    7 0.973111 0.670545 0.455281   7.771217  0.0766  0.1060  0.0692   1.13e-03 10.7034
    8 0.959747 0.628954 0.425299   1.562624  0.1007  0.0973  0.0951   1.13e-03 10.0651  *
    9 1.600425 1.143354 0.481388   1.509354  0.0898  0.1095  0.0773   1.13e-03 11.2444  *
   10 1.083126 0.788551 0.413760   1.002510  0.1157  0.1097  0.1077   1.13e-03 13.6265  *
   11 0.923282 0.665953 0.322590   1.559415  0.1096  0.1033  0.0879   1.13e-03 13.4266
   12 0.742331 0.504834 0.514941   1.023253  0.1138  0.1065  0.0923   1.13e-03 12.0020
   13 0.748846 0.483468 0.366117   0.702490  0.1305  0.1173  0.1158   1.13e-03 15.4128  *
   14 0.621232 0.388186 0.416191   0.972214  0.1236  0.0999  0.1154   1.13e-03  7.1116
   15 0.951248 0.675091 0.374474   1.474422  0.1260  0.1145  0.1054   1.13e-03 13.5447
   16 0.725508 0.480573 0.502591   1.319202  0.1268  0.0890  0.1177   1.13e-03  9.1496
   17 0.473535 0.305074 0.372616   1.729997  0.1229  0.1016  0.1195   1.13e-03  7.5550
   18 0.548513 0.367310 0.327295   1.216994  0.1098  0.0972  0.1044   1.13e-03  8.0862
   19 0.493402 0.290515 0.337279   0.979577  0.1280  0.1012  0.1259   1.13e-03  8.4301
   20 0.549164 0.354469 0.306407   1.464332  0.1277  0.1027  0.1264   1.13e-03  8.2699
   21 0.515286 0.338570 0.357284   1.657174  0.1375  0.1064  0.1343   1.13e-03  5.8564
   22 0.325556 0.194434 0.338782   1.267896  0.1307  0.0961  0.1251   1.13e-03  5.8106
   23 0.374437 0.279677 0.360071   1.377535  0.1095  0.1019  0.0994   1.13e-03  4.5781
   24 0.287983 0.146183 0.291092   1.331860  0.1143  0.0954  0.1082   5.66e-04  4.1198
   25 0.163163 0.101074 0.259207   1.354198  0.1236  0.0976  0.1205   5.66e-04  2.3919
   26 0.152233 0.089515 0.249434   1.586918  0.1197  0.0896  0.1173   5.66e-04  2.6597
   27 0.150017 0.094614 0.234013   1.584479  0.1115  0.0858  0.1108   5.66e-04  1.9744
   28 0.138405 0.083814 0.220735   1.272698  0.1232  0.0989  0.1216   5.66e-04  1.9542
--------------------------------------------------------------------------------------------------------
Early stopping at epoch 28  (patience=15  best_epoch=13  best_val_loss=0.702490)
========================================================================================================
 Test Results  (ple, seed0)
--------------------------------------------------------------------------------------------------------
Test MSRR loss           3.368522
Test rank corr 6m         0.1246
Test base corr 6m         0.1131
Test path2 corr 6m        0.1018
--------------------------------------------------------------------------------------------------------
Best val loss 0.702490  (epoch 13)
Stopped epoch 28
Training time 306.4 seconds
--------------------------------------------------------------------------------------------------------
Weights results1/transformer/weights_ple_seed0.safetensors
Metrics results1/transformer/metrics_ple_seed0.json
========================================================================================================

========================================================================================================
Variant ple  Seed 1
Path 1 d_model=64  d_ff=128  n_mlp_layers=2  dropout=0.2940043759586253
Path 2 path2_n_layers=2  path2_n_heads=1  path2_d_ff=128  min_firms_attention=30
Optimiser lr=1.13e-03  wd=1.21e-07  grad_clip=2.609255985666477  patience=15
Loss MSRR (1 - r_pf)^2 + lambda_aux (1 - r_base)^2 + lambda_aux2 (1 - r_path2)^2  lambda_aux=0.11631005662190558  lambda_aux2=0.33635717727529674
 Data train_months=252  val_months=60
 Model 361,547 trainable parameters
========================================================================================================
Epoch TrnTotal  TrnMain   TrnAux    ValLoss  Corr6m  Base6m Path26m         LR   GNorm
--------------------------------------------------------------------------------------------------------
    1 1.438178 1.102748 0.672811   0.954541  0.1246  0.1151  0.1233   2.27e-04  8.1521
    2 0.825179 0.570151 0.558392   0.718066  0.1298  0.1054  0.1288   4.53e-04  8.3991
    3 0.711337 0.494099 0.569751   0.668298  0.1319  0.1079  0.1297   6.80e-04 10.5848
    4 0.508984 0.329304 0.499014   1.195952  0.1180  0.1178  0.1170   9.06e-04  4.8547
    5 0.575051 0.377201 0.538342   1.420189  0.1193  0.0964  0.1183   1.13e-03  4.9234
    6 0.535176 0.323722 0.525578   1.490614  0.0977  0.1017  0.0962   1.13e-03  3.2825  *
    7 0.576942 0.372146 0.535257   1.040374  0.1043  0.1101  0.1033   1.13e-03  4.4130  *
    8 0.627849 0.433327 0.462143   1.847676  0.1112  0.1111  0.1143   1.13e-03  4.8018
    9 0.524686 0.347038 0.466337   1.919426  0.1003  0.1058  0.1003   1.13e-03  3.5636
   10 0.496903 0.329232 0.353300   0.943137  0.1038  0.1100  0.1022   1.13e-03  3.9323  *
   11 0.732420 0.502280 0.438252   1.579531  0.0417  0.1214  0.0379   1.13e-03  8.0984
   12 0.941918 0.657182 0.502855   0.827823  0.0729  0.1255  0.0672   1.13e-03  2.4193  *
   13 1.053154 0.738915 0.382687   0.987073  0.0809  0.1348  0.0754   1.13e-03  1.4674
   14 1.177249 0.818459 0.459854   1.113477  0.0866  0.1299  0.0791   1.13e-03  1.1602
   15 1.230981 0.857947 0.553223   0.888644  0.0850  0.1299  0.0797   1.13e-03  1.1511
   16 1.203049 0.847753 0.452536   0.973289  0.0855  0.1262  0.0825   1.13e-03  0.7601
   17 1.225751 0.874927 0.370210   1.357647  0.0850  0.1128  0.0827   1.13e-03  0.5458
   18 1.267805 0.902209 0.373896   1.192218  0.0791  0.1225  0.0743   1.13e-03  0.6390
   19 1.272991 0.912050 0.305939   1.156850  0.0765  0.1171  0.0733   1.13e-03  0.6435
   20 1.269560 0.914165 0.273316   1.154627  0.0755  0.1151  0.0714   1.13e-03  0.4059
   21 1.276790 0.915307 0.315839   1.164916  0.0737  0.1206  0.0691   1.13e-03  0.4856
   22 1.268347 0.911717 0.264185   1.156233  0.0720  0.1035  0.0681   1.13e-03  0.4764
   23 1.287299 0.911875 0.425874   1.165902  0.0752  0.1160  0.0679   5.66e-04  0.7053
   24 1.281577 0.911847 0.376943   1.152197  0.0715  0.1134  0.0678   5.66e-04  0.5188
   25 1.268823 0.912287 0.260408   1.123932  0.0714  0.1151  0.0677   5.66e-04  0.5025
   26 1.277678 0.913885 0.318022   1.152643  0.0709  0.1157  0.0676   5.66e-04  0.3686
   27 1.273376 0.916265 0.260580   1.148902  0.0708  0.1108  0.0676   5.66e-04  0.3442
--------------------------------------------------------------------------------------------------------
Early stopping at epoch 27  (patience=15  best_epoch=12  best_val_loss=0.827823)
========================================================================================================
 Test Results  (ple, seed1)
--------------------------------------------------------------------------------------------------------
Test MSRR loss           0.970819
Test rank corr 6m         0.0680
Test base corr 6m         0.1115
Test path2 corr 6m        0.0640
--------------------------------------------------------------------------------------------------------
Best val loss 0.827823  (epoch 12)
Stopped epoch 27
Training time 255.3 seconds
--------------------------------------------------------------------------------------------------------
Weights results1/transformer/weights_ple_seed1.safetensors
Metrics results1/transformer/metrics_ple_seed1.json
========================================================================================================

========================================================================================================
Variant ple  Seed 2
Path 1 d_model=64  d_ff=128  n_mlp_layers=2  dropout=0.2940043759586253
Path 2 path2_n_layers=2  path2_n_heads=1  path2_d_ff=128  min_firms_attention=30
Optimiser lr=1.13e-03  wd=1.21e-07  grad_clip=2.609255985666477  patience=15
Loss MSRR (1 - r_pf)^2 + lambda_aux (1 - r_base)^2 + lambda_aux2 (1 - r_path2)^2  lambda_aux=0.11631005662190558  lambda_aux2=0.33635717727529674
 Data train_months=252  val_months=60
 Model 361,547 trainable parameters
========================================================================================================
Epoch TrnTotal  TrnMain   TrnAux    ValLoss  Corr6m  Base6m Path26m         LR   GNorm
--------------------------------------------------------------------------------------------------------
    1 1.119961 0.764689 0.699961   1.084296  0.1209  0.1197  0.1118   2.27e-04  4.8781
    2 0.942197 0.694301 0.593251   0.799845  0.1264  0.1003  0.1258   4.53e-04  9.2479
    3 0.934280 0.711195 0.557029   0.778852  0.0932  0.1036  0.0883   6.80e-04  8.8848
    4 0.804260 0.588787 0.555594   0.656886  0.1060  0.1037  0.1032   9.06e-04  8.0983
    5 1.046683 0.738456 0.541813   0.830238  0.1134  0.1047  0.1117   1.13e-03  8.8405
    6 1.016816 0.692649 0.471660   1.514154  0.1385  0.1205  0.1378   1.13e-03  5.8656  *
    7 0.847849 0.575938 0.485575   1.475408  0.1224  0.0938  0.1230   1.13e-03  8.9402  *
    8 0.824795 0.562564 0.566238   1.069996  0.1261  0.0872  0.1305   1.13e-03  6.8386  *
    9 0.653010 0.441716 0.474759   1.699032  0.1139  0.1008  0.1128   1.13e-03  5.3685
   10 0.658585 0.456112 0.409842   1.057207  0.1192  0.1035  0.1155   1.13e-03  7.1779  *
   11 0.791341 0.575689 0.564472   0.928765  0.1172  0.0997  0.1162   1.13e-03  5.2233  *
   12 0.581958 0.382637 0.417603   0.940924  0.1352  0.0978  0.1360   1.13e-03  5.0258
   13 0.952133 0.639107 0.596351   0.968374  0.1221  0.0994  0.1221   1.13e-03  7.6603
   14 0.838924 0.574628 0.352742   2.325140  0.1053  0.1057  0.1034   1.13e-03  6.4875
   15 0.425719 0.297856 0.361397   1.261056  0.1342  0.1122  0.1311   1.13e-03  6.0962
   16 0.646259 0.471193 0.424934   1.054160  0.1539  0.1061  0.1527   1.13e-03  4.9085
   17 0.349658 0.227637 0.379261   1.333677  0.1262  0.0988  0.1244   1.13e-03  4.2463
   18 0.702520 0.492013 0.433043   3.118233 -0.0781  0.1214 -0.0809   1.13e-03  6.4190
   19 1.383801 1.004830 0.332581   1.914337 -0.0723  0.1116 -0.0760   1.13e-03  1.1027
   20 1.371954 0.997334 0.318965   1.759263 -0.0777  0.1064 -0.0808   1.13e-03  0.7978
   21 1.349046 0.982990 0.260977   2.960051 -0.0775  0.0994 -0.0811   1.13e-03  1.2051
   22 1.364278 1.000488 0.227922   3.510074 -0.0764  0.0960 -0.0799   5.66e-04  0.5802
   23 1.365989 0.999707 0.255102   3.448147 -0.0762  0.0992 -0.0797   5.66e-04  0.3913
   24 1.358719 0.999974 0.191884   3.242410 -0.0763  0.0953 -0.0793   5.66e-04  0.4193
   25 1.359792 0.999643 0.203940   3.266097 -0.0770  0.0912 -0.0793   5.66e-04  0.3956
   26 1.356572 0.996820 0.200004   2.975026 -0.0765  0.0945 -0.0792   5.66e-04  0.3177
--------------------------------------------------------------------------------------------------------
Early stopping at epoch 26  (patience=15  best_epoch=11  best_val_loss=0.928765)
========================================================================================================
 Test Results  (ple, seed2)
--------------------------------------------------------------------------------------------------------
Test MSRR loss           3.594071
Test rank corr 6m         0.1169
Test base corr 6m         0.1114
Test path2 corr 6m        0.1119
--------------------------------------------------------------------------------------------------------
Best val loss 0.928765  (epoch 11)
Stopped epoch 26
Training time 264.8 seconds
--------------------------------------------------------------------------------------------------------
Weights results1/transformer/weights_ple_seed2.safetensors
Metrics results1/transformer/metrics_ple_seed2.json
========================================================================================================

========================================================================================================
Variant ple  Seed 3
Path 1 d_model=64  d_ff=128  n_mlp_layers=2  dropout=0.2940043759586253
Path 2 path2_n_layers=2  path2_n_heads=1  path2_d_ff=128  min_firms_attention=30
Optimiser lr=1.13e-03  wd=1.21e-07  grad_clip=2.609255985666477  patience=15
Loss MSRR (1 - r_pf)^2 + lambda_aux (1 - r_base)^2 + lambda_aux2 (1 - r_path2)^2  lambda_aux=0.11631005662190558  lambda_aux2=0.33635717727529674
 Data train_months=252  val_months=60
 Model 361,547 trainable parameters
========================================================================================================
Epoch TrnTotal  TrnMain   TrnAux    ValLoss  Corr6m  Base6m Path26m         LR   GNorm
--------------------------------------------------------------------------------------------------------
    1 1.046754 0.709110 0.734766   0.900346  0.1438  0.1015  0.1426   2.27e-04  3.5378
    2 0.857694 0.621736 0.492871   1.020311  0.1279  0.1139  0.1230   4.53e-04  9.7608
    3 0.584613 0.378187 0.463003   1.369576  0.1104  0.1208  0.1077   6.80e-04  5.5437
    4 0.827163 0.603600 0.429983   0.955298  0.1235  0.1000  0.1220   9.06e-04 11.4103
    5 0.705255 0.494608 0.422790   1.164894  0.1064  0.1101  0.1043   1.13e-03  5.8287
    6 0.689092 0.470513 0.366064   1.407388  0.1059  0.1029  0.1052   1.13e-03  9.0769  *
    7 0.686153 0.456667 0.447902   1.395119  0.0925  0.1310  0.0903   1.13e-03  5.1979  *
    8 0.595248 0.420162 0.332873   1.367798  0.0944  0.1213  0.0890   1.13e-03  4.3656  *
    9 0.686101 0.452135 0.378987   1.489885  0.0983  0.1042  0.0969   1.13e-03  3.5675
   10 1.065444 0.801692 0.316368   1.303618  0.0537  0.1096  0.0530   1.13e-03  6.5704  *
   11 1.117342 0.900130 0.337326   1.048767  0.1165  0.1047  0.1084   1.13e-03 11.9828  *
   12 1.346925 1.005964 0.328524   1.489438 -0.0738  0.1161 -0.0824   1.13e-03 20.2118
   13 1.169720 0.781925 0.392318   1.291791 -0.0579  0.0928 -0.0647   1.13e-03 20.7723
   14 1.036527 0.712013 0.350621   1.827484  0.0890  0.1022  0.0609   1.13e-03 14.3821
   15 0.934501 0.616018 0.646188   1.157317  0.1180  0.1149  0.0904   1.13e-03 19.0845
   16 1.096265 0.763866 0.498194   1.220967  0.0850  0.1203  0.0375   1.13e-03 18.5922
   17 0.692042 0.513807 0.368628   0.845801  0.0964  0.1277  0.0530   1.13e-03  8.6749  *
   18 0.437315 0.292774 0.266132   1.164970  0.1323  0.1035  0.1173   1.13e-03  6.7254
   19 0.385700 0.238090 0.330636   1.578592  0.1245  0.1136  0.1167   1.13e-03  6.4264
   20 0.358284 0.224433 0.306098   1.100186  0.1372  0.0964  0.1336   1.13e-03  4.3230
   21 0.460923 0.326481 0.281381   1.020289  0.1319  0.1039  0.1267   1.13e-03  7.0721
   22 0.326076 0.200670 0.245156   1.017532  0.1349  0.1151  0.1287   1.13e-03  3.1742
   23 0.463909 0.368099 0.256915   0.923510  0.1406  0.0995  0.1371   1.13e-03  5.0524
   24 0.331385 0.223261 0.258709   0.916476  0.1386  0.0758  0.1378   1.13e-03  3.2400
   25 0.459531 0.339748 0.243497   1.022977  0.1276  0.0632  0.1272   1.13e-03  5.0208
   26 0.397415 0.277169 0.294689   1.003893  0.1331  0.0443  0.1333   1.13e-03  4.1251
   27 0.374385 0.271060 0.273865   1.061099  0.1355  0.1029  0.1329   1.13e-03  3.4693
   28 0.260359 0.177817 0.263076   1.243576  0.1304  0.0828  0.1296   5.66e-04  3.5926
   29 0.315086 0.214266 0.214082   1.147400  0.1320  0.0767  0.1321   5.66e-04  3.8604
   30 0.213896 0.138015 0.192944   1.256006  0.1339  0.0783  0.1341   5.66e-04  2.0797
   31 0.199976 0.127132 0.177082   1.042306  0.1322  0.0715  0.1321   5.66e-04  1.5434
   32 0.199124 0.127156 0.200326   1.085052  0.1312  0.0622  0.1313   5.66e-04  1.7352
--------------------------------------------------------------------------------------------------------
Early stopping at epoch 32  (patience=15  best_epoch=17  best_val_loss=0.845801)
========================================================================================================
 Test Results  (ple, seed3)
--------------------------------------------------------------------------------------------------------
Test MSRR loss          15.726526
Test rank corr 6m         0.1070
Test base corr 6m         0.1287
Test path2 corr 6m        0.0610
--------------------------------------------------------------------------------------------------------
Best val loss 0.845801  (epoch 17)
Stopped epoch 32
Training time 360.1 seconds
--------------------------------------------------------------------------------------------------------
Weights results1/transformer/weights_ple_seed3.safetensors
Metrics results1/transformer/metrics_ple_seed3.json
========================================================================================================

========================================================================================================
Variant ple  Seed 4
Path 1 d_model=64  d_ff=128  n_mlp_layers=2  dropout=0.2940043759586253
Path 2 path2_n_layers=2  path2_n_heads=1  path2_d_ff=128  min_firms_attention=30
Optimiser lr=1.13e-03  wd=1.21e-07  grad_clip=2.609255985666477  patience=15
Loss MSRR (1 - r_pf)^2 + lambda_aux (1 - r_base)^2 + lambda_aux2 (1 - r_path2)^2  lambda_aux=0.11631005662190558  lambda_aux2=0.33635717727529674
 Data train_months=252  val_months=60
 Model 361,547 trainable parameters
========================================================================================================
Epoch TrnTotal  TrnMain   TrnAux    ValLoss  Corr6m  Base6m Path26m         LR   GNorm
--------------------------------------------------------------------------------------------------------
    1 1.002030 0.670381 0.683388   2.056702  0.1235  0.0984  0.1228   2.27e-04  5.2678
    2 1.022364 0.720228 0.576685   1.201786  0.1249  0.1071  0.1242   4.53e-04  9.0774
    3 0.659420 0.442614 0.516846   1.971508  0.1253  0.1099  0.1231   6.80e-04  5.8744
    4 0.665360 0.436898 0.687706   1.051679  0.1194  0.1025  0.1188   9.06e-04  6.3778
    5 0.670502 0.460584 0.480136   0.980441  0.1161  0.1096  0.1143   1.13e-03  4.8559
    6 0.524965 0.346577 0.400660   0.912921  0.1181  0.1154  0.1163   1.13e-03  4.1482  *
    7 0.497156 0.322104 0.396274   1.187976  0.1100  0.1093  0.1059   1.13e-03  4.2566
    8 0.594540 0.369584 0.456665   7.215650  0.1059  0.1143  0.0961   1.13e-03  6.0648
    9 0.879175 0.589740 0.409238   1.725984  0.1147  0.1062  0.1143   1.13e-03 10.5780
   10 0.705701 0.470830 0.520526   1.944686  0.1310  0.1190  0.1249   1.13e-03 11.1368
   11 0.707559 0.482403 0.294774   1.669734  0.1172  0.1178  0.1153   1.13e-03  6.0847
   12 1.009358 0.727743 0.359925   1.665215  0.1225  0.1141  0.1094   1.13e-03  7.8608
   13 1.472819 0.991696 0.538181   2.061729  0.0509  0.1135  0.0469   1.13e-03 20.3877
   14 1.060786 0.701631 0.683934   1.457872  0.0357  0.1010  0.0329   1.13e-03  7.6071
   15 1.107297 0.724148 0.593861   1.445026  0.0528  0.1026  0.0501   1.13e-03  4.8495
   16 1.258718 0.846657 0.627521   2.327475  0.0893  0.0960  0.0871   1.13e-03  7.6330
   17 1.721798 1.167670 0.485135   5.258459 -0.0155  0.1020 -0.0161   5.66e-04 68.1578
   18 1.265243 0.800342 0.485747   1.995550 -0.0418  0.0943 -0.0421   5.66e-04 18.3587
   19 1.115165 0.666727 0.531103   1.653654 -0.0416  0.1008 -0.0421   5.66e-04 17.9440
   20 1.154122 0.713450 0.515380   1.724758 -0.0437  0.0941 -0.0446   5.66e-04 18.5131
   21 1.111346 0.681823 0.495721   1.961207 -0.0463  0.0936 -0.0475   5.66e-04 12.1514
--------------------------------------------------------------------------------------------------------
Early stopping at epoch 21  (patience=15  best_epoch=6  best_val_loss=0.912921)
========================================================================================================
 Test Results  (ple, seed4)
--------------------------------------------------------------------------------------------------------
Test MSRR loss           0.812607
Test rank corr 6m         0.0797
Test base corr 6m         0.1186
Test path2 corr 6m        0.0734
--------------------------------------------------------------------------------------------------------
Best val loss 0.912921  (epoch 6)
Stopped epoch 21
Training time 230.9 seconds
--------------------------------------------------------------------------------------------------------
Weights results1/transformer/weights_ple_seed4.safetensors
Metrics results1/transformer/metrics_ple_seed4.json
========================================================================================================

applied tuned hyperparameters for periodic from results1/transformer/transformer-hpt/best_params_periodic.json
========================================================================================================
Variant periodic  Seed 0
Path 1 d_model=64  d_ff=128  n_mlp_layers=3  dropout=0.2896025412631314
Path 2 path2_n_layers=1  path2_n_heads=1  path2_d_ff=256  min_firms_attention=30
Optimiser lr=7.77e-05  wd=2.32e-04  grad_clip=0.3194859334801888  patience=15
Loss MSRR (1 - r_pf)^2 + lambda_aux (1 - r_base)^2 + lambda_aux2 (1 - r_path2)^2  lambda_aux=0.18811237566646546  lambda_aux2=0.33089971357956527
 Data train_months=252  val_months=60
 Model 190,003 trainable parameters
========================================================================================================
Epoch TrnTotal  TrnMain   TrnAux    ValLoss  Corr6m  Base6m Path26m         LR   GNorm
--------------------------------------------------------------------------------------------------------
    1 1.484189 0.986001 1.001337   1.392744  0.1194  0.0787  0.1173   1.55e-05  0.7919
    2 1.374192 0.900552 0.991752   1.336886  0.1392  0.0948  0.1388   3.11e-05  0.7434
    3 1.251929 0.804467 0.969030   1.231229  0.1392  0.0967  0.1389   4.66e-05  0.9661
    4 0.975143 0.600574 0.941418   1.009818  0.1408  0.0989  0.1405   6.21e-05  2.5799
    5 0.886087 0.541267 0.922750   1.070754  0.1414  0.1009  0.1411   7.77e-05  4.3725
    6 0.762310 0.454906 0.901478   1.115147  0.1382  0.0999  0.1377   7.77e-05  3.8819  *
    7 0.671185 0.389326 0.883980   1.152337  0.1358  0.1003  0.1352   7.77e-05  3.8970
    8 0.643585 0.377947 0.860632   1.209494  0.1352  0.0984  0.1347   7.77e-05  4.1716
    9 0.754592 0.501872 0.828508   1.104943  0.1337  0.1003  0.1331   7.77e-05  6.0863  *
   10 0.776453 0.532100 0.796125   1.088335  0.1339  0.1025  0.1329   7.77e-05  6.4946  *
   11 0.929444 0.700893 0.722066   1.064652  0.1324  0.1050  0.1312   7.77e-05  7.1226  *
   12 0.954491 0.727239 0.666371   1.029382  0.1329  0.1088  0.1315   7.77e-05  8.8627  *
   13 0.941981 0.750301 0.597968   1.040911  0.1329  0.1118  0.1312   7.77e-05 12.0606
   14 0.917802 0.731074 0.570453   0.955581  0.1323  0.1156  0.1301   7.77e-05 10.1798  *
   15 0.919970 0.734648 0.559471   0.962562  0.1325  0.1172  0.1301   7.77e-05 10.0265
   16 1.094485 0.920437 0.544500   1.115988  0.1328  0.1166  0.1304   7.77e-05 10.8618
   17 0.791533 0.624424 0.524790   1.135538  0.1327  0.1172  0.1298   7.77e-05  9.4248
   18 1.229785 1.053088 0.578247   1.045132  0.1316  0.1187  0.1285   7.77e-05 18.1833
   19 0.828366 0.658999 0.512269   1.096245  0.1310  0.1184  0.1273   7.77e-05 12.2723
   20 0.836862 0.677725 0.511012   1.162762  0.1307  0.1199  0.1265   7.77e-05 10.7149
   21 0.726155 0.574578 0.515104   1.177383  0.1308  0.1194  0.1264   7.77e-05 10.9550
   22 0.921431 0.721493 0.731966   1.243217  0.1312  0.1193  0.1265   7.77e-05 12.7888
   23 0.777923 0.615570 0.550377   1.273020  0.1308  0.1206  0.1260   7.77e-05  9.0333
   24 0.789304 0.637044 0.528299   1.275554  0.1311  0.1212  0.1260   7.77e-05  9.6959
   25 0.724878 0.577652 0.523503   1.198151  0.1300  0.1212  0.1249   3.88e-05  9.6029
   26 0.816458 0.620737 0.774885   1.314719  0.1304  0.1218  0.1251   3.88e-05 11.1606
   27 0.696384 0.564692 0.465525   1.265917  0.1298  0.1222  0.1243   3.88e-05  8.9695
   28 0.729998 0.578877 0.553458   1.255100  0.1301  0.1225  0.1246   3.88e-05  7.4552
   29 0.782888 0.656681 0.438552   1.277458  0.1299  0.1224  0.1242   3.88e-05 13.5297
--------------------------------------------------------------------------------------------------------
Early stopping at epoch 29  (patience=15  best_epoch=14  best_val_loss=0.955581)
========================================================================================================
 Test Results  (periodic, seed0)
--------------------------------------------------------------------------------------------------------
Test MSRR loss           0.640377
Test rank corr 6m         0.0952
Test base corr 6m         0.0980
Test path2 corr 6m        0.0906
--------------------------------------------------------------------------------------------------------
Best val loss 0.955581  (epoch 14)
Stopped epoch 29
Training time 272.0 seconds
--------------------------------------------------------------------------------------------------------
Weights results1/transformer/weights_periodic_seed0.safetensors
Metrics results1/transformer/metrics_periodic_seed0.json
========================================================================================================

========================================================================================================
Variant periodic  Seed 1
Path 1 d_model=64  d_ff=128  n_mlp_layers=3  dropout=0.2896025412631314
Path 2 path2_n_layers=1  path2_n_heads=1  path2_d_ff=256  min_firms_attention=30
Optimiser lr=7.77e-05  wd=2.32e-04  grad_clip=0.3194859334801888  patience=15
Loss MSRR (1 - r_pf)^2 + lambda_aux (1 - r_base)^2 + lambda_aux2 (1 - r_path2)^2  lambda_aux=0.18811237566646546  lambda_aux2=0.33089971357956527
 Data train_months=252  val_months=60
 Model 190,003 trainable parameters
========================================================================================================
Epoch TrnTotal  TrnMain   TrnAux    ValLoss  Corr6m  Base6m Path26m         LR   GNorm
--------------------------------------------------------------------------------------------------------
    1 1.504145 0.993704 1.000415   1.398960  0.1029  0.0286  0.1019   1.55e-05  0.7967
    2 1.390145 0.912636 0.988762   1.330723  0.1366  0.0507  0.1378   3.11e-05  0.7502
    3 1.257389 0.809305 0.962060   1.235576  0.1400  0.0602  0.1403   4.66e-05  0.9568
    4 0.965228 0.594059 0.929856   0.968466  0.1405  0.0701  0.1406   6.21e-05  2.2980
    5 0.892258 0.549522 0.910921   1.122142  0.1429  0.0756  0.1429   7.77e-05  4.1491
    6 0.831259 0.508586 0.896237   1.190223  0.1426  0.0811  0.1425   7.77e-05  4.2561  *
    7 0.757775 0.455998 0.879002   1.265700  0.1404  0.0835  0.1405   7.77e-05  3.7395
    8 0.683872 0.407638 0.853456   1.393981  0.1389  0.0878  0.1387   7.77e-05  3.9717
    9 0.764987 0.507726 0.827833   1.447179  0.1361  0.0894  0.1359   7.77e-05  5.4315
   10 0.776735 0.534700 0.793988   1.462622  0.1358  0.0950  0.1353   7.77e-05  5.8799
   11 0.588721 0.358337 0.760435   1.421215  0.1355  0.0997  0.1353   7.77e-05  5.4685
   12 0.772681 0.557568 0.705564   1.374014  0.1362  0.1067  0.1351   7.77e-05  5.9597
   13 0.848688 0.645924 0.632224   1.368542  0.1378  0.1144  0.1363   7.77e-05  6.5736
   14 0.877402 0.684134 0.578785   1.321140  0.1384  0.1195  0.1368   7.77e-05  8.2607
   15 0.719890 0.548711 0.530510   1.304428  0.1390  0.1218  0.1370   7.77e-05 10.8953
   16 0.615335 0.446214 0.520433   1.430721  0.1390  0.1220  0.1368   7.77e-05 14.3782
   17 0.856662 0.691472 0.496036   1.306246  0.1389  0.1204  0.1367   3.88e-05 10.2088
   18 0.760937 0.613722 0.466192   1.247174  0.1389  0.1201  0.1364   3.88e-05  7.5599
   19 0.759254 0.602943 0.551069   1.180192  0.1391  0.1207  0.1363   3.88e-05  7.5940  *
   20 0.752478 0.612291 0.467937   1.194934  0.1394  0.1214  0.1366   3.88e-05 10.1010
   21 0.768876 0.608528 0.543577   1.193375  0.1394  0.1217  0.1368   3.88e-05  7.8901
   22 0.729532 0.588272 0.510337   1.180429  0.1395  0.1222  0.1368   3.88e-05  9.0301
   23 0.789365 0.657572 0.446879   1.194462  0.1397  0.1225  0.1370   3.88e-05 10.5955
   24 0.693876 0.556751 0.491699   1.222657  0.1402  0.1221  0.1375   3.88e-05  8.6549
   25 0.721736 0.586601 0.486537   1.230285  0.1404  0.1222  0.1377   3.88e-05  9.9733
   26 0.732119 0.596532 0.487583   1.212452  0.1403  0.1229  0.1375   3.88e-05 10.9584
   27 0.763960 0.634429 0.469758   1.194445  0.1402  0.1232  0.1372   3.88e-05  9.8475
   28 0.738169 0.617151 0.427912   1.163225  0.1401  0.1225  0.1372   3.88e-05  8.9076  *
   29 0.761425 0.627829 0.487021   1.192638  0.1403  0.1226  0.1375   3.88e-05 11.2961
   30 0.707290 0.580843 0.467825   1.238856  0.1403  0.1217  0.1375   3.88e-05  9.5268
   31 0.681955 0.552371 0.484166   1.225144  0.1406  0.1223  0.1377   3.88e-05  8.9173
   32 0.662226 0.540958 0.424807   1.224666  0.1405  0.1218  0.1379   3.88e-05  9.0427
   33 0.672074 0.551192 0.456101   1.175179  0.1404  0.1214  0.1375   3.88e-05 10.4884
   34 0.741656 0.620984 0.431859   1.269571  0.1406  0.1214  0.1376   3.88e-05 13.3584
   35 0.708697 0.579845 0.481878   1.185995  0.1407  0.1211  0.1378   3.88e-05 12.1058
   36 0.788925 0.663224 0.444580   1.222686  0.1404  0.1216  0.1374   3.88e-05 11.4962
   37 0.651946 0.537550 0.405463   1.253302  0.1400  0.1212  0.1368   3.88e-05  9.6892
   38 0.670356 0.534393 0.514426   1.236075  0.1400  0.1215  0.1369   3.88e-05  9.3667
   39 0.720477 0.595950 0.457953   1.278159  0.1401  0.1220  0.1369   1.94e-05 11.1150
   40 0.680087 0.552944 0.471114   1.276085  0.1402  0.1222  0.1372   1.94e-05  9.5708
   41 0.607446 0.483761 0.462755   1.258901  0.1403  0.1219  0.1373   1.94e-05  7.5767
   42 0.631056 0.520516 0.408276   1.274922  0.1402  0.1219  0.1369   1.94e-05  5.7152
   43 0.622718 0.509368 0.424271   1.246605  0.1402  0.1215  0.1370   1.94e-05  9.1119
--------------------------------------------------------------------------------------------------------
Early stopping at epoch 43  (patience=15  best_epoch=28  best_val_loss=1.163225)
========================================================================================================
 Test Results  (periodic, seed1)
--------------------------------------------------------------------------------------------------------
Test MSRR loss           0.653469
Test rank corr 6m         0.1067
Test base corr 6m         0.1071
Test path2 corr 6m        0.1009
--------------------------------------------------------------------------------------------------------
Best val loss 1.163225  (epoch 28)
Stopped epoch 43
Training time 404.0 seconds
--------------------------------------------------------------------------------------------------------
Weights results1/transformer/weights_periodic_seed1.safetensors
Metrics results1/transformer/metrics_periodic_seed1.json
========================================================================================================

========================================================================================================
Variant periodic  Seed 2
Path 1 d_model=64  d_ff=128  n_mlp_layers=3  dropout=0.2896025412631314
Path 2 path2_n_layers=1  path2_n_heads=1  path2_d_ff=256  min_firms_attention=30
Optimiser lr=7.77e-05  wd=2.32e-04  grad_clip=0.3194859334801888  patience=15
Loss MSRR (1 - r_pf)^2 + lambda_aux (1 - r_base)^2 + lambda_aux2 (1 - r_path2)^2  lambda_aux=0.18811237566646546  lambda_aux2=0.33089971357956527
 Data train_months=252  val_months=60
 Model 190,003 trainable parameters
========================================================================================================
Epoch TrnTotal  TrnMain   TrnAux    ValLoss  Corr6m  Base6m Path26m         LR   GNorm
--------------------------------------------------------------------------------------------------------
    1 1.474294 0.977802 0.994914   1.397074  0.0950  0.0921  0.0903   1.55e-05  0.7763
    2 1.376691 0.902287 0.988378   1.332810  0.1352  0.0989  0.1350   3.11e-05  0.7362
    3 1.244775 0.799219 0.963428   1.232914  0.1401  0.0991  0.1398   4.66e-05  0.9810
    4 0.969200 0.595464 0.939967   0.988362  0.1398  0.0993  0.1396   6.21e-05  2.5241
    5 0.857417 0.517581 0.927059   1.087466  0.1399  0.0994  0.1395   7.77e-05  4.2959
    6 0.836516 0.507910 0.908602   1.138791  0.1391  0.0973  0.1386   7.77e-05  4.2889  *
    7 0.744887 0.449098 0.888873   1.245802  0.1381  0.0974  0.1374   7.77e-05  4.1342
    8 0.780830 0.511092 0.864449   1.342522  0.1358  0.0972  0.1349   7.77e-05  5.1158
    9 0.929264 0.665295 0.832559   1.296470  0.1346  0.0993  0.1337   7.77e-05  4.8144
   10 0.868583 0.628293 0.783091   1.337439  0.1338  0.1017  0.1332   7.77e-05  6.2964
   11 0.828323 0.615020 0.726209   1.332450  0.1327  0.1041  0.1318   7.77e-05  8.2160
   12 0.965165 0.751613 0.647449   1.241167  0.1323  0.1075  0.1313   7.77e-05  6.8874
   13 0.933716 0.743267 0.610125   1.297691  0.1325  0.1105  0.1308   7.77e-05  6.6983
   14 0.902263 0.706396 0.584957   1.353736  0.1325  0.1134  0.1304   7.77e-05  6.1685
   15 0.897932 0.722880 0.573369   1.407053  0.1307  0.1134  0.1284   7.77e-05  7.2040
   16 0.899055 0.705744 0.584554   1.441649  0.1320  0.1142  0.1296   7.77e-05  6.7263
   17 0.920491 0.738012 0.612237   1.535866  0.1321  0.1158  0.1296   3.88e-05  8.4354
   18 0.874977 0.690624 0.611744   1.590685  0.1325  0.1156  0.1300   3.88e-05  8.6266
   19 0.901227 0.715499 0.624002   1.616918  0.1324  0.1159  0.1298   3.88e-05  8.3985
   20 0.864559 0.694097 0.561489   1.631796  0.1318  0.1158  0.1291   3.88e-05  6.3329
   21 0.843137 0.680510 0.521669   1.661700  0.1319  0.1157  0.1293   3.88e-05  9.1714
--------------------------------------------------------------------------------------------------------
Early stopping at epoch 21  (patience=15  best_epoch=6  best_val_loss=1.138791)
========================================================================================================
 Test Results  (periodic, seed2)
--------------------------------------------------------------------------------------------------------
Test MSRR loss           0.594262
Test rank corr 6m         0.1039
Test base corr 6m         0.1091
Test path2 corr 6m        0.1022
--------------------------------------------------------------------------------------------------------
Best val loss 1.138791  (epoch 6)
Stopped epoch 21
Training time 197.9 seconds
--------------------------------------------------------------------------------------------------------
Weights results1/transformer/weights_periodic_seed2.safetensors
Metrics results1/transformer/metrics_periodic_seed2.json
========================================================================================================

========================================================================================================
Variant periodic  Seed 3
Path 1 d_model=64  d_ff=128  n_mlp_layers=3  dropout=0.2896025412631314
Path 2 path2_n_layers=1  path2_n_heads=1  path2_d_ff=256  min_firms_attention=30
Optimiser lr=7.77e-05  wd=2.32e-04  grad_clip=0.3194859334801888  patience=15
Loss MSRR (1 - r_pf)^2 + lambda_aux (1 - r_base)^2 + lambda_aux2 (1 - r_path2)^2  lambda_aux=0.18811237566646546  lambda_aux2=0.33089971357956527
 Data train_months=252  val_months=60
 Model 190,003 trainable parameters
========================================================================================================
Epoch TrnTotal  TrnMain   TrnAux    ValLoss  Corr6m  Base6m Path26m         LR   GNorm
--------------------------------------------------------------------------------------------------------
    1 1.482614 0.980693 1.001673   1.405577  0.1212  0.0290  0.1222   1.55e-05  0.7790
    2 1.361051 0.888557 0.991861   1.332903  0.1398  0.0620  0.1401   3.11e-05  0.7231
    3 1.241432 0.795432 0.972948   1.234585  0.1399  0.0773  0.1398   4.66e-05  0.9492
    4 0.954466 0.582715 0.951531   0.950830  0.1406  0.0870  0.1406   6.21e-05  2.3001
    5 0.874489 0.524988 0.943923   1.005964  0.1403  0.0907  0.1402   7.77e-05  4.2862
    6 0.787747 0.465740 0.923353   1.039383  0.1398  0.0940  0.1396   7.77e-05  3.9691  *
    7 0.696378 0.400186 0.903753   1.078986  0.1376  0.0956  0.1373   7.77e-05  3.6077
    8 0.622632 0.348018 0.891597   1.198970  0.1352  0.0971  0.1349   7.77e-05  3.3123
    9 0.599265 0.338375 0.863064   1.254641  0.1344  0.0999  0.1340   7.77e-05  3.8607
   10 0.602845 0.356413 0.838957   1.296725  0.1326  0.1022  0.1321   7.77e-05  4.5220
   11 0.735838 0.496648 0.799797   1.305869  0.1313  0.1041  0.1307   7.77e-05  6.7589
   12 0.679024 0.455087 0.762468   1.338278  0.1316  0.1076  0.1307   7.77e-05  6.3257
   13 0.857229 0.648393 0.697277   1.304052  0.1318  0.1105  0.1302   7.77e-05  6.6819
   14 0.835201 0.642986 0.636792   1.278884  0.1319  0.1131  0.1295   7.77e-05  9.2625
   15 0.863374 0.685158 0.585854   1.314556  0.1328  0.1169  0.1302   7.77e-05  9.1641
   16 0.782715 0.613190 0.548567   1.305121  0.1333  0.1186  0.1302   7.77e-05  7.1210
   17 0.730588 0.574587 0.514896   1.272389  0.1322  0.1204  0.1280   3.88e-05  7.7308
   18 0.775395 0.619757 0.519365   1.295748  0.1320  0.1207  0.1278   3.88e-05  7.4276
   19 0.698068 0.534268 0.541677   1.279920  0.1313  0.1215  0.1269   3.88e-05  8.0273
   20 0.760420 0.579096 0.657319   1.276570  0.1314  0.1219  0.1268   3.88e-05 10.2847
   21 0.747402 0.586971 0.581576   1.237550  0.1314  0.1224  0.1266   3.88e-05  8.3056
--------------------------------------------------------------------------------------------------------
Early stopping at epoch 21  (patience=15  best_epoch=6  best_val_loss=1.039383)
========================================================================================================
 Test Results  (periodic, seed3)
--------------------------------------------------------------------------------------------------------
Test MSRR loss           0.619599
Test rank corr 6m         0.1048
Test base corr 6m         0.1049
Test path2 corr 6m        0.1040
--------------------------------------------------------------------------------------------------------
Best val loss 1.039383  (epoch 6)
Stopped epoch 21
Training time 197.2 seconds
--------------------------------------------------------------------------------------------------------
Weights results1/transformer/weights_periodic_seed3.safetensors
Metrics results1/transformer/metrics_periodic_seed3.json
========================================================================================================

========================================================================================================
Variant periodic  Seed 4
Path 1 d_model=64  d_ff=128  n_mlp_layers=3  dropout=0.2896025412631314
Path 2 path2_n_layers=1  path2_n_heads=1  path2_d_ff=256  min_firms_attention=30
Optimiser lr=7.77e-05  wd=2.32e-04  grad_clip=0.3194859334801888  patience=15
Loss MSRR (1 - r_pf)^2 + lambda_aux (1 - r_base)^2 + lambda_aux2 (1 - r_path2)^2  lambda_aux=0.18811237566646546  lambda_aux2=0.33089971357956527
 Data train_months=252  val_months=60
 Model 190,003 trainable parameters
========================================================================================================
Epoch TrnTotal  TrnMain   TrnAux    ValLoss  Corr6m  Base6m Path26m         LR   GNorm
--------------------------------------------------------------------------------------------------------
    1 1.461425 0.968863 0.996427   1.379466  0.1139  0.0800  0.1116   1.55e-05  0.7674
    2 1.360890 0.887580 0.988620   1.331934  0.1379  0.0886  0.1379   3.11e-05  0.7171
    3 1.250080 0.804005 0.962818   1.240773  0.1396  0.0907  0.1394   4.66e-05  0.9568
    4 0.991126 0.615018 0.932578   0.972251  0.1418  0.0935  0.1417   6.21e-05  2.5520
    5 0.884854 0.546581 0.915369   1.076125  0.1419  0.0940  0.1418   7.77e-05  4.4269
    6 1.021422 0.702066 0.888351   1.130837  0.1397  0.0915  0.1398   7.77e-05  6.5561  *
    7 0.904247 0.610928 0.864209   1.221729  0.1370  0.0925  0.1372   7.77e-05  6.5518
    8 1.030551 0.763771 0.825041   1.196972  0.1352  0.0956  0.1355   7.77e-05  7.2270
    9 0.963475 0.710933 0.799391   1.107634  0.1352  0.1004  0.1354   7.77e-05  6.9836  *
   10 1.054619 0.820043 0.739897   1.044256  0.1361  0.1023  0.1363   7.77e-05  7.6257  *
   11 1.029099 0.803449 0.685960   0.922715  0.1360  0.1038  0.1360   7.77e-05  6.4937  *
   12 1.091104 0.870905 0.685977   0.931775  0.1366  0.1087  0.1364   7.77e-05  9.9310
   13 1.014319 0.800135 0.636295   0.939752  0.1368  0.1118  0.1366   7.77e-05  8.1458
   14 0.995532 0.786169 0.590427   0.990735  0.1365  0.1150  0.1358   7.77e-05  9.8945
   15 0.940354 0.728091 0.594500   0.886641  0.1376  0.1166  0.1372   7.77e-05  8.5474  *
   16 0.885209 0.675944 0.594044   0.879937  0.1365  0.1167  0.1357   7.77e-05  7.3864  *
   17 0.947369 0.760967 0.541358   0.841675  0.1369  0.1178  0.1360   7.77e-05  7.5460  *
   18 0.953937 0.755498 0.520168   0.919008  0.1365  0.1177  0.1353   7.77e-05  8.9761
   19 0.812208 0.633112 0.530129   0.856462  0.1366  0.1182  0.1352   7.77e-05  8.4051
   20 0.780388 0.603812 0.512452   0.915904  0.1368  0.1185  0.1352   7.77e-05  6.1578
   21 0.975951 0.793474 0.539132   0.910774  0.1377  0.1188  0.1363   7.77e-05  8.4963
   22 0.817806 0.634670 0.537326   0.924809  0.1372  0.1201  0.1357   7.77e-05  9.5287
   23 0.835324 0.651896 0.479746   0.953125  0.1374  0.1209  0.1357   7.77e-05  8.4948
   24 0.746564 0.567962 0.555614   0.969142  0.1374  0.1215  0.1358   7.77e-05  8.1661
   25 0.785579 0.624069 0.567597   1.025928  0.1368  0.1212  0.1351   7.77e-05  8.4933
   26 0.685439 0.531848 0.522207   1.083527  0.1376  0.1216  0.1360   7.77e-05  7.6494
   27 0.749037 0.597274 0.544840   0.986418  0.1368  0.1228  0.1349   7.77e-05 10.8221
   28 0.680938 0.521503 0.602958   1.180986  0.1364  0.1231  0.1343   3.88e-05  9.2138
   29 0.753613 0.619815 0.498258   1.115400  0.1367  0.1246  0.1347   3.88e-05  9.6018
   30 0.563421 0.438176 0.451046   1.084675  0.1358  0.1248  0.1335   3.88e-05  8.0134
   31 0.622026 0.478614 0.545812   1.083094  0.1362  0.1243  0.1340   3.88e-05  9.1667
   32 0.537078 0.391895 0.564991   1.083949  0.1360  0.1242  0.1336   3.88e-05  7.0010
--------------------------------------------------------------------------------------------------------
Early stopping at epoch 32  (patience=15  best_epoch=17  best_val_loss=0.841675)
========================================================================================================
 Test Results  (periodic, seed4)
--------------------------------------------------------------------------------------------------------
Test MSRR loss           0.810343
Test rank corr 6m         0.0947
Test base corr 6m         0.1008
Test path2 corr 6m        0.0904
--------------------------------------------------------------------------------------------------------
Best val loss 0.841675  (epoch 17)
Stopped epoch 32
Training time 301.3 seconds
--------------------------------------------------------------------------------------------------------
Weights results1/transformer/weights_periodic_seed4.safetensors
Metrics results1/transformer/metrics_periodic_seed4.json
========================================================================================================

applied tuned hyperparameters for fourier from results1/transformer/transformer-hpt/best_params_fourier.json
========================================================================================================
Variant fourier  Seed 0
Path 1 d_model=128  d_ff=256  n_mlp_layers=2  dropout=0.3168005551909162
Path 2 path2_n_layers=1  path2_n_heads=1  path2_d_ff=512  min_firms_attention=30
Optimiser lr=7.89e-04  wd=5.24e-07  grad_clip=4.017472879636347  patience=15
Loss MSRR (1 - r_pf)^2 + lambda_aux (1 - r_base)^2 + lambda_aux2 (1 - r_path2)^2  lambda_aux=0.19568347983105117  lambda_aux2=0.14048720304838438
 Data train_months=252  val_months=60
 Model 364,467 trainable parameters
========================================================================================================
Epoch TrnTotal  TrnMain   TrnAux    ValLoss  Corr6m  Base6m Path26m         LR   GNorm
--------------------------------------------------------------------------------------------------------
    1 1.063035 0.763156 0.997980   0.724783  0.1284  0.0768  0.1284   1.58e-04  1.3177
    2 0.777049 0.515571 0.995574   0.976975  0.1474  0.0916  0.1474   3.16e-04  4.9267
    3 0.642453 0.396472 0.998040   0.872678  0.1422  0.1056  0.1422   4.73e-04  5.0014
    4 0.732369 0.478903 0.989820   0.782392  0.1322  0.1151  0.1322   6.31e-04  5.1808
    5 0.593133 0.350427 0.983821   4.138096  0.1240  0.1141  0.1234   7.89e-04  4.7416
    6 0.802106 0.560423 0.831068   0.911883  0.1190  0.1004  0.1163   7.89e-04  4.5887  *
    7 0.578177 0.384546 0.687434   0.717082  0.1033  0.0786  0.0979   7.89e-04  4.4226  *
    8 0.590143 0.429319 0.605765   0.973998  0.1085  0.0885  0.1047   7.89e-04  4.8437
    9 0.548379 0.371801 0.626200   0.758696  0.1231  0.0767  0.1222   7.89e-04  4.5900
   10 0.608241 0.435077 0.596401   0.626165  0.1205  0.0820  0.1186   7.89e-04  6.4680  *
   11 0.492679 0.354801 0.531287   0.684954  0.1225  0.0785  0.1197   7.89e-04  5.6987
   12 0.595867 0.434394 0.558766   0.780955  0.1107  0.0758  0.1073   7.89e-04  4.0180
   13 0.484289 0.340959 0.521067   0.626172  0.1117  0.0759  0.1064   7.89e-04  5.9001
   14 0.394357 0.247118 0.576736   0.778430  0.1151  0.0757  0.1123   7.89e-04  2.9419
   15 0.624672 0.490022 0.452328   1.108344  0.1153  0.0653  0.1114   7.89e-04  7.7507
   16 0.349718 0.222177 0.482605   1.212897  0.1097  0.0730  0.1052   7.89e-04  3.7592
   17 0.312279 0.189005 0.505015   0.963867  0.1085  0.0701  0.1033   7.89e-04  3.1825
   18 0.261638 0.153373 0.443421   1.249281  0.1203  0.0721  0.1149   7.89e-04  3.1872
   19 0.346944 0.200999 0.636558   0.841714  0.1163  0.0887  0.1089   7.89e-04  5.9086
   20 0.294410 0.179651 0.464347   0.651469  0.1189  0.0803  0.1134   7.89e-04  3.5552
   21 0.286415 0.171940 0.456172   0.726084  0.1035  0.0812  0.0959   3.94e-04  3.2025
   22 0.424493 0.298013 0.414766   0.869574  0.1135  0.0848  0.1058   3.94e-04  3.4319
   23 0.230555 0.123872 0.439192   0.920367  0.1171  0.0827  0.1107   3.94e-04  2.4483
   24 0.199671 0.108889 0.389695   0.907052  0.1133  0.0836  0.1064   3.94e-04  2.2051
   25 0.165513 0.071230 0.416961   0.998071  0.1133  0.0841  0.1060   3.94e-04  1.7753
--------------------------------------------------------------------------------------------------------
Early stopping at epoch 25  (patience=15  best_epoch=10  best_val_loss=0.626165)
========================================================================================================
 Test Results  (fourier, seed0)
--------------------------------------------------------------------------------------------------------
Test MSRR loss           0.952519
Test rank corr 6m         0.1130
Test base corr 6m         0.0865
Test path2 corr 6m        0.1118
--------------------------------------------------------------------------------------------------------
Best val loss 0.626165  (epoch 10)
Stopped epoch 25
Training time 385.9 seconds
--------------------------------------------------------------------------------------------------------
Weights results1/transformer/weights_fourier_seed0.safetensors
Metrics results1/transformer/metrics_fourier_seed0.json
========================================================================================================

========================================================================================================
Variant fourier  Seed 1
Path 1 d_model=128  d_ff=256  n_mlp_layers=2  dropout=0.3168005551909162
Path 2 path2_n_layers=1  path2_n_heads=1  path2_d_ff=512  min_firms_attention=30
Optimiser lr=7.89e-04  wd=5.24e-07  grad_clip=4.017472879636347  patience=15
Loss MSRR (1 - r_pf)^2 + lambda_aux (1 - r_base)^2 + lambda_aux2 (1 - r_path2)^2  lambda_aux=0.19568347983105117  lambda_aux2=0.14048720304838438
 Data train_months=252  val_months=60
 Model 364,467 trainable parameters
========================================================================================================
Epoch TrnTotal  TrnMain   TrnAux    ValLoss  Corr6m  Base6m Path26m         LR   GNorm
--------------------------------------------------------------------------------------------------------
    1 1.064233 0.764330 1.000746   0.709647  0.1265  0.0929  0.1265   1.58e-04  1.3230
    2 0.673370 0.419934 0.995759   0.851817  0.1318  0.0869  0.1318   3.16e-04  3.6070
    3 0.593947 0.350474 0.999530   0.764789  0.1218  0.0980  0.1218   4.73e-04  5.0095
    4 0.519460 0.279257 0.993545   0.813738  0.1307  0.1098  0.1307   6.31e-04  4.2906
    5 0.462877 0.241472 0.969914   0.893519  0.1257  0.0994  0.1257   7.89e-04  3.0288
    6 0.425090 0.238952 0.803701   1.044451  0.1196  0.0929  0.1193   7.89e-04  3.8208  *
    7 0.467620 0.291622 0.747344   1.015672  0.1165  0.0882  0.1164   7.89e-04  5.3235  *
    8 0.372399 0.225010 0.618902   1.186176  0.1095  0.0883  0.1075   7.89e-04  4.2308
    9 0.369978 0.233657 0.568420   1.309714  0.1229  0.0897  0.1209   7.89e-04  3.8418
   10 0.439090 0.304449 0.499112   1.181778  0.1374  0.0969  0.1359   7.89e-04  5.2355
   11 0.328533 0.195803 0.536391   1.350213  0.1245  0.0922  0.1206   7.89e-04  3.3187
   12 0.467962 0.343294 0.490384   0.851912  0.1231  0.0845  0.1202   7.89e-04  5.5133  *
   13 0.300670 0.167694 0.500714   1.094259  0.1211  0.0748  0.1209   7.89e-04  3.8213
   14 0.392878 0.268922 0.492229   1.213275  0.1155  0.0819  0.1121   7.89e-04  5.2021
   15 0.297757 0.166633 0.538805   1.241906  0.1270  0.0803  0.1245   7.89e-04  3.8117
   16 0.413078 0.289603 0.490821   1.369534  0.1327  0.0848  0.1326   7.89e-04  5.0108
   17 0.353520 0.221782 0.523752   1.034082  0.1290  0.0725  0.1369   7.89e-04  4.1071
   18 0.318338 0.200915 0.493850   1.901529  0.1323  0.0813  0.1334   7.89e-04  3.6259
   19 0.264886 0.154814 0.452080   1.207523  0.1338  0.0800  0.1334   7.89e-04  2.9999
   20 0.257031 0.145692 0.479361   1.263110  0.1221  0.0818  0.1210   7.89e-04  3.1659
   21 0.243678 0.137504 0.434284   1.376305  0.1271  0.0842  0.1256   7.89e-04  3.4413
   22 0.243315 0.127383 0.483517   1.202802  0.1245  0.0846  0.1244   7.89e-04  2.3743
   23 0.226801 0.117722 0.483037   1.483393  0.1258  0.0910  0.1264   3.94e-04  2.5325
   24 0.221416 0.109432 0.471911   1.336388  0.1256  0.0900  0.1268   3.94e-04  2.3660
   25 0.171673 0.075637 0.425344   1.392653  0.1297  0.0878  0.1291   3.94e-04  2.0083
   26 0.188140 0.085975 0.450604   1.275622  0.1303  0.0908  0.1297   3.94e-04  2.5463
   27 0.164884 0.065178 0.449808   1.193849  0.1284  0.0910  0.1265   3.94e-04  2.0232
--------------------------------------------------------------------------------------------------------
Early stopping at epoch 27  (patience=15  best_epoch=12  best_val_loss=0.851912)
========================================================================================================
 Test Results  (fourier, seed1)
--------------------------------------------------------------------------------------------------------
Test MSRR loss           0.551035
Test rank corr 6m         0.1261
Test base corr 6m         0.0921
Test path2 corr 6m        0.1184
--------------------------------------------------------------------------------------------------------
Best val loss 0.851912  (epoch 12)
Stopped epoch 27
Training time 418.1 seconds
--------------------------------------------------------------------------------------------------------
Weights results1/transformer/weights_fourier_seed1.safetensors
Metrics results1/transformer/metrics_fourier_seed1.json
========================================================================================================

========================================================================================================
Variant fourier  Seed 2
Path 1 d_model=128  d_ff=256  n_mlp_layers=2  dropout=0.3168005551909162
Path 2 path2_n_layers=1  path2_n_heads=1  path2_d_ff=512  min_firms_attention=30
Optimiser lr=7.89e-04  wd=5.24e-07  grad_clip=4.017472879636347  patience=15
Loss MSRR (1 - r_pf)^2 + lambda_aux (1 - r_base)^2 + lambda_aux2 (1 - r_path2)^2  lambda_aux=0.19568347983105117  lambda_aux2=0.14048720304838438
 Data train_months=252  val_months=60
 Model 364,467 trainable parameters
========================================================================================================
Epoch TrnTotal  TrnMain   TrnAux    ValLoss  Corr6m  Base6m Path26m         LR   GNorm
--------------------------------------------------------------------------------------------------------
    1 1.116712 0.809936 0.995587   0.765212  0.1303  0.0819  0.1303   1.58e-04  1.0937
    2 0.709805 0.454386 0.993835   0.790486  0.1296  0.1010  0.1296   3.16e-04  4.0378
    3 0.504609 0.274270 0.996412   0.815016  0.1352  0.1081  0.1352   4.73e-04  3.5481
    4 0.481070 0.254814 0.991210   1.179633  0.1147  0.1104  0.1147   6.31e-04  3.1792
    5 0.539566 0.307780 0.979157   1.020945  0.1236  0.1043  0.1236   7.89e-04  2.9607
    6 0.480412 0.280769 0.841219   0.892004  0.1395  0.0936  0.1419   7.89e-04  3.7912  *
    7 0.407425 0.236785 0.745831   1.015005  0.1324  0.0940  0.1357   7.89e-04  3.5946
    8 0.318853 0.158820 0.707748   0.847530  0.1277  0.1005  0.1282   7.89e-04  2.6923  *
    9 0.381554 0.224708 0.661707   0.935584  0.1383  0.1015  0.1376   7.89e-04  4.2843
   10 0.357962 0.218889 0.579588   0.772131  0.1284  0.1011  0.1264   7.89e-04  2.7586  *
   11 0.529257 0.305999 1.023816   0.825378  0.1479  0.0979  0.1465   7.89e-04  7.6337
   12 0.342356 0.203260 0.599906   0.655463  0.1290  0.0912  0.1275   7.89e-04  3.8924  *
   13 0.277139 0.146010 0.570560   0.686878  0.1217  0.0897  0.1215   7.89e-04  2.8172
   14 0.372276 0.252456 0.518370   0.692820  0.1324  0.0957  0.1331   7.89e-04  5.1868
   15 0.288089 0.169956 0.494761   0.672242  0.1307  0.0943  0.1313   7.89e-04  3.1525
   16 0.248997 0.132790 0.516352   0.722448  0.1246  0.0940  0.1222   7.89e-04  2.5663
   17 0.271612 0.166812 0.443950   0.842197  0.1395  0.0986  0.1376   7.89e-04  3.3593
   18 0.241803 0.126353 0.496142   0.653729  0.1353  0.0999  0.1341   7.89e-04  2.7481  *
   19 0.214449 0.094837 0.534717   0.628265  0.1310  0.1023  0.1279   7.89e-04  2.4894  *
   20 0.195682 0.091194 0.468533   0.582165  0.1305  0.1043  0.1301   7.89e-04  2.1143  *
   21 0.240340 0.122779 0.521298   0.618121  0.1308  0.0981  0.1323   7.89e-04  2.2503
   22 0.183048 0.083005 0.453790   0.699997  0.1336  0.0996  0.1337   7.89e-04  1.9795
   23 0.174877 0.072439 0.458199   0.760025  0.1180  0.0959  0.1169   7.89e-04  1.8486
   24 0.194366 0.094651 0.449064   0.802131  0.1254  0.0956  0.1247   7.89e-04  2.0223
   25 0.205599 0.081679 0.571847   0.705776  0.1176  0.0888  0.1170   7.89e-04  1.9601
   26 0.177418 0.081863 0.411689   0.657539  0.1205  0.0881  0.1202   7.89e-04  1.9405
   27 0.174095 0.079679 0.416920   0.720536  0.1156  0.0813  0.1149   7.89e-04  1.7882
   28 0.200778 0.114590 0.366920   0.680902  0.1194  0.0864  0.1186   7.89e-04  1.9530
   29 0.202295 0.115719 0.374564   0.583767  0.1174  0.0829  0.1230   7.89e-04  2.0224
   30 0.216297 0.129329 0.379846   0.691370  0.1326  0.0813  0.1355   7.89e-04  2.3398
   31 0.147441 0.071135 0.336296   0.671288  0.1216  0.0823  0.1222   3.94e-04  1.5973
   32 0.198229 0.109393 0.382845   0.700322  0.1177  0.0815  0.1171   3.94e-04  3.5247
   33 0.149241 0.074246 0.325170   0.629421  0.1191  0.0834  0.1199   3.94e-04  1.9336
   34 0.137167 0.062311 0.340447   0.636908  0.1220  0.0820  0.1247   3.94e-04  1.9751
   35 0.113154 0.041010 0.327991   0.665153  0.1156  0.0821  0.1165   3.94e-04  1.2458
--------------------------------------------------------------------------------------------------------
Early stopping at epoch 35  (patience=15  best_epoch=20  best_val_loss=0.582165)
========================================================================================================
 Test Results  (fourier, seed2)
--------------------------------------------------------------------------------------------------------
Test MSRR loss           0.775408
Test rank corr 6m         0.1329
Test base corr 6m         0.1026
Test path2 corr 6m        0.1257
--------------------------------------------------------------------------------------------------------
Best val loss 0.582165  (epoch 20)
Stopped epoch 35
Training time 540.6 seconds
--------------------------------------------------------------------------------------------------------
Weights results1/transformer/weights_fourier_seed2.safetensors
Metrics results1/transformer/metrics_fourier_seed2.json
========================================================================================================

========================================================================================================
Variant fourier  Seed 3
Path 1 d_model=128  d_ff=256  n_mlp_layers=2  dropout=0.3168005551909162
Path 2 path2_n_layers=1  path2_n_heads=1  path2_d_ff=512  min_firms_attention=30
Optimiser lr=7.89e-04  wd=5.24e-07  grad_clip=4.017472879636347  patience=15
Loss MSRR (1 - r_pf)^2 + lambda_aux (1 - r_base)^2 + lambda_aux2 (1 - r_path2)^2  lambda_aux=0.19568347983105117  lambda_aux2=0.14048720304838438
 Data train_months=252  val_months=60
 Model 364,467 trainable parameters
========================================================================================================
Epoch TrnTotal  TrnMain   TrnAux    ValLoss  Corr6m  Base6m Path26m         LR   GNorm
--------------------------------------------------------------------------------------------------------
    1 1.082111 0.780045 0.997299   0.802776  0.1260  0.1001  0.1260   1.58e-04  1.1300
    2 0.742256 0.481809 0.997375   1.069920  0.1231  0.1097  0.1231   3.16e-04  4.4696
    3 0.662916 0.417630 0.998805   1.110323  0.1377  0.1173  0.1377   4.73e-04  4.1360
    4 0.472063 0.242025 0.997943   1.186873  0.1345  0.1202  0.1344   6.31e-04  2.7265
    5 0.376044 0.161885 0.981082   1.222340  0.1313  0.1101  0.1306   7.89e-04  1.8449
    6 0.537100 0.336246 0.804469   1.816611  0.1326  0.0954  0.1284   7.89e-04  4.0237  *
    7 0.343324 0.188204 0.698836   1.123046  0.1237  0.0955  0.1189   7.89e-04  2.5740  *
    8 0.325621 0.176197 0.652833   1.166922  0.1265  0.0975  0.1229   7.89e-04  2.3474
    9 0.311020 0.173702 0.604652   2.277763  0.1308  0.0973  0.1247   7.89e-04  2.3814
   10 0.310197 0.173392 0.593521   1.247238  0.1285  0.1042  0.1210   7.89e-04  3.2386
   11 0.273262 0.142153 0.577351   1.288140  0.1165  0.1047  0.1104   7.89e-04  2.4721
   12 0.256669 0.126901 0.577494   1.059205  0.1219  0.1124  0.1182   7.89e-04  2.7648  *
   13 0.268453 0.141628 0.567517   1.348686  0.1033  0.0990  0.0980   7.89e-04  2.3518
   14 0.255997 0.133672 0.518660   1.730335  0.1020  0.1077  0.0933   7.89e-04  2.0805
   15 0.288758 0.163271 0.516211   1.410103  0.1075  0.1077  0.0970   7.89e-04  2.4435
   16 0.295984 0.187087 0.457571   1.886195  0.1321  0.1066  0.1234   7.89e-04  3.2955
   17 0.222201 0.102972 0.547942   1.775362  0.1247  0.1069  0.1167   7.89e-04  2.1687
   18 0.204201 0.092192 0.503664   0.934128  0.1063  0.1009  0.0976   7.89e-04  1.8974  *
   19 0.225756 0.093419 0.606930   1.978591  0.1107  0.0954  0.1059   7.89e-04  2.6943
   20 0.250371 0.148107 0.454754   1.958710  0.1153  0.0979  0.1045   7.89e-04  2.8951
   21 0.207123 0.108761 0.442764   1.862969  0.1160  0.1057  0.1078   7.89e-04  2.6125
   22 0.194783 0.102271 0.404989   1.607919  0.1117  0.1094  0.1028   7.89e-04  1.6908
   23 0.199898 0.099927 0.450929   1.452737  0.1087  0.1079  0.0959   7.89e-04  2.2971
   24 0.227223 0.130939 0.421657   1.369917  0.1197  0.1059  0.1141   7.89e-04  2.2609
   25 0.225938 0.116439 0.448135   2.076092  0.1259  0.1050  0.1115   7.89e-04  1.9284
   26 0.200878 0.108269 0.416079   1.395562  0.1263  0.1046  0.1189   7.89e-04  2.6164
   27 0.201441 0.100578 0.438404   1.056465  0.1233  0.1065  0.1172   7.89e-04  2.4205
   28 0.167014 0.077364 0.401544   2.057588  0.1284  0.1100  0.1199   7.89e-04  1.8438
   29 0.166981 0.079584 0.390772   2.326955  0.1229  0.1109  0.1158   3.94e-04  1.4427
   30 0.144398 0.064393 0.360217   2.416228  0.1247  0.1153  0.1146   3.94e-04  1.4788
   31 0.134076 0.054523 0.363924   2.126318  0.1224  0.1050  0.1144   3.94e-04  1.0899
   32 0.132795 0.057938 0.342305   2.267327  0.1221  0.1019  0.1164   3.94e-04  1.3868
   33 0.131164 0.054734 0.348935   2.128016  0.1240  0.1039  0.1164   3.94e-04  1.4671
--------------------------------------------------------------------------------------------------------
Early stopping at epoch 33  (patience=15  best_epoch=18  best_val_loss=0.934128)
========================================================================================================
 Test Results  (fourier, seed3)
--------------------------------------------------------------------------------------------------------
Test MSRR loss           0.356325
Test rank corr 6m         0.0942
Test base corr 6m         0.1025
Test path2 corr 6m        0.0841
--------------------------------------------------------------------------------------------------------
Best val loss 0.934128  (epoch 18)
Stopped epoch 33
Training time 509.7 seconds
--------------------------------------------------------------------------------------------------------
Weights results1/transformer/weights_fourier_seed3.safetensors
Metrics results1/transformer/metrics_fourier_seed3.json
========================================================================================================

========================================================================================================
Variant fourier  Seed 4
Path 1 d_model=128  d_ff=256  n_mlp_layers=2  dropout=0.3168005551909162
Path 2 path2_n_layers=1  path2_n_heads=1  path2_d_ff=512  min_firms_attention=30
Optimiser lr=7.89e-04  wd=5.24e-07  grad_clip=4.017472879636347  patience=15
Loss MSRR (1 - r_pf)^2 + lambda_aux (1 - r_base)^2 + lambda_aux2 (1 - r_path2)^2  lambda_aux=0.19568347983105117  lambda_aux2=0.14048720304838438
 Data train_months=252  val_months=60
 Model 364,467 trainable parameters
========================================================================================================
Epoch TrnTotal  TrnMain   TrnAux    ValLoss  Corr6m  Base6m Path26m         LR   GNorm
--------------------------------------------------------------------------------------------------------
    1 1.086260 0.784585 0.999876   0.803645  0.1283  0.0831  0.1283   1.58e-04  1.1291
    2 0.829930 0.556545 1.003576   0.790511  0.1235  0.1056  0.1235   3.16e-04  6.2403
    3 0.577829 0.333484 1.000761   0.924655  0.1219  0.1124  0.1218   4.73e-04  3.6895
    4 0.535218 0.298735 0.998692   0.932971  0.1218  0.1134  0.1218   6.31e-04  3.5554
    5 0.469476 0.240406 0.992564   1.038859  0.1294  0.1085  0.1294   7.89e-04  2.5805
    6 0.391210 0.182628 0.897030   1.113632  0.1285  0.0854  0.1276   7.89e-04  2.1441  *
    7 0.320075 0.156616 0.731735   1.430088  0.1368  0.0887  0.1355   7.89e-04  1.9472
    8 0.375508 0.219118 0.641302   1.047464  0.1280  0.0893  0.1250   7.89e-04  3.3956  *
    9 0.330635 0.191440 0.577525   0.995115  0.1291  0.0978  0.1230   7.89e-04  2.7669  *
   10 0.295578 0.165825 0.542387   1.152674  0.1294  0.0948  0.1226   7.89e-04  2.4654
   11 0.286970 0.165389 0.491952   1.161867  0.1317  0.0981  0.1251   7.89e-04  3.1649
   12 0.268095 0.151164 0.488852   1.186786  0.1199  0.0969  0.1096   7.89e-04  2.6388
   13 0.260337 0.140881 0.500019   1.309532  0.1210  0.0972  0.1164   7.89e-04  2.1696
   14 0.228224 0.121388 0.458539   1.230741  0.1237  0.0989  0.1161   7.89e-04  2.3952
   15 0.235895 0.107620 0.577466   1.245170  0.1171  0.0968  0.1101   7.89e-04  2.4031
   16 0.230986 0.116552 0.504994   0.957638  0.1296  0.1051  0.1225   7.89e-04  2.0010  *
   17 0.208664 0.110416 0.416218   2.734191  0.1284  0.0994  0.1224   7.89e-04  1.8971
   18 0.235120 0.119231 0.494336   1.605444  0.1219  0.0942  0.1167   7.89e-04  2.8743
   19 0.285829 0.106381 0.844887   1.140408  0.1241  0.0923  0.1187   7.89e-04  6.0766
   20 0.204756 0.103612 0.434459   1.570305  0.1075  0.0932  0.1010   7.89e-04  1.8305
   21 0.209282 0.107454 0.445154   1.262276  0.1233  0.0968  0.1151   7.89e-04  2.5194
   22 0.251458 0.138343 0.465741   1.282648  0.1249  0.0951  0.1193   7.89e-04  2.7384
   23 0.237453 0.118146 0.507037   2.112537  0.1271  0.0929  0.1212   7.89e-04  2.4693
   24 0.197400 0.109169 0.376625   1.211286  0.1238  0.1013  0.1167   7.89e-04  1.7353
   25 0.167736 0.083597 0.364126   1.249878  0.1195  0.0952  0.1128   7.89e-04  1.6223
   26 0.193204 0.102848 0.396758   1.057881  0.1163  0.0894  0.1116   7.89e-04  2.3269
   27 0.174868 0.085458 0.389864   3.061970  0.1219  0.1036  0.1174   3.94e-04  2.0125
   28 0.153544 0.071681 0.365711   2.773580  0.1188  0.1001  0.1134   3.94e-04  1.6836
   29 0.179223 0.096833 0.376108   1.757001  0.1179  0.0991  0.1127   3.94e-04  1.5223
   30 0.148220 0.059255 0.414367   2.233983  0.1189  0.0994  0.1111   3.94e-04  1.7400
   31 0.143703 0.062011 0.379102   3.965991  0.1130  0.0938  0.1079   3.94e-04  1.4376
--------------------------------------------------------------------------------------------------------
Early stopping at epoch 31  (patience=15  best_epoch=16  best_val_loss=0.957638)
========================================================================================================
 Test Results  (fourier, seed4)
--------------------------------------------------------------------------------------------------------
Test MSRR loss           0.632074
Test rank corr 6m         0.0995
Test base corr 6m         0.0957
Test path2 corr 6m        0.0891
--------------------------------------------------------------------------------------------------------
Best val loss 0.957638  (epoch 16)
Stopped epoch 31
Training time 480.2 seconds
--------------------------------------------------------------------------------------------------------
Weights results1/transformer/weights_fourier_seed4.safetensors
Metrics results1/transformer/metrics_fourier_seed4.json
========================================================================================================

All variants and seeds trained successfully
