Processed data found. Skipping preprocessing.
K0 characteristics, 55
K1 characteristics, 97
K0 missingness flags, 55
K1 missingness flags, 97
Countries, 24
applied tuned hyperparameters for linear from results1/transformer/transformer-hpt/best_params_linear.json
========================================================================================================
Variant linear  Seed 0
Architecture d_model=64  n_heads=8  n_layers=3  d_ff=256  dropout=0.2431809917363232
n_mlp_layers=3  lambda_aux=0.1353970008207678  top_k_attention=50  min_firms_attention=30
Optimiser lr=1.23e-04  wd=1.68e-07  grad_clip=1.6941186207399954  patience=15
Loss MSRR (1 - r_pf)^2 + lambda_aux (1 - r_base)^2  lambda_aux=0.1353970008207678
 Data train_months=252  val_months=60
 Model 473,988 trainable parameters
========================================================================================================
Epoch TrnTotal  TrnMain   TrnAux    ValLoss  Corr6m  Base6m   Adj6m         LR   GNorm
--------------------------------------------------------------------------------------------------------
    1 1.007278 0.882728 0.919888   0.958979  0.1084  0.0877  0.1076   2.47e-05  2.4306
    2 0.722491 0.617867 0.772724   0.773711  0.1229  0.1149  0.1033   4.93e-05  7.0849
    3 0.489140 0.410190 0.583099   0.684556  0.1330  0.1281  0.0924   7.40e-05 16.4345
    4 0.529089 0.454000 0.554583   0.680123  0.1336  0.1271  0.1034   9.86e-05 24.4401
    5 0.408833 0.350328 0.432097   0.677467  0.1289  0.1247  0.0891   1.23e-04 21.9852
    6 0.526391 0.457220 0.510875   0.644011  0.1271  0.1227  0.0796   1.23e-04 47.1364  *
    7 0.425607 0.365114 0.446786   0.958433  0.1362  0.1340  0.0728   1.23e-04 21.2927
    8 0.300332 0.254523 0.338334   1.056021  0.1473  0.1444  0.0905   1.23e-04 21.9423
    9 0.427587 0.365765 0.456595   0.751750  0.1298  0.1284  0.0396   1.23e-04 22.8851
   10 0.396879 0.339121 0.426582   0.977585  0.1456  0.1387  0.0967   1.23e-04 25.6214
   11 0.296903 0.249713 0.348529   0.604544  0.1293  0.1278  0.0337   1.23e-04 18.9205  *
   12 0.428626 0.370739 0.427539   0.717798  0.1423  0.1382  0.0529   1.23e-04 26.5117
   13 0.316304 0.267058 0.363715   0.629673  0.1375  0.1315  0.0582   1.23e-04 24.2987
   14 0.305982 0.262626 0.320213   0.659506  0.1357  0.1330  0.0840   1.23e-04 22.1333
   15 0.223535 0.183906 0.292691   0.689263  0.1424  0.1403  0.0824   1.23e-04 15.7117
   16 0.329815 0.282519 0.349317   0.658282  0.1428  0.1390  0.0924   1.23e-04 23.7219
   17 0.231907 0.195144 0.271521   0.564277  0.1382  0.1351  0.0808   1.23e-04 16.3052  *
   18 0.361894 0.310466 0.379830   0.656076  0.1390  0.1339  0.0773   1.23e-04 23.8549
   19 0.285866 0.244550 0.305149   0.599506  0.1329  0.1306  0.0615   1.23e-04 20.4815
   20 0.305745 0.254794 0.376309   0.693919  0.1400  0.1378  0.0576   1.23e-04 25.8203
   21 0.211184 0.173419 0.278921   0.756651  0.1416  0.1388  0.0765   1.23e-04 20.0537
   22 0.170064 0.140102 0.221287   0.615068  0.1372  0.1379  0.0640   1.23e-04 14.5516
   23 0.207339 0.173629 0.248971   0.555951  0.1338  0.1328  0.0554   1.23e-04 16.7745  *
   24 0.180433 0.149350 0.229568   0.652840  0.1419  0.1399  0.0689   1.23e-04 13.0545
   25 0.184241 0.150087 0.252249   0.659671  0.1370  0.1361  0.0976   1.23e-04 17.3941
   26 0.165639 0.131212 0.254273   0.633834  0.1264  0.1281  0.0560   1.23e-04 12.7262
   27 0.158160 0.130052 0.207602   0.573806  0.1388  0.1391  0.0691   1.23e-04 16.4032
   28 0.149016 0.124549 0.180704   0.590707  0.1385  0.1357  0.1029   1.23e-04 14.0226
   29 0.146292 0.115604 0.226653   0.576046  0.1288  0.1273  0.0689   1.23e-04 12.6447
   30 0.146102 0.118286 0.205439   0.668398  0.1430  0.1408  0.0664   1.23e-04 13.5581
   31 0.125855 0.103453 0.165453   0.575105  0.1315  0.1323  0.0710   1.23e-04 10.5174
   32 0.135635 0.109088 0.196069   0.531452  0.1240  0.1283  0.0585   1.23e-04 10.3754  *
   33 0.143723 0.113026 0.226718   0.562687  0.1358  0.1398  0.0409   1.23e-04 13.3622
   34 0.119198 0.091512 0.204478   0.587019  0.1300  0.1343  0.0317   1.23e-04 12.3407
   35 0.107317 0.086336 0.154960   0.665964  0.1257  0.1291  0.0223   1.23e-04 10.1144
   36 0.110887 0.085350 0.188608   0.495257  0.1335  0.1345  0.0752   1.23e-04 10.4366  *
   37 0.143722 0.118233 0.188249   0.631563  0.1468  0.1408  0.0817   1.23e-04  9.6104
   38 0.098532 0.069301 0.215895   0.577916  0.1370  0.1364  0.0359   1.23e-04  9.5316
   39 0.137083 0.113206 0.176346   0.619816  0.1408  0.1382  0.0580   1.23e-04 11.7925
   40 0.150528 0.128621 0.161799   0.514074  0.1388  0.1349  0.0741   1.23e-04 11.7677
   41 0.080252 0.058088 0.163694   0.441630  0.1356  0.1296  0.0765   1.23e-04  7.7797  *
   42 0.116315 0.091412 0.183925   0.714331  0.1276  0.1244  0.0615   1.23e-04  9.5838
   43 0.104243 0.079499 0.182753   0.516691  0.1281  0.1226  0.0576   1.23e-04  8.0178
   44 0.101631 0.080804 0.153822   0.487211  0.1300  0.1275  0.0607   1.23e-04  8.9736
   45 0.092852 0.069771 0.170468   0.566740  0.1318  0.1281  0.0721   1.23e-04  9.2356
   46 0.067960 0.047378 0.152013   0.594150  0.1233  0.1143  0.0834   1.23e-04  5.9992
   47 0.068489 0.051324 0.126776   0.708788  0.1233  0.1261  0.0419   1.23e-04  6.6448
   48 0.082162 0.065031 0.126527   0.499617  0.1245  0.1249  0.0544   1.23e-04  6.8783
   49 0.087394 0.061822 0.188862   0.507169  0.1237  0.1249  0.0691   1.23e-04  7.3810
   50 0.071503 0.053080 0.136066   0.727124  0.1315  0.1320  0.0500   1.23e-04  6.4926
   51 0.065100 0.049017 0.118786   0.647255  0.1098  0.1137  0.0419   1.23e-04  6.0459
   52 0.061010 0.043211 0.131455   0.646986  0.1060  0.1149  0.0379   6.16e-05  5.6387
   53 0.057338 0.043264 0.103941   0.592905  0.1177  0.1193  0.0596   6.16e-05  5.7043
   54 0.044303 0.030822 0.099567   0.597501  0.1162  0.1207  0.0361   6.16e-05  4.4232
   55 0.047998 0.031404 0.122556   0.532445  0.1166  0.1216  0.0414   6.16e-05  4.7243
   56 0.048707 0.034219 0.107001   0.664470  0.1180  0.1203  0.0455   6.16e-05  5.1073
--------------------------------------------------------------------------------------------------------
Early stopping at epoch 56  (patience=15  best_epoch=41  best_val_loss=0.441630)
========================================================================================================
 Test Results  (linear, seed0)
--------------------------------------------------------------------------------------------------------
Test MSRR loss           0.614262
Test rank corr 6m         0.1256
Test base corr 6m         0.1192
Test adj corr 6m          0.0594
--------------------------------------------------------------------------------------------------------
Best val loss 0.441630  (epoch 41)
Stopped epoch 56
Training time 2478.1 seconds
--------------------------------------------------------------------------------------------------------
Weights results1/transformer/weights_linear_seed0.safetensors
Metrics results1/transformer/metrics_linear_seed0.json
========================================================================================================

========================================================================================================
Variant linear  Seed 1
Architecture d_model=64  n_heads=8  n_layers=3  d_ff=256  dropout=0.2431809917363232
n_mlp_layers=3  lambda_aux=0.1353970008207678  top_k_attention=50  min_firms_attention=30
Optimiser lr=1.23e-04  wd=1.68e-07  grad_clip=1.6941186207399954  patience=15
Loss MSRR (1 - r_pf)^2 + lambda_aux (1 - r_base)^2  lambda_aux=0.1353970008207678
 Data train_months=252  val_months=60
 Model 473,988 trainable parameters
========================================================================================================
Epoch TrnTotal  TrnMain   TrnAux    ValLoss  Corr6m  Base6m   Adj6m         LR   GNorm
--------------------------------------------------------------------------------------------------------
    1 0.990002 0.864788 0.924792   0.950975  0.1209  0.0975  0.1205   2.47e-05  2.7733
    2 0.726585 0.619143 0.793533   0.645770  0.1216  0.1176  0.1000   4.93e-05  8.0917
    3 0.536195 0.447974 0.651573   0.953592  0.1367  0.1333  0.0726   7.40e-05 17.9476
    4 0.355844 0.289225 0.492030   0.835451  0.1287  0.1267  0.0566   9.86e-05 18.3863
    5 0.354752 0.294700 0.443525   1.017790  0.1311  0.1284  0.0575   1.23e-04 24.6084
    6 0.277693 0.227902 0.367737   0.927542  0.1273  0.1256  0.0662   1.23e-04 17.7613  *
    7 0.360891 0.307643 0.393274   1.399938  0.1266  0.1240  0.0483   1.23e-04 28.9641
    8 0.311486 0.263722 0.352771   0.682824  0.1213  0.1200  0.0496   1.23e-04 20.4088  *
    9 0.245556 0.206348 0.289577   1.054803  0.1203  0.1189  0.0468   1.23e-04 16.5804
   10 0.340769 0.294224 0.343765   1.082800  0.1241  0.1226  0.0657   1.23e-04 27.7542
   11 0.214905 0.180179 0.256473   1.049973  0.1207  0.1183  0.0523   1.23e-04 16.1559
   12 0.322542 0.277317 0.334015   0.835242  0.1240  0.1216  0.0813   1.23e-04 39.6183
   13 0.285632 0.243112 0.314039   0.937096  0.1231  0.1198  0.0578   1.23e-04 25.2226
   14 0.247790 0.215152 0.241052   0.899752  0.1192  0.1167  0.0587   1.23e-04 18.3123
   15 0.284842 0.252121 0.241662   0.560366  0.1190  0.1158  0.0609   1.23e-04 21.9616  *
   16 0.313136 0.276151 0.273161   0.730614  0.1240  0.1225  0.0817   1.23e-04 24.5818
   17 0.193998 0.167885 0.192868   0.585224  0.1254  0.1194  0.0268   1.23e-04 16.5009
   18 0.157896 0.128954 0.213756   0.647548  0.1252  0.1220  0.0504   1.23e-04 14.1265
   19 0.166378 0.140103 0.194061   0.586061  0.1224  0.1181  0.0537   1.23e-04 12.3164
   20 0.238935 0.204712 0.252755   0.584124  0.1143  0.1169  0.0349   1.23e-04 19.5848
   21 0.263171 0.227609 0.262651   0.750348  0.1170  0.1153  0.0360   1.23e-04 18.4526
   22 0.165849 0.138765 0.200036   0.545167  0.1162  0.1138  0.0822   1.23e-04 14.7153  *
   23 0.176895 0.146806 0.222230   0.500754  0.1136  0.1167  0.0267   1.23e-04 14.0917  *
   24 0.129214 0.106433 0.168256   0.588674  0.1119  0.1147  0.0186   1.23e-04 10.3032
   25 0.111536 0.089955 0.159393   0.552427  0.1101  0.1151  0.0315   1.23e-04  9.3487
   26 0.129453 0.109545 0.147037   0.748078  0.1116  0.1158  0.0442   1.23e-04 12.3822
   27 0.119152 0.096977 0.163777   0.675132  0.1022  0.1147  0.0222   1.23e-04 11.3683
   28 0.154704 0.132792 0.161834   0.571040  0.1195  0.1201  0.0578   1.23e-04 14.7070
   29 0.135506 0.114099 0.158101   0.530569  0.1136  0.1172  0.0338   1.23e-04 12.3564
   30 0.125774 0.103028 0.167990   0.626390  0.1163  0.1209  0.0432   1.23e-04  9.6403
   31 0.118860 0.096857 0.162507   0.974779  0.1027  0.1105  0.0226   1.23e-04 10.1812
   32 0.100270 0.077862 0.165500   0.666433  0.1145  0.1217  0.0239   1.23e-04  8.1161
   33 0.100140 0.082960 0.126883   0.573307  0.1036  0.1111 -0.0022   1.23e-04  8.6521
   34 0.095595 0.078570 0.125748   0.817538  0.1038  0.1141 -0.0062   6.16e-05  8.2939
   35 0.098141 0.077177 0.154836   0.879346  0.1000  0.1129  0.0033   6.16e-05 10.0509
   36 0.066844 0.051510 0.113252   0.826264  0.0992  0.1118  0.0088   6.16e-05  8.1135
   37 0.073194 0.051608 0.159428   0.750720  0.1033  0.1118  0.0247   6.16e-05  7.9502
   38 0.074560 0.057946 0.122709   0.943892  0.1083  0.1199 -0.0036   6.16e-05  7.9392
--------------------------------------------------------------------------------------------------------
Early stopping at epoch 38  (patience=15  best_epoch=23  best_val_loss=0.500754)
========================================================================================================
 Test Results  (linear, seed1)
--------------------------------------------------------------------------------------------------------
Test MSRR loss           0.328204
Test rank corr 6m         0.1459
Test base corr 6m         0.1298
Test adj corr 6m          0.1148
--------------------------------------------------------------------------------------------------------
Best val loss 0.500754  (epoch 23)
Stopped epoch 38
Training time 1645.6 seconds
--------------------------------------------------------------------------------------------------------
Weights results1/transformer/weights_linear_seed1.safetensors
Metrics results1/transformer/metrics_linear_seed1.json
========================================================================================================

========================================================================================================
Variant linear  Seed 2
Architecture d_model=64  n_heads=8  n_layers=3  d_ff=256  dropout=0.2431809917363232
n_mlp_layers=3  lambda_aux=0.1353970008207678  top_k_attention=50  min_firms_attention=30
Optimiser lr=1.23e-04  wd=1.68e-07  grad_clip=1.6941186207399954  patience=15
Loss MSRR (1 - r_pf)^2 + lambda_aux (1 - r_base)^2  lambda_aux=0.1353970008207678
 Data train_months=252  val_months=60
 Model 473,988 trainable parameters
========================================================================================================
Epoch TrnTotal  TrnMain   TrnAux    ValLoss  Corr6m  Base6m   Adj6m         LR   GNorm
--------------------------------------------------------------------------------------------------------
    1 0.995299 0.871429 0.914865   0.949362  0.1199  0.0802  0.1230   2.47e-05  2.5205
    2 0.736460 0.630723 0.780937   0.893044  0.1318  0.1228  0.0928   4.93e-05  6.3783
    3 0.548787 0.476198 0.536120   0.946530  0.1351  0.1303  0.0796   7.40e-05 14.6207
    4 0.415123 0.356371 0.433927   1.858314  0.1284  0.1291  0.0611   9.86e-05 21.8496
    5 0.516153 0.445991 0.518195   1.714846  0.1218  0.1217  0.0484   1.23e-04 19.5862
    6 0.352481 0.294678 0.426919   1.458211  0.1233  0.1218  0.0492   1.23e-04 19.1875  *
    7 0.368215 0.315928 0.386172   1.408104  0.1188  0.1183  0.0224   1.23e-04 20.9403  *
    8 0.311521 0.263032 0.358122   1.467410  0.1192  0.1197  0.0337   1.23e-04 22.5210
    9 0.294918 0.254176 0.300911   1.546780  0.1239  0.1243  0.0072   1.23e-04 20.2024
   10 0.316959 0.272065 0.331574   1.154174  0.1304  0.1284 -0.0049   1.23e-04 19.2370  *
   11 0.323557 0.274848 0.359749   1.521531  0.1222  0.1229  0.0280   1.23e-04 21.0718
   12 0.238975 0.194522 0.328313   1.711842  0.1125  0.1231  0.0006   1.23e-04 15.0774
   13 0.200898 0.171309 0.218537   1.581872  0.1162  0.1251  0.0198   1.23e-04 13.5074
   14 0.295026 0.250262 0.330612   1.617720  0.1112  0.1199  0.0074   1.23e-04 24.0613
   15 0.289717 0.228625 0.451205   0.999599  0.1258  0.1277  0.0339   1.23e-04 25.7755  *
   16 0.267051 0.223301 0.323119   1.164692  0.1107  0.1298 -0.0248   1.23e-04 15.8754
   17 0.183697 0.145173 0.284523   1.313214  0.1097  0.1279 -0.0010   1.23e-04 11.2018
   18 0.217563 0.185346 0.237947   1.441560  0.1057  0.1269 -0.0178   1.23e-04 16.4164
   19 0.192572 0.158594 0.250951   0.939606  0.1007  0.1238 -0.0112   1.23e-04 15.8181  *
   20 0.188675 0.153032 0.263248   1.525126  0.1191  0.1272 -0.0028   1.23e-04 15.5869
   21 0.135299 0.107217 0.207409   1.073990  0.0982  0.1261  0.0114   1.23e-04 10.7451
   22 0.204914 0.178664 0.193876   1.170654  0.0875  0.1191  0.0155   1.23e-04 13.9978
   23 0.141878 0.116543 0.187122   0.843725  0.1019  0.1288  0.0245   1.23e-04 10.3206  *
   24 0.170942 0.141270 0.219147   0.806925  0.0907  0.1212 -0.0049   1.23e-04 14.4741  *
   25 0.102582 0.080540 0.162794   0.986431  0.1073  0.1288  0.0309   1.23e-04  8.1679
   26 0.111901 0.087112 0.183087   0.971633  0.0947  0.1206  0.0030   1.23e-04  8.9291
   27 0.121331 0.094777 0.196119   0.885397  0.0954  0.1285  0.0003   1.23e-04 10.3556
   28 0.123623 0.100180 0.173142   0.840524  0.0845  0.1242 -0.0074   1.23e-04 10.5847
   29 0.096994 0.077242 0.145883   0.851928  0.0887  0.1276 -0.0142   1.23e-04  8.1694
   30 0.121446 0.102434 0.140417   0.742976  0.0901  0.1252 -0.0114   1.23e-04 10.0014  *
   31 0.132513 0.108702 0.175859   0.864207  0.0597  0.1227 -0.0350   1.23e-04 10.6281
   32 0.111763 0.090840 0.154531   0.866209  0.0674  0.1192 -0.0020   1.23e-04  8.7373
   33 0.097219 0.076635 0.152031   1.010055  0.0882  0.1185  0.0119   1.23e-04  7.1645
   34 0.083337 0.061060 0.164532   0.862204  0.0878  0.1247  0.0116   1.23e-04  6.7750
   35 0.081480 0.063264 0.134537   0.792698  0.0899  0.1232  0.0013   1.23e-04  5.9284
   36 0.072801 0.056450 0.120758   0.891219  0.0766  0.1208 -0.0062   1.23e-04  6.1204
   37 0.079170 0.059843 0.142743   0.715190  0.1127  0.1209  0.0294   1.23e-04  6.9398  *
   38 0.085516 0.064565 0.154738   0.736055  0.0969  0.1197  0.0163   1.23e-04  9.6089
   39 0.075241 0.057864 0.128342   0.813955  0.0827  0.1182  0.0108   1.23e-04  5.8559
   40 0.077282 0.058173 0.141131   0.643899  0.0871  0.1179  0.0029   1.23e-04  5.3349  *
   41 0.063296 0.045157 0.133971   0.664786  0.0802  0.1214  0.0221   1.23e-04  4.8335
   42 0.074285 0.055423 0.139308   0.620602  0.0751  0.1223  0.0019   1.23e-04  5.7732  *
   43 0.063756 0.047609 0.119263   0.701210  0.0415  0.1162 -0.0143   1.23e-04  6.1905
   44 0.091012 0.071158 0.146639   0.758666  0.0737  0.1191  0.0200   1.23e-04  7.9263
   45 0.065181 0.045566 0.144863   0.571685  0.0806  0.1186  0.0174   1.23e-04  7.1549  *
   46 0.070693 0.051010 0.145371   0.838396  0.0949  0.1200  0.0141   1.23e-04  5.3261
   47 0.071041 0.055652 0.113657   0.738956  0.0650  0.1168 -0.0003   1.23e-04  5.9943
   48 0.061994 0.044344 0.130354   0.883322  0.0671  0.1185 -0.0291   1.23e-04  4.6479
   49 0.048873 0.032812 0.118622   0.764088  0.0442  0.1144 -0.0167   1.23e-04  3.9517
   50 0.049883 0.035733 0.104510   0.727722  0.0699  0.1201 -0.0210   1.23e-04  4.3670
   51 0.051740 0.035730 0.118251   0.851966  0.0615  0.1187 -0.0145   1.23e-04  4.6611
   52 0.069397 0.053824 0.115011   0.784517  0.0826  0.1182  0.0007   1.23e-04  5.1474
   53 0.048260 0.031753 0.121918   0.737272  0.0256  0.1223 -0.0543   1.23e-04  5.6107
   54 0.052438 0.039874 0.092793   0.706701  0.0711  0.1206  0.0058   1.23e-04  4.5628
   55 0.056910 0.043313 0.100419   0.774788  0.0691  0.1156  0.0013   1.23e-04  4.6395
   56 0.048597 0.035149 0.099319   0.811165  0.0735  0.1169  0.0069   6.16e-05  4.2715
   57 0.043074 0.030907 0.089864   0.829065  0.0608  0.1176 -0.0069   6.16e-05  3.4521
   58 0.036816 0.025966 0.080133   0.838535  0.0635  0.1150  0.0099   6.16e-05  3.4960
   59 0.034499 0.023725 0.079573   0.841413  0.0617  0.1171  0.0082   6.16e-05  3.3494
   60 0.035061 0.023705 0.083869   0.802018  0.0671  0.1198 -0.0031   6.16e-05  3.3857
--------------------------------------------------------------------------------------------------------
Early stopping at epoch 60  (patience=15  best_epoch=45  best_val_loss=0.571685)
========================================================================================================
 Test Results  (linear, seed2)
--------------------------------------------------------------------------------------------------------
Test MSRR loss           0.457812
Test rank corr 6m         0.1257
Test base corr 6m         0.1111
Test adj corr 6m          0.0980
--------------------------------------------------------------------------------------------------------
Best val loss 0.571685  (epoch 45)
Stopped epoch 60
Training time 2597.8 seconds
--------------------------------------------------------------------------------------------------------
Weights results1/transformer/weights_linear_seed2.safetensors
Metrics results1/transformer/metrics_linear_seed2.json
========================================================================================================

========================================================================================================
Variant linear  Seed 3
Architecture d_model=64  n_heads=8  n_layers=3  d_ff=256  dropout=0.2431809917363232
n_mlp_layers=3  lambda_aux=0.1353970008207678  top_k_attention=50  min_firms_attention=30
Optimiser lr=1.23e-04  wd=1.68e-07  grad_clip=1.6941186207399954  patience=15
Loss MSRR (1 - r_pf)^2 + lambda_aux (1 - r_base)^2  lambda_aux=0.1353970008207678
 Data train_months=252  val_months=60
 Model 473,988 trainable parameters
========================================================================================================
Epoch TrnTotal  TrnMain   TrnAux    ValLoss  Corr6m  Base6m   Adj6m         LR   GNorm
--------------------------------------------------------------------------------------------------------
    1 1.016300 0.892025 0.917856   0.950692  0.1105  0.0901  0.1111   2.47e-05  2.5845
    2 0.752026 0.646937 0.776154   0.744897  0.1249  0.1235  0.1101   4.93e-05  6.2545
    3 0.464394 0.389540 0.552849   0.601922  0.1298  0.1282  0.0854   7.40e-05 14.5867
    4 0.378014 0.315383 0.462569   0.558645  0.1327  0.1300  0.0744   9.86e-05 17.7125
    5 0.532665 0.455633 0.568934   0.667487  0.1365  0.1355  0.0579   1.23e-04 25.0585
    6 0.425130 0.364212 0.449922   0.554885  0.1400  0.1402  0.0184   1.23e-04 23.8214  *
    7 0.514928 0.444600 0.519421   0.578617  0.1412  0.1398  0.0197   1.23e-04 24.1431
    8 0.360791 0.308674 0.384918   0.428658  0.1373  0.1361  0.0279   1.23e-04 20.9928  *
    9 0.438846 0.381801 0.421316   0.567105  0.1368  0.1370  0.0071   1.23e-04 27.1394
   10 0.538170 0.470410 0.500451   0.764936  0.1280  0.1285  0.0389   1.23e-04 37.9941
   11 0.377615 0.325864 0.382223   0.805218  0.1299  0.1300  0.0342   1.23e-04 23.8557
   12 0.306883 0.262788 0.325669   0.722743  0.1385  0.1382  0.0285   1.23e-04 20.0673
   13 0.385942 0.332530 0.394479   0.636298  0.1432  0.1435  0.0379   1.23e-04 25.8507
   14 0.311945 0.269836 0.311008   0.897131  0.1288  0.1306  0.0546   1.23e-04 20.4070
   15 0.263423 0.216794 0.344389   0.740096  0.1246  0.1329  0.0204   1.23e-04 19.3226
   16 0.234932 0.199932 0.258499   0.814532  0.1372  0.1395 -0.0021   1.23e-04 15.4221
   17 0.239717 0.198144 0.307048   0.806397  0.1355  0.1381  0.0053   1.23e-04 18.8630
   18 0.216645 0.182842 0.249657   0.771788  0.1279  0.1335  0.0017   1.23e-04 12.7487
   19 0.148253 0.119111 0.215230   0.769404  0.1204  0.1266  0.0366   6.16e-05 10.7487
   20 0.171720 0.135603 0.266755   0.684306  0.1300  0.1320  0.0300   6.16e-05 13.1815
   21 0.151237 0.124940 0.194219   0.737558  0.1296  0.1328  0.0300   6.16e-05 12.5773
   22 0.141058 0.115756 0.186876   0.663397  0.1248  0.1280  0.0258   6.16e-05 11.7683
   23 0.136664 0.111890 0.182972   0.727887  0.1252  0.1304  0.0245   6.16e-05 10.1513
--------------------------------------------------------------------------------------------------------
Early stopping at epoch 23  (patience=15  best_epoch=8  best_val_loss=0.428658)
========================================================================================================
 Test Results  (linear, seed3)
--------------------------------------------------------------------------------------------------------
Test MSRR loss           0.379732
Test rank corr 6m         0.1335
Test base corr 6m         0.1292
Test adj corr 6m          0.0841
--------------------------------------------------------------------------------------------------------
Best val loss 0.428658  (epoch 8)
Stopped epoch 23
Training time 998.8 seconds
--------------------------------------------------------------------------------------------------------
Weights results1/transformer/weights_linear_seed3.safetensors
Metrics results1/transformer/metrics_linear_seed3.json
========================================================================================================

========================================================================================================
Variant linear  Seed 4
Architecture d_model=64  n_heads=8  n_layers=3  d_ff=256  dropout=0.2431809917363232
n_mlp_layers=3  lambda_aux=0.1353970008207678  top_k_attention=50  min_firms_attention=30
Optimiser lr=1.23e-04  wd=1.68e-07  grad_clip=1.6941186207399954  patience=15
Loss MSRR (1 - r_pf)^2 + lambda_aux (1 - r_base)^2  lambda_aux=0.1353970008207678
 Data train_months=252  val_months=60
 Model 473,988 trainable parameters
========================================================================================================
Epoch TrnTotal  TrnMain   TrnAux    ValLoss  Corr6m  Base6m   Adj6m         LR   GNorm
--------------------------------------------------------------------------------------------------------
    1 0.993085 0.869869 0.910038   0.958371  0.1060  0.0766  0.1121   2.47e-05  2.4827
    2 0.743042 0.639121 0.767527   0.718968  0.1212  0.1041  0.1208   4.93e-05  7.3962
    3 0.533482 0.452535 0.597851   0.602033  0.1278  0.1179  0.0829   7.40e-05 17.5226
    4 0.562421 0.482640 0.589237   0.609159  0.1347  0.1274  0.0776   9.86e-05 28.4967
    5 0.676335 0.582661 0.691845   0.616655  0.1373  0.1314  0.0542   1.23e-04 36.2001
    6 0.400921 0.337237 0.470350   0.621954  0.1389  0.1370  0.0699   1.23e-04 23.1965  *
    7 0.322138 0.272261 0.368381   0.572631  0.1426  0.1392  0.0486   1.23e-04 22.1648  *
    8 0.445632 0.381864 0.470971   0.638913  0.1341  0.1331  0.0450   1.23e-04 35.6713
    9 0.358119 0.304285 0.397603   0.883812  0.1361  0.1345  0.0738   1.23e-04 25.6012
   10 0.325696 0.277304 0.357404   0.678878  0.1377  0.1364  0.0473   1.23e-04 20.6904
   11 0.333294 0.284767 0.358403   0.626463  0.1423  0.1397  0.0517   1.23e-04 24.8482
   12 0.312994 0.259781 0.393017   0.595171  0.1395  0.1361  0.0479   1.23e-04 20.9242
   13 0.299037 0.254466 0.329182   0.515026  0.1373  0.1368  0.0156   1.23e-04 22.6373  *
   14 0.280919 0.234451 0.343199   0.584813  0.1356  0.1318  0.0348   1.23e-04 19.2997
   15 0.245315 0.201507 0.323549   0.541633  0.1422  0.1395  0.0489   1.23e-04 19.0234
   16 0.322673 0.279300 0.320334   0.663048  0.1485  0.1470  0.0733   1.23e-04 22.2064
   17 0.325190 0.283905 0.304922   0.729497  0.1390  0.1346  0.0319   1.23e-04 23.2889
   18 0.219205 0.181260 0.280253   0.492455  0.1380  0.1350  0.0402   1.23e-04 16.7558  *
   19 0.308118 0.267313 0.301374   0.560675  0.1398  0.1366  0.0491   1.23e-04 20.9139
   20 0.253100 0.211374 0.308178   0.511883  0.1361  0.1325  0.0273   1.23e-04 20.4741
   21 0.243811 0.205844 0.280415   0.711372  0.1388  0.1365  0.0099   1.23e-04 18.6342
   22 0.232597 0.198268 0.253543   0.618109  0.1425  0.1380  0.0463   1.23e-04 18.2234
   23 0.160241 0.136534 0.175098   0.474131  0.1370  0.1323  0.0645   1.23e-04 12.0660  *
   24 0.251892 0.211873 0.295568   1.713270  0.1425  0.1403  0.0298   1.23e-04 16.2791
   25 0.165627 0.131344 0.253201   0.744429  0.1367  0.1360  0.0215   1.23e-04 14.0172
   26 0.160606 0.129043 0.233110   0.527878  0.1352  0.1323  0.0294   1.23e-04 10.4034
   27 0.292739 0.247680 0.332788   0.548685  0.1284  0.1277  0.0409   1.23e-04 17.2197
   28 0.170662 0.129734 0.302278   0.643336  0.1364  0.1344  0.0339   1.23e-04 13.0696
   29 0.164383 0.141100 0.171960   0.737751  0.1369  0.1379  0.0223   1.23e-04 12.9433
   30 0.221998 0.193432 0.210980   0.722836  0.1335  0.1341  0.0334   1.23e-04 22.9276
   31 0.141053 0.115185 0.191051   1.007050  0.1389  0.1343  0.0623   1.23e-04 11.8136
   32 0.135452 0.103636 0.234984   0.704315  0.1275  0.1333  0.0332   1.23e-04 11.6341
   33 0.164015 0.135800 0.208385   0.687846  0.1330  0.1319  0.0389   1.23e-04 17.5578
   34 0.182708 0.154478 0.208495   1.685970  0.1405  0.1389  0.0515   6.16e-05 20.2621
   35 0.118967 0.095524 0.173142   0.880485  0.1316  0.1327  0.0288   6.16e-05 11.9268
   36 0.114384 0.093109 0.157130   0.533609  0.1254  0.1295  0.0256   6.16e-05 12.7729
   37 0.086255 0.066679 0.144582   0.540959  0.1252  0.1275  0.0366   6.16e-05  9.1839
   38 0.078740 0.057965 0.153434   0.564779  0.1250  0.1298  0.0304   6.16e-05  8.7081
--------------------------------------------------------------------------------------------------------
Early stopping at epoch 38  (patience=15  best_epoch=23  best_val_loss=0.474131)
========================================================================================================
 Test Results  (linear, seed4)
--------------------------------------------------------------------------------------------------------
Test MSRR loss           0.575885
Test rank corr 6m         0.1462
Test base corr 6m         0.1246
Test adj corr 6m          0.1062
--------------------------------------------------------------------------------------------------------
Best val loss 0.474131  (epoch 23)
Stopped epoch 38
Training time 1643.9 seconds
--------------------------------------------------------------------------------------------------------
Weights results1/transformer/weights_linear_seed4.safetensors
Metrics results1/transformer/metrics_linear_seed4.json
========================================================================================================

applied tuned hyperparameters for per_feature from results1/transformer/transformer-hpt/best_params_per_feature.json
========================================================================================================
Variant per_feature  Seed 0
Architecture d_model=128  n_heads=4  n_layers=1  d_ff=512  dropout=0.1932463503076242
n_mlp_layers=1  lambda_aux=0.2581555135909056  top_k_attention=50  min_firms_attention=30
Optimiser lr=2.77e-04  wd=1.12e-06  grad_clip=1.4536113506685124  patience=15
Loss MSRR (1 - r_pf)^2 + lambda_aux (1 - r_base)^2  lambda_aux=0.2581555135909056
 Data train_months=252  val_months=60
 Model 388,612 trainable parameters
========================================================================================================
Epoch TrnTotal  TrnMain   TrnAux    ValLoss  Corr6m  Base6m   Adj6m         LR   GNorm
--------------------------------------------------------------------------------------------------------
    1 0.985186 0.758875 0.876648   0.938005  0.1145  0.0922  0.1213   5.55e-05  3.5568
    2 0.643484 0.461393 0.705351   0.809922  0.1095  0.0948  0.0883   1.11e-04  8.0083
    3 0.591665 0.435610 0.604500   0.845196  0.1141  0.1051  0.0803   1.66e-04 13.4621
    4 0.707367 0.544002 0.632816   0.920937  0.1159  0.1093  0.0751   2.22e-04 15.1147
    5 0.415615 0.306818 0.421440   1.126640  0.1240  0.1216  0.0710   2.77e-04 12.7556
    6 0.464565 0.356226 0.419669   0.672225  0.1211  0.1202  0.0395   2.77e-04 13.9164  *
    7 0.315773 0.234481 0.314896   0.943112  0.1231  0.1240  0.0826   2.77e-04  8.5897
    8 0.329331 0.252301 0.298385   0.882603  0.1143  0.1189  0.0711   2.77e-04  8.9761
    9 0.389231 0.302039 0.337750   0.924968  0.1201  0.1213  0.0667   2.77e-04 10.1040
   10 0.322705 0.244473 0.303040   0.992296  0.1252  0.1271  0.0829   2.77e-04  8.3327
   11 0.499630 0.411309 0.342122   0.761044  0.1145  0.1196  0.0620   2.77e-04 13.7274
   12 0.216008 0.160798 0.213861   1.178793  0.1218  0.1236  0.0784   2.77e-04  5.6363
   13 0.263361 0.208664 0.211875   0.852211  0.1155  0.1219  0.0470   2.77e-04  8.1090
   14 0.262149 0.201151 0.236282   1.131051  0.1214  0.1254  0.0557   2.77e-04  9.3916
   15 0.203301 0.155881 0.183690   1.074748  0.1223  0.1252  0.0655   2.77e-04  5.1204
   16 0.256732 0.207052 0.192440   1.169461  0.1184  0.1252  0.0568   2.77e-04  8.7692
   17 0.239878 0.177404 0.242001   1.017010  0.1195  0.1250  0.0405   1.39e-04  7.1240
   18 0.180264 0.133025 0.182986   0.998360  0.1281  0.1289  0.0609   1.39e-04  5.6735
   19 0.181078 0.136217 0.173777   0.894048  0.1211  0.1249  0.0563   1.39e-04  6.4389
   20 0.128866 0.093233 0.138030   1.043368  0.1261  0.1313  0.0403   1.39e-04  4.4401
   21 0.210837 0.165768 0.174582   0.955957  0.1244  0.1282  0.0390   1.39e-04  7.3160
--------------------------------------------------------------------------------------------------------
Early stopping at epoch 21  (patience=15  best_epoch=6  best_val_loss=0.672225)
========================================================================================================
 Test Results  (per_feature, seed0)
--------------------------------------------------------------------------------------------------------
Test MSRR loss           0.641654
Test rank corr 6m         0.1319
Test base corr 6m         0.1247
Test adj corr 6m          0.0609
--------------------------------------------------------------------------------------------------------
Best val loss 0.672225  (epoch 6)
Stopped epoch 21
Training time 407.1 seconds
--------------------------------------------------------------------------------------------------------
Weights results1/transformer/weights_per_feature_seed0.safetensors
Metrics results1/transformer/metrics_per_feature_seed0.json
========================================================================================================

========================================================================================================
Variant per_feature  Seed 1
Architecture d_model=128  n_heads=4  n_layers=1  d_ff=512  dropout=0.1932463503076242
n_mlp_layers=1  lambda_aux=0.2581555135909056  top_k_attention=50  min_firms_attention=30
Optimiser lr=2.77e-04  wd=1.12e-06  grad_clip=1.4536113506685124  patience=15
Loss MSRR (1 - r_pf)^2 + lambda_aux (1 - r_base)^2  lambda_aux=0.2581555135909056
 Data train_months=252  val_months=60
 Model 388,612 trainable parameters
========================================================================================================
Epoch TrnTotal  TrnMain   TrnAux    ValLoss  Corr6m  Base6m   Adj6m         LR   GNorm
--------------------------------------------------------------------------------------------------------
    1 0.979983 0.754484 0.873499   0.906689  0.1163  0.0869  0.1265   5.55e-05  4.0400
    2 0.744384 0.565053 0.694663   0.778810  0.1157  0.0918  0.1131   1.11e-04 10.3179
    3 0.594082 0.445837 0.574246   0.862923  0.1179  0.0980  0.0834   1.66e-04 12.9970
    4 0.601275 0.465289 0.526762   0.890525  0.1156  0.1074  0.0339   2.22e-04 16.9513
    5 1.440715 1.123102 1.230317   0.711731  0.1165  0.1119  0.0792   2.77e-04 17.4007
    6 0.597871 0.432373 0.641077   0.751124  0.1268  0.1187  0.0392   2.77e-04 16.0213  *
    7 0.393923 0.304927 0.344741   0.666941  0.1292  0.1237  0.0644   2.77e-04 11.7562  *
    8 0.345615 0.268183 0.299944   0.872702  0.1204  0.1213  0.0898   2.77e-04 10.1677
    9 0.385865 0.302349 0.323511   0.698356  0.1200  0.1231  0.0745   2.77e-04 12.1974
   10 1.057059 0.846189 0.816834   0.737316  0.1201  0.1188  0.0922   2.77e-04 30.9600
   11 0.432847 0.336291 0.374023   0.713671  0.1232  0.1211  0.0742   2.77e-04 13.0376
   12 0.372328 0.283350 0.344667   0.921898  0.1161  0.1162  0.0956   2.77e-04  8.9122
   13 0.389009 0.297023 0.356319   0.741931  0.1121  0.1102  0.0851   2.77e-04 13.2680
   14 0.411803 0.322115 0.347417   0.760581  0.1157  0.1155  0.0822   2.77e-04  9.0046
   15 0.319280 0.239944 0.307319   0.779033  0.1116  0.1129  0.0729   2.77e-04  8.3962
   16 0.340418 0.263238 0.298969   0.831922  0.1209  0.1223  0.0668   2.77e-04 11.7439
   17 0.251351 0.190643 0.235162   0.669214  0.1104  0.1145  0.0556   2.77e-04  7.4287
   18 0.208925 0.150722 0.225457   0.527818  0.1125  0.1181  0.0481   2.77e-04  5.6005  *
   19 0.240739 0.178443 0.241311   0.602893  0.1067  0.1140  0.0443   2.77e-04  7.1375
   20 0.223698 0.174214 0.191686   0.677281  0.1126  0.1194  0.0608   2.77e-04  7.3041
   21 0.266985 0.196343 0.273642   0.672324  0.1096  0.1166  0.0592   2.77e-04  7.6796
   22 0.176537 0.124639 0.201036   0.729736  0.1098  0.1142  0.0514   2.77e-04  4.8898
   23 0.291412 0.224533 0.259065   0.768551  0.1133  0.1150  0.0477   2.77e-04  6.9641
   24 0.350182 0.280752 0.268947   0.855082  0.1100  0.1156  0.0319   2.77e-04  9.2866
   25 0.148078 0.099118 0.189653   0.603806  0.1098  0.1134  0.0523   2.77e-04  4.0666
   26 0.231196 0.174289 0.220435   0.638078  0.1020  0.1095  0.0309   2.77e-04  7.5538
   27 0.235495 0.176589 0.228178   0.683649  0.1087  0.1132  0.0492   2.77e-04  6.3979
   28 0.284485 0.224155 0.233697   0.562967  0.1120  0.1109  0.0468   2.77e-04  8.2539
   29 0.210087 0.163899 0.178914   0.505711  0.1129  0.1167  0.0640   2.77e-04  5.9680  *
   30 0.226340 0.169272 0.221059   0.561667  0.0971  0.1104  0.0391   2.77e-04  6.3143
   31 0.172223 0.129550 0.165302   0.611303  0.1050  0.1130  0.0289   2.77e-04  5.1367
   32 0.206067 0.147398 0.227263   0.593948  0.1114  0.1175  0.0471   2.77e-04  7.8556
   33 0.147905 0.109674 0.148092   0.737100  0.1104  0.1118  0.0483   2.77e-04  4.8243
   34 0.149991 0.114280 0.138335   0.751089  0.1131  0.1163  0.0639   2.77e-04  7.1112
   35 0.171117 0.124886 0.179083   0.495505  0.1084  0.1128  0.0672   2.77e-04  5.5576  *
   36 0.135073 0.104389 0.118857   0.539564  0.1068  0.1130  0.0663   2.77e-04  4.1327
   37 0.105063 0.070674 0.133211   0.638389  0.1138  0.1193  0.0659   2.77e-04  3.5104
   38 0.109962 0.081158 0.111579   0.587872  0.1083  0.1145  0.0539   2.77e-04  4.2246
   39 0.119457 0.087608 0.123374   0.504811  0.1096  0.1138  0.0738   2.77e-04  4.6236
   40 0.117491 0.083256 0.132614   0.610952  0.1075  0.1122  0.0664   2.77e-04  4.5911
   41 0.139554 0.105177 0.133165   0.635202  0.1134  0.1176  0.0670   2.77e-04  4.3425
   42 0.114459 0.081955 0.125908   0.646885  0.1087  0.1168  0.0644   2.77e-04  4.2248
   43 0.093720 0.067069 0.103233   0.592077  0.1086  0.1153  0.0671   2.77e-04  3.0867
   44 0.165608 0.128529 0.143632   0.686589  0.1059  0.1134  0.0545   2.77e-04  4.1672
   45 0.088616 0.056800 0.123244   0.560635  0.1058  0.1133  0.0599   2.77e-04  3.0205
   46 0.145193 0.108704 0.141346   0.552929  0.1061  0.1137  0.0541   1.39e-04  5.0023
   47 0.078000 0.056378 0.083757   0.640473  0.1073  0.1145  0.0530   1.39e-04  3.6228
   48 0.073874 0.054638 0.074515   0.606553  0.1058  0.1137  0.0524   1.39e-04  2.7057
   49 0.057323 0.038987 0.071026   0.634291  0.1060  0.1152  0.0439   1.39e-04  2.5600
   50 0.061977 0.043438 0.071814   0.626604  0.1066  0.1157  0.0563   1.39e-04  2.9213
--------------------------------------------------------------------------------------------------------
Early stopping at epoch 50  (patience=15  best_epoch=35  best_val_loss=0.495505)
========================================================================================================
 Test Results  (per_feature, seed1)
--------------------------------------------------------------------------------------------------------
Test MSRR loss           0.487425
Test rank corr 6m         0.1215
Test base corr 6m         0.1161
Test adj corr 6m          0.0964
--------------------------------------------------------------------------------------------------------
Best val loss 0.495505  (epoch 35)
Stopped epoch 50
Training time 948.5 seconds
--------------------------------------------------------------------------------------------------------
Weights results1/transformer/weights_per_feature_seed1.safetensors
Metrics results1/transformer/metrics_per_feature_seed1.json
========================================================================================================

========================================================================================================
Variant per_feature  Seed 2
Architecture d_model=128  n_heads=4  n_layers=1  d_ff=512  dropout=0.1932463503076242
n_mlp_layers=1  lambda_aux=0.2581555135909056  top_k_attention=50  min_firms_attention=30
Optimiser lr=2.77e-04  wd=1.12e-06  grad_clip=1.4536113506685124  patience=15
Loss MSRR (1 - r_pf)^2 + lambda_aux (1 - r_base)^2  lambda_aux=0.2581555135909056
 Data train_months=252  val_months=60
 Model 388,612 trainable parameters
========================================================================================================
Epoch TrnTotal  TrnMain   TrnAux    ValLoss  Corr6m  Base6m   Adj6m         LR   GNorm
--------------------------------------------------------------------------------------------------------
    1 1.011252 0.781324 0.890657   0.965205  0.1166  0.0965  0.1147   5.55e-05  3.0291
    2 0.674595 0.492059 0.707075   0.768960  0.1147  0.1103  0.0659   1.11e-04  8.2169
    3 0.520655 0.379220 0.547867   0.715609  0.1214  0.1144  0.0638   1.66e-04 10.4048
    4 0.525093 0.386055 0.538581   0.750641  0.1155  0.1175  0.0697   2.22e-04 13.4675
    5 0.388526 0.282541 0.410546   0.779148  0.1067  0.1138  0.0398   2.77e-04 12.3351
    6 0.479031 0.374587 0.404577   0.828239  0.1232  0.1248  0.0857   2.77e-04 12.4209  *
    7 0.499629 0.394976 0.405387   0.959444  0.1211  0.1232  0.0793   2.77e-04 12.4555
    8 0.420984 0.338498 0.319521   1.067751  0.1245  0.1260  0.0687   2.77e-04  9.9941
    9 0.407423 0.330381 0.298431   1.070617  0.1162  0.1204  0.0743   2.77e-04 11.5423
   10 0.337595 0.263783 0.285921   1.142506  0.1186  0.1241  0.0435   2.77e-04  8.9549
   11 0.311031 0.235779 0.291497   1.117375  0.1170  0.1232  0.0539   2.77e-04  8.6713
   12 0.342033 0.258553 0.323374   0.893890  0.1146  0.1211  0.0290   2.77e-04 10.1997
   13 0.267730 0.203161 0.250116   1.099829  0.1155  0.1263  0.0153   2.77e-04  9.0456
   14 0.312984 0.237774 0.291338   0.905026  0.1299  0.1340  0.0445   2.77e-04  9.9160
   15 0.280616 0.216449 0.248562   1.101744  0.1225  0.1257  0.0355   2.77e-04 10.3275
   16 0.292085 0.219769 0.280125   1.048880  0.1095  0.1237 -0.0399   2.77e-04  9.3783
   17 0.223715 0.174088 0.192238   1.287783  0.1199  0.1285  0.0349   1.39e-04  6.4277
   18 0.199049 0.148935 0.194126   0.952773  0.1257  0.1316  0.0311   1.39e-04  6.6736
   19 0.193949 0.147192 0.181120   1.032349  0.1230  0.1309  0.0305   1.39e-04  7.0684
   20 0.216762 0.157588 0.229217   1.179069  0.1244  0.1310  0.0289   1.39e-04  6.5221
   21 0.143712 0.094598 0.190248   1.171403  0.1181  0.1289 -0.0009   1.39e-04  4.5342
--------------------------------------------------------------------------------------------------------
Early stopping at epoch 21  (patience=15  best_epoch=6  best_val_loss=0.828239)
========================================================================================================
 Test Results  (per_feature, seed2)
--------------------------------------------------------------------------------------------------------
Test MSRR loss           0.448866
Test rank corr 6m         0.1338
Test base corr 6m         0.1268
Test adj corr 6m          0.1102
--------------------------------------------------------------------------------------------------------
Best val loss 0.828239  (epoch 6)
Stopped epoch 21
Training time 396.0 seconds
--------------------------------------------------------------------------------------------------------
Weights results1/transformer/weights_per_feature_seed2.safetensors
Metrics results1/transformer/metrics_per_feature_seed2.json
========================================================================================================

========================================================================================================
Variant per_feature  Seed 3
Architecture d_model=128  n_heads=4  n_layers=1  d_ff=512  dropout=0.1932463503076242
n_mlp_layers=1  lambda_aux=0.2581555135909056  top_k_attention=50  min_firms_attention=30
Optimiser lr=2.77e-04  wd=1.12e-06  grad_clip=1.4536113506685124  patience=15
Loss MSRR (1 - r_pf)^2 + lambda_aux (1 - r_base)^2  lambda_aux=0.2581555135909056
 Data train_months=252  val_months=60
 Model 388,612 trainable parameters
========================================================================================================
Epoch TrnTotal  TrnMain   TrnAux    ValLoss  Corr6m  Base6m   Adj6m         LR   GNorm
--------------------------------------------------------------------------------------------------------
    1 1.008961 0.776305 0.901227   0.952026  0.1178  0.0883  0.1221   5.55e-05  3.5369
    2 0.647031 0.462896 0.713272   0.766943  0.1047  0.0948  0.0838   1.11e-04  8.4756
    3 0.487775 0.344932 0.553322   0.725300  0.1097  0.0995  0.0663   1.66e-04 12.3774
    4 0.445704 0.311902 0.518300   0.878814  0.1194  0.1081  0.0614   2.22e-04 15.8343
    5 0.607868 0.461358 0.567527   0.792127  0.1146  0.1122  0.0273   2.77e-04 14.7448
    6 0.566728 0.441284 0.485922   0.906093  0.1259  0.1195  0.0760   2.77e-04 18.3316  *
    7 0.467798 0.353605 0.442341   0.775046  0.1170  0.1143  0.0779   2.77e-04 11.1277  *
    8 0.318294 0.242545 0.293421   1.077661  0.1252  0.1223  0.0887   2.77e-04  8.1085
    9 0.325285 0.245460 0.309211   1.183860  0.1092  0.1103  0.0745   2.77e-04  9.0174
   10 0.291101 0.212623 0.303995   1.254501  0.1145  0.1135  0.0613   2.77e-04  8.3646
   11 0.355631 0.278119 0.300253   1.412983  0.1165  0.1146  0.0513   2.77e-04 13.7062
   12 0.273645 0.207013 0.258108   1.030650  0.1130  0.1149  0.0165   2.77e-04  9.0268
   13 0.260354 0.196820 0.246110   0.870479  0.1178  0.1200  0.0428   2.77e-04  8.4042
   14 0.191505 0.139656 0.200842   1.423396  0.1108  0.1120  0.0599   2.77e-04  5.5545
   15 0.515258 0.417557 0.378457   1.208796  0.1239  0.1253  0.0723   2.77e-04 11.3704
   16 0.378492 0.304296 0.287408   1.390555  0.1189  0.1208  0.0551   2.77e-04 12.2645
   17 0.207672 0.152631 0.213210   1.420316  0.1169  0.1157  0.0656   2.77e-04  7.1902
   18 0.194416 0.146168 0.186893   1.322033  0.1200  0.1204  0.0705   1.39e-04  6.3375
   19 0.161485 0.125790 0.138271   0.970645  0.1198  0.1216  0.0511   1.39e-04  5.5511
   20 0.142123 0.102179 0.154728   1.640608  0.1189  0.1204  0.0591   1.39e-04  5.2561
   21 0.134406 0.099762 0.134199   1.306264  0.1168  0.1169  0.0605   1.39e-04  7.1346
   22 0.152103 0.110274 0.162031   1.473837  0.1183  0.1178  0.0631   1.39e-04  5.4141
--------------------------------------------------------------------------------------------------------
Early stopping at epoch 22  (patience=15  best_epoch=7  best_val_loss=0.775046)
========================================================================================================
 Test Results  (per_feature, seed3)
--------------------------------------------------------------------------------------------------------
Test MSRR loss           0.443013
Test rank corr 6m         0.1248
Test base corr 6m         0.1195
Test adj corr 6m          0.0957
--------------------------------------------------------------------------------------------------------
Best val loss 0.775046  (epoch 7)
Stopped epoch 22
Training time 425.3 seconds
--------------------------------------------------------------------------------------------------------
Weights results1/transformer/weights_per_feature_seed3.safetensors
Metrics results1/transformer/metrics_per_feature_seed3.json
========================================================================================================

========================================================================================================
Variant per_feature  Seed 4
Architecture d_model=128  n_heads=4  n_layers=1  d_ff=512  dropout=0.1932463503076242
n_mlp_layers=1  lambda_aux=0.2581555135909056  top_k_attention=50  min_firms_attention=30
Optimiser lr=2.77e-04  wd=1.12e-06  grad_clip=1.4536113506685124  patience=15
Loss MSRR (1 - r_pf)^2 + lambda_aux (1 - r_base)^2  lambda_aux=0.2581555135909056
 Data train_months=252  val_months=60
 Model 388,612 trainable parameters
========================================================================================================
Epoch TrnTotal  TrnMain   TrnAux    ValLoss  Corr6m  Base6m   Adj6m         LR   GNorm
--------------------------------------------------------------------------------------------------------
    1 0.982797 0.756079 0.878224   0.952110  0.1068  0.0798  0.1135   5.55e-05  3.4492
    2 0.663998 0.484242 0.696308   0.843603  0.0988  0.0925  0.0763   1.11e-04  7.6895
    3 0.438824 0.297871 0.546000   0.822866  0.1123  0.1026  0.0606   1.66e-04  9.7765
    4 0.525637 0.380555 0.561997   0.639676  0.1163  0.1126  0.0371   2.22e-04 16.5027
    5 0.566057 0.441763 0.481469   0.955957  0.1242  0.1195  0.0615   2.77e-04 15.9737
    6 0.439853 0.349465 0.350130   0.856229  0.1133  0.1157  0.0588   2.77e-04 12.7790  *
    7 0.331085 0.250697 0.311391   1.066981  0.1193  0.1193  0.0331   2.77e-04  9.5668
    8 0.316069 0.244378 0.277705   0.996723  0.1126  0.1147  0.0423   2.77e-04  8.9752
    9 0.286110 0.219329 0.258685   0.801994  0.1193  0.1186  0.0570   2.77e-04  8.4696  *
   10 0.322755 0.249804 0.282585   1.003274  0.1114  0.1148  0.0606   2.77e-04  9.0857
   11 0.266902 0.208485 0.226289   0.705493  0.1115  0.1156  0.0591   2.77e-04  6.5265  *
   12 0.250187 0.194116 0.217198   1.303834  0.1009  0.1083  0.0129   2.77e-04  6.4609
   13 0.314198 0.248236 0.255511   1.181492  0.1103  0.1158  0.0483   2.77e-04 10.6957
   14 0.244333 0.185275 0.228771   1.013300  0.1040  0.1136  0.0328   2.77e-04  6.8845
   15 0.214643 0.155711 0.228281   0.746826  0.1009  0.1110  0.0062   2.77e-04  6.8255
   16 0.191867 0.143756 0.186364   1.491359  0.1082  0.1168  0.0043   2.77e-04  5.9432
   17 0.282513 0.227146 0.214474   0.861853  0.1073  0.1194  0.0294   2.77e-04 13.4641
   18 0.189679 0.145944 0.169413   1.000695  0.1119  0.1197  0.0331   2.77e-04  5.9069
   19 0.169295 0.128253 0.158985   1.076299  0.1102  0.1168  0.0262   2.77e-04  5.1648
   20 0.192986 0.147182 0.177430   1.181931  0.1015  0.1165  0.0174   2.77e-04  5.2872
   21 0.175420 0.135756 0.153641   0.842594  0.1037  0.1153  0.0212   2.77e-04  6.1721
   22 0.148625 0.109853 0.150189   1.000238  0.0959  0.1101 -0.0017   1.39e-04  4.4587
   23 0.153145 0.113002 0.155498   1.092771  0.1061  0.1157  0.0023   1.39e-04  5.2440
   24 0.110973 0.082532 0.110168   1.208843  0.1018  0.1114  0.0137   1.39e-04  3.6688
   25 0.134185 0.102652 0.122147   1.125950  0.1110  0.1165 -0.0022   1.39e-04  5.4364
   26 0.130648 0.102593 0.108675   1.111996  0.1096  0.1167 -0.0113   1.39e-04  4.9844
--------------------------------------------------------------------------------------------------------
Early stopping at epoch 26  (patience=15  best_epoch=11  best_val_loss=0.705493)
========================================================================================================
 Test Results  (per_feature, seed4)
--------------------------------------------------------------------------------------------------------
Test MSRR loss           0.556083
Test rank corr 6m         0.1222
Test base corr 6m         0.1191
Test adj corr 6m          0.0954
--------------------------------------------------------------------------------------------------------
Best val loss 0.705493  (epoch 11)
Stopped epoch 26
Training time 490.0 seconds
--------------------------------------------------------------------------------------------------------
Weights results1/transformer/weights_per_feature_seed4.safetensors
Metrics results1/transformer/metrics_per_feature_seed4.json
========================================================================================================

applied tuned hyperparameters for ple from results1/transformer/transformer-hpt/best_params_ple.json
========================================================================================================
Variant ple  Seed 0
Architecture d_model=128  n_heads=2  n_layers=1  d_ff=512  dropout=0.2358205266849464
n_mlp_layers=1  lambda_aux=0.2107537786870879  top_k_attention=50  min_firms_attention=30
Optimiser lr=6.13e-05  wd=1.61e-05  grad_clip=2.575991835581958  patience=15
Loss MSRR (1 - r_pf)^2 + lambda_aux (1 - r_base)^2  lambda_aux=0.2107537786870879
 Data train_months=252  val_months=60
 Model 906,756 trainable parameters
========================================================================================================
Epoch TrnTotal  TrnMain   TrnAux    ValLoss  Corr6m  Base6m   Adj6m         LR   GNorm
--------------------------------------------------------------------------------------------------------
    1 0.970135 0.784077 0.882818   0.934036  0.1340  0.1159  0.1294   1.23e-05  2.9285
    2 0.676941 0.519854 0.745358   0.756158  0.1305  0.1261  0.1031   2.45e-05  4.2741
    3 0.385662 0.271754 0.540477   0.576218  0.1310  0.1331  0.0911   3.68e-05  6.2216
    4 0.224886 0.153818 0.337210   0.531423  0.1018  0.1191  0.0501   4.91e-05  6.5906
    5 0.157483 0.111885 0.216356   0.458721  0.0902  0.1164  0.0436   6.13e-05  5.9098
    6 0.109596 0.081320 0.134164   0.433877  0.0705  0.0930  0.0394   6.13e-05  5.6090  *
    7 0.114364 0.092231 0.105022   0.504902  0.0997  0.1155  0.0663   6.13e-05  6.5918
    8 0.065652 0.050187 0.073381   0.704092  0.0909  0.1045  0.0652   6.13e-05  4.1293
    9 0.076355 0.062847 0.064092   0.635539  0.0797  0.0974  0.0516   6.13e-05  5.5608
   10 0.068234 0.055422 0.060789   0.517380  0.0855  0.1017  0.0562   6.13e-05  5.0083
   11 0.043902 0.034119 0.046419   0.534493  0.0868  0.1119  0.0418   6.13e-05  3.0118
   12 0.059641 0.048402 0.053329   0.578562  0.0994  0.1172  0.0669   6.13e-05  3.9951
   13 0.055250 0.045197 0.047698   0.592150  0.0909  0.1047  0.0668   6.13e-05  3.6628
   14 0.041121 0.033147 0.037838   0.469695  0.0965  0.1150  0.0674   6.13e-05  2.8934
   15 0.043121 0.035168 0.037737   0.649918  0.0850  0.1059  0.0521   6.13e-05  2.9984
   16 0.045367 0.036710 0.041076   0.695043  0.0940  0.1096  0.0709   6.13e-05  3.3729
   17 0.035488 0.028257 0.034310   0.736295  0.0909  0.1056  0.0670   3.07e-05  2.6182
   18 0.026575 0.021148 0.025752   0.586477  0.0854  0.1036  0.0601   3.07e-05  1.9977
   19 0.023146 0.018362 0.022699   0.509073  0.0893  0.1072  0.0633   3.07e-05  1.7548
   20 0.021983 0.017792 0.019884   0.530947  0.0855  0.1008  0.0634   3.07e-05  1.9186
   21 0.020572 0.016769 0.018043   0.542841  0.0900  0.1077  0.0645   3.07e-05  1.6252
--------------------------------------------------------------------------------------------------------
Early stopping at epoch 21  (patience=15  best_epoch=6  best_val_loss=0.433877)
========================================================================================================
 Test Results  (ple, seed0)
--------------------------------------------------------------------------------------------------------
Test MSRR loss           0.302742
Test rank corr 6m         0.0831
Test base corr 6m         0.1037
Test adj corr 6m          0.0511
--------------------------------------------------------------------------------------------------------
Best val loss 0.433877  (epoch 6)
Stopped epoch 21
Training time 309.7 seconds
--------------------------------------------------------------------------------------------------------
Weights results1/transformer/weights_ple_seed0.safetensors
Metrics results1/transformer/metrics_ple_seed0.json
========================================================================================================

========================================================================================================
Variant ple  Seed 1
Architecture d_model=128  n_heads=2  n_layers=1  d_ff=512  dropout=0.2358205266849464
n_mlp_layers=1  lambda_aux=0.2107537786870879  top_k_attention=50  min_firms_attention=30
Optimiser lr=6.13e-05  wd=1.61e-05  grad_clip=2.575991835581958  patience=15
Loss MSRR (1 - r_pf)^2 + lambda_aux (1 - r_base)^2  lambda_aux=0.2107537786870879
 Data train_months=252  val_months=60
 Model 906,756 trainable parameters
========================================================================================================
Epoch TrnTotal  TrnMain   TrnAux    ValLoss  Corr6m  Base6m   Adj6m         LR   GNorm
--------------------------------------------------------------------------------------------------------
    1 0.996898 0.813451 0.870434   0.967357  0.1255  0.1069  0.1224   1.23e-05  2.7327
    2 0.715630 0.557065 0.752372   0.770020  0.1299  0.1250  0.1055   2.45e-05  3.9902
    3 0.430741 0.311813 0.564298   0.611536  0.1155  0.1329  0.0625   3.68e-05  6.5323
    4 0.253961 0.175371 0.372897   0.613281  0.1006  0.1246  0.0446   4.91e-05  7.2314
    5 0.150862 0.106291 0.211484   0.776066  0.0923  0.1132  0.0463   6.13e-05  6.2011
    6 0.114758 0.086911 0.132131   0.698112  0.0840  0.1062  0.0461   6.13e-05  5.2132  *
    7 0.112917 0.093742 0.090983   0.674311  0.0954  0.1107  0.0639   6.13e-05  4.5952  *
    8 0.080270 0.063849 0.077914   0.862067  0.0862  0.0984  0.0616   6.13e-05  5.5616
    9 0.057413 0.045930 0.054487   0.782735  0.0841  0.0985  0.0541   6.13e-05  4.1029
   10 0.064841 0.053864 0.052083   0.731694  0.0837  0.0963  0.0601   6.13e-05  4.5325
   11 0.053680 0.043208 0.049685   0.825310  0.0769  0.0931  0.0468   6.13e-05  4.0871
   12 0.061806 0.051052 0.051024   0.548199  0.0899  0.1119  0.0540   6.13e-05  4.1884  *
   13 0.044187 0.035785 0.039863   0.573635  0.0920  0.1142  0.0540   6.13e-05  3.2427
   14 0.061237 0.051434 0.046514   0.700794  0.0871  0.1063  0.0552   6.13e-05  3.9490
   15 0.053132 0.043727 0.044624   0.663698  0.0818  0.0995  0.0504   6.13e-05  3.5645
   16 0.036586 0.029170 0.035188   0.830339  0.0917  0.1091  0.0592   6.13e-05  2.7482
   17 0.036472 0.029137 0.034802   0.895761  0.0875  0.1030  0.0621   6.13e-05  2.5359
   18 0.034365 0.027809 0.031110   0.725664  0.0977  0.1156  0.0665   6.13e-05  2.3248
   19 0.032318 0.026245 0.028817   0.746856  0.0888  0.1038  0.0624   6.13e-05  2.1789
   20 0.030741 0.023762 0.033114   0.556203  0.0809  0.1058  0.0404   6.13e-05  1.9541
   21 0.036692 0.030121 0.031179   0.994976  0.0852  0.1037  0.0559   6.13e-05  2.4965
   22 0.028747 0.023235 0.026154   0.946190  0.0913  0.1100  0.0598   6.13e-05  1.9031
   23 0.034372 0.027678 0.031763   0.702930  0.0850  0.1041  0.0529   3.07e-05  2.2168
   24 0.024132 0.019629 0.021368   0.711883  0.0832  0.1052  0.0481   3.07e-05  1.5084
   25 0.015876 0.012568 0.015695   0.729156  0.0896  0.1081  0.0577   3.07e-05  1.1915
   26 0.014501 0.011472 0.014369   0.786973  0.0944  0.1133  0.0626   3.07e-05  1.2006
   27 0.013997 0.010996 0.014241   0.528170  0.0919  0.1101  0.0585   3.07e-05  1.1697  *
   28 0.015596 0.012324 0.015522   0.702019  0.0869  0.1075  0.0533   3.07e-05  1.1361
   29 0.013450 0.010715 0.012978   0.810233  0.0824  0.1029  0.0535   3.07e-05  1.0936
   30 0.014273 0.010995 0.015553   0.601871  0.0808  0.1042  0.0450   3.07e-05  1.1169
   31 0.014218 0.011341 0.013652   0.797397  0.0879  0.1093  0.0532   3.07e-05  1.2259
   32 0.012641 0.009822 0.013374   0.941098  0.0744  0.0983  0.0388   3.07e-05  1.0926
   33 0.017020 0.013718 0.015666   0.719661  0.0716  0.0969  0.0357   3.07e-05  1.2844
   34 0.014630 0.011783 0.013509   0.914751  0.0727  0.0988  0.0366   3.07e-05  1.0527
   35 0.014482 0.011502 0.014141   0.684834  0.0875  0.1081  0.0559   3.07e-05  1.1664
   36 0.012913 0.010249 0.012643   0.816189  0.0765  0.0987  0.0454   3.07e-05  1.0447
   37 0.011764 0.009200 0.012165   0.697776  0.0828  0.1040  0.0524   3.07e-05  0.9162
   38 0.011782 0.009341 0.011582   0.522247  0.0845  0.1063  0.0544   3.07e-05  0.9116  *
   39 0.014457 0.011385 0.014579   0.624097  0.0808  0.1042  0.0471   3.07e-05  1.0786
   40 0.014032 0.011176 0.013553   0.631518  0.0889  0.1102  0.0570   3.07e-05  1.1900
   41 0.012245 0.009720 0.011982   0.544412  0.0781  0.1012  0.0455   3.07e-05  0.9771
   42 0.009662 0.007681 0.009401   0.522530  0.0730  0.0972  0.0434   3.07e-05  0.8272
   43 0.011426 0.009165 0.010730   0.607039  0.0806  0.1033  0.0510   3.07e-05  0.9452
   44 0.011826 0.009408 0.011477   0.528426  0.0785  0.1019  0.0464   3.07e-05  0.9940
   45 0.011639 0.009182 0.011657   0.624098  0.0805  0.1039  0.0487   3.07e-05  0.9476
   46 0.014031 0.011320 0.012865   0.657924  0.0747  0.0997  0.0422   3.07e-05  1.1066
   47 0.011910 0.009479 0.011532   0.609198  0.0784  0.1042  0.0452   3.07e-05  0.9238
   48 0.010923 0.008685 0.010620   0.539908  0.0846  0.1080  0.0536   3.07e-05  0.8681
   49 0.010363 0.008217 0.010179   0.630890  0.0744  0.0991  0.0425   1.53e-05  0.8691
   50 0.011015 0.008881 0.010122   0.602687  0.0778  0.1026  0.0459   1.53e-05  0.8717
   51 0.007668 0.006074 0.007565   0.640760  0.0763  0.0995  0.0463   1.53e-05  0.6500
   52 0.006817 0.005219 0.007584   0.619541  0.0839  0.1062  0.0516   1.53e-05  0.6458
   53 0.007294 0.005822 0.006983   0.564921  0.0800  0.1026  0.0505   1.53e-05  0.6277
--------------------------------------------------------------------------------------------------------
Early stopping at epoch 53  (patience=15  best_epoch=38  best_val_loss=0.522247)
========================================================================================================
 Test Results  (ple, seed1)
--------------------------------------------------------------------------------------------------------
Test MSRR loss           0.381912
Test rank corr 6m         0.0931
Test base corr 6m         0.1119
Test adj corr 6m          0.0660
--------------------------------------------------------------------------------------------------------
Best val loss 0.522247  (epoch 38)
Stopped epoch 53
Training time 779.9 seconds
--------------------------------------------------------------------------------------------------------
Weights results1/transformer/weights_ple_seed1.safetensors
Metrics results1/transformer/metrics_ple_seed1.json
========================================================================================================

========================================================================================================
Variant ple  Seed 2
Architecture d_model=128  n_heads=2  n_layers=1  d_ff=512  dropout=0.2358205266849464
n_mlp_layers=1  lambda_aux=0.2107537786870879  top_k_attention=50  min_firms_attention=30
Optimiser lr=6.13e-05  wd=1.61e-05  grad_clip=2.575991835581958  patience=15
Loss MSRR (1 - r_pf)^2 + lambda_aux (1 - r_base)^2  lambda_aux=0.2107537786870879
 Data train_months=252  val_months=60
 Model 906,756 trainable parameters
========================================================================================================
Epoch TrnTotal  TrnMain   TrnAux    ValLoss  Corr6m  Base6m   Adj6m         LR   GNorm
--------------------------------------------------------------------------------------------------------
    1 0.979413 0.792670 0.886071   0.961954  0.1293  0.1184  0.1220   1.23e-05  2.7523
    2 0.695964 0.535626 0.760786   0.784269  0.1260  0.1332  0.0957   2.45e-05  4.5596
    3 0.424065 0.306969 0.555605   0.723071  0.1113  0.1338  0.0585   3.68e-05  6.7213
    4 0.228927 0.151293 0.368363   0.752125  0.0708  0.1114  0.0152   4.91e-05  5.5736
    5 0.149734 0.103309 0.220280   0.645653  0.0735  0.1007  0.0227   6.13e-05  4.2902
    6 0.091500 0.064193 0.129564   0.830418  0.0843  0.1096  0.0316   6.13e-05  4.6099  *
    7 0.065200 0.045126 0.095250   0.732972  0.0870  0.1036  0.0433   6.13e-05  3.9211  *
    8 0.051928 0.037365 0.069104   0.588414  0.0579  0.0812  0.0155   6.13e-05  3.2679  *
    9 0.058226 0.045917 0.058406   0.679597  0.0747  0.0909  0.0384   6.13e-05  3.4346
   10 0.043745 0.033287 0.049619   0.663710  0.0574  0.0764  0.0231   6.13e-05  2.5851
   11 0.035716 0.026241 0.044958   0.628304  0.0670  0.0850  0.0304   6.13e-05  2.2470
   12 0.044579 0.036416 0.038732   0.705250  0.0658  0.0813  0.0363   6.13e-05  2.6295
   13 0.040112 0.031789 0.039493   0.663770  0.0648  0.0809  0.0378   6.13e-05  2.6893
   14 0.060078 0.050376 0.046037   0.593066  0.0688  0.0887  0.0325   6.13e-05  2.9529
   15 0.034908 0.028313 0.031292   0.635885  0.0663  0.0868  0.0340   6.13e-05  2.8195
   16 0.036416 0.029556 0.032552   0.700599  0.0721  0.0893  0.0412   6.13e-05  2.2676
   17 0.038977 0.031757 0.034261   0.582317  0.0686  0.0886  0.0364   6.13e-05  2.4429  *
   18 0.028724 0.022621 0.028955   0.605344  0.0632  0.0845  0.0328   6.13e-05  1.8031
   19 0.028104 0.022433 0.026907   0.782170  0.0663  0.0867  0.0312   6.13e-05  1.9358
   20 0.021367 0.016434 0.023407   0.673967  0.0696  0.0891  0.0370   6.13e-05  1.5056
   21 0.027138 0.022308 0.022919   0.584497  0.0610  0.0790  0.0329   6.13e-05  1.8125
   22 0.034079 0.027555 0.030955   0.627122  0.0776  0.0889  0.0552   6.13e-05  2.3001
   23 0.022439 0.017480 0.023530   0.644365  0.0658  0.0815  0.0412   6.13e-05  1.6147
   24 0.029798 0.024332 0.025939   0.644410  0.0826  0.0937  0.0634   6.13e-05  1.7334
   25 0.024350 0.019664 0.022236   0.621785  0.0710  0.0870  0.0473   6.13e-05  1.6926
   26 0.023333 0.018706 0.021951   0.892097  0.0825  0.0990  0.0515   6.13e-05  1.5078
   27 0.019852 0.015128 0.022413   0.671997  0.0818  0.0990  0.0557   6.13e-05  1.3899
   28 0.023677 0.018825 0.023021   0.649207  0.0639  0.0841  0.0309   3.07e-05  1.3841
   29 0.017869 0.014416 0.016385   0.682793  0.0802  0.0982  0.0507   3.07e-05  1.1578
   30 0.013949 0.011145 0.013305   0.691153  0.0741  0.0893  0.0503   3.07e-05  1.0198
   31 0.011291 0.008666 0.012455   0.672184  0.0728  0.0913  0.0452   3.07e-05  0.9480
   32 0.010476 0.008288 0.010378   0.636678  0.0735  0.0887  0.0497   3.07e-05  0.8803
--------------------------------------------------------------------------------------------------------
Early stopping at epoch 32  (patience=15  best_epoch=17  best_val_loss=0.582317)
========================================================================================================
 Test Results  (ple, seed2)
--------------------------------------------------------------------------------------------------------
Test MSRR loss           0.320799
Test rank corr 6m         0.0754
Test base corr 6m         0.0979
Test adj corr 6m          0.0409
--------------------------------------------------------------------------------------------------------
Best val loss 0.582317  (epoch 17)
Stopped epoch 32
Training time 471.3 seconds
--------------------------------------------------------------------------------------------------------
Weights results1/transformer/weights_ple_seed2.safetensors
Metrics results1/transformer/metrics_ple_seed2.json
========================================================================================================

========================================================================================================
Variant ple  Seed 3
Architecture d_model=128  n_heads=2  n_layers=1  d_ff=512  dropout=0.2358205266849464
n_mlp_layers=1  lambda_aux=0.2107537786870879  top_k_attention=50  min_firms_attention=30
Optimiser lr=6.13e-05  wd=1.61e-05  grad_clip=2.575991835581958  patience=15
Loss MSRR (1 - r_pf)^2 + lambda_aux (1 - r_base)^2  lambda_aux=0.2107537786870879
 Data train_months=252  val_months=60
 Model 906,756 trainable parameters
========================================================================================================
Epoch TrnTotal  TrnMain   TrnAux    ValLoss  Corr6m  Base6m   Adj6m         LR   GNorm
--------------------------------------------------------------------------------------------------------
    1 1.001336 0.814228 0.887805   0.955004  0.1253  0.1078  0.1197   1.23e-05  2.8021
    2 0.704102 0.546380 0.748372   0.797389  0.1265  0.1279  0.1019   2.45e-05  4.5124
    3 0.437342 0.328272 0.517522   0.720912  0.1186  0.1291  0.0831   3.68e-05  6.7283
    4 0.260667 0.185475 0.356777   0.607392  0.0842  0.1174  0.0250   4.91e-05  5.7418
    5 0.161813 0.112917 0.232006   0.707472  0.0796  0.1071  0.0241   6.13e-05  5.7170
    6 0.097407 0.066473 0.146778   0.605976  0.0934  0.1151  0.0472   6.13e-05  4.7744  *
    7 0.092590 0.070385 0.105360   0.891180  0.0933  0.1104  0.0573   6.13e-05  5.3516
    8 0.072611 0.056258 0.077591   1.250690  0.0785  0.0968  0.0439   6.13e-05  4.3631
    9 0.067365 0.052846 0.068889   0.900716  0.0921  0.1076  0.0622   6.13e-05  4.2425
   10 0.050086 0.039438 0.050524   0.781940  0.0641  0.0850  0.0270   6.13e-05  3.7003
   11 0.043462 0.033606 0.046765   1.009633  0.0885  0.1088  0.0484   6.13e-05  3.1998
   12 0.044798 0.034425 0.049220   0.830153  0.0849  0.1049  0.0467   6.13e-05  2.9331
   13 0.043128 0.034564 0.040636   0.560832  0.0694  0.0909  0.0353   6.13e-05  3.0762  *
   14 0.035056 0.027426 0.036207   0.982123  0.0658  0.0881  0.0304   6.13e-05  2.5458
   15 0.034151 0.027339 0.032325   0.767634  0.0856  0.1054  0.0491   6.13e-05  2.4898
   16 0.034277 0.027477 0.032266   1.244647  0.0957  0.1143  0.0612   6.13e-05  2.4160
   17 0.049414 0.039895 0.045168   1.244252  0.0835  0.0987  0.0541   6.13e-05  3.3615
   18 0.031472 0.025381 0.028902   1.314811  0.0849  0.1026  0.0534   6.13e-05  2.1690
   19 0.024328 0.018735 0.026537   1.014347  0.0787  0.0952  0.0500   6.13e-05  1.8740
   20 0.035445 0.028476 0.033069   0.914590  0.0785  0.0982  0.0425   6.13e-05  2.0409
   21 0.032445 0.025596 0.032499   1.163528  0.0864  0.1044  0.0538   6.13e-05  2.2913
   22 0.027457 0.021940 0.026180   0.931758  0.0883  0.1079  0.0521   6.13e-05  1.8706
   23 0.034224 0.028033 0.029379   1.204028  0.0724  0.0886  0.0504   6.13e-05  2.3884
   24 0.026114 0.021014 0.024199   0.999457  0.0867  0.1050  0.0525   3.07e-05  1.8343
   25 0.016902 0.013408 0.016576   1.059732  0.0867  0.1033  0.0557   3.07e-05  1.3739
   26 0.013021 0.010366 0.012597   0.998119  0.0849  0.1006  0.0578   3.07e-05  1.1706
   27 0.017189 0.013918 0.015520   1.163559  0.0817  0.0977  0.0550   3.07e-05  1.3802
   28 0.012512 0.009983 0.011998   0.793763  0.0793  0.0989  0.0459   3.07e-05  1.0845
--------------------------------------------------------------------------------------------------------
Early stopping at epoch 28  (patience=15  best_epoch=13  best_val_loss=0.560832)
========================================================================================================
 Test Results  (ple, seed3)
--------------------------------------------------------------------------------------------------------
Test MSRR loss           0.243042
Test rank corr 6m         0.0735
Test base corr 6m         0.0957
Test adj corr 6m          0.0386
--------------------------------------------------------------------------------------------------------
Best val loss 0.560832  (epoch 13)
Stopped epoch 28
Training time 402.4 seconds
--------------------------------------------------------------------------------------------------------
Weights results1/transformer/weights_ple_seed3.safetensors
Metrics results1/transformer/metrics_ple_seed3.json
========================================================================================================

========================================================================================================
Variant ple  Seed 4
Architecture d_model=128  n_heads=2  n_layers=1  d_ff=512  dropout=0.2358205266849464
n_mlp_layers=1  lambda_aux=0.2107537786870879  top_k_attention=50  min_firms_attention=30
Optimiser lr=6.13e-05  wd=1.61e-05  grad_clip=2.575991835581958  patience=15
Loss MSRR (1 - r_pf)^2 + lambda_aux (1 - r_base)^2  lambda_aux=0.2107537786870879
 Data train_months=252  val_months=60
 Model 906,756 trainable parameters
========================================================================================================
Epoch TrnTotal  TrnMain   TrnAux    ValLoss  Corr6m  Base6m   Adj6m         LR   GNorm
--------------------------------------------------------------------------------------------------------
    1 0.991080 0.806961 0.873619   0.973852  0.1290  0.1041  0.1251   1.23e-05  2.7317
    2 0.735575 0.575662 0.758767   0.795785  0.1338  0.1327  0.1036   2.45e-05  4.3606
    3 0.464846 0.346211 0.562911   0.675310  0.1130  0.1335  0.0614   3.68e-05  6.4874
    4 0.244475 0.164057 0.381575   0.609066  0.0951  0.1286  0.0421   4.91e-05  5.9965
    5 0.133178 0.088193 0.213450   0.721742  0.0959  0.1173  0.0467   6.13e-05  5.7966
    6 0.106309 0.078718 0.130917   0.610191  0.0950  0.1112  0.0617   6.13e-05  5.0903  *
    7 0.073605 0.056523 0.081052   0.609236  0.0835  0.1036  0.0440   6.13e-05  4.4993  *
    8 0.076271 0.062979 0.063068   0.973690  0.0909  0.1052  0.0620   6.13e-05  5.3727
    9 0.049394 0.037678 0.055589   0.649222  0.0694  0.0899  0.0335   6.13e-05  3.4594
   10 0.043487 0.034504 0.042625   0.559094  0.0774  0.0971  0.0398   6.13e-05  3.1076  *
   11 0.054981 0.044800 0.048305   0.466426  0.0764  0.0996  0.0346   6.13e-05  3.7439  *
   12 0.044505 0.035555 0.042464   0.534050  0.0721  0.0919  0.0413   6.13e-05  2.9646
   13 0.033814 0.026231 0.035979   0.610846  0.0693  0.0872  0.0393   6.13e-05  2.3987
   14 0.032447 0.025708 0.031976   0.610506  0.0769  0.0956  0.0458   6.13e-05  2.4342
   15 0.042445 0.033354 0.043139   0.673556  0.0781  0.0985  0.0432   6.13e-05  2.7124
   16 0.031345 0.025199 0.029160   0.735591  0.0933  0.1121  0.0588   6.13e-05  2.0930
   17 0.037635 0.031299 0.030062   0.658203  0.0849  0.1004  0.0611   6.13e-05  2.7287
   18 0.025855 0.020174 0.026957   0.566486  0.0856  0.0999  0.0609   6.13e-05  1.9343
   19 0.039663 0.032842 0.032364   0.787753  0.0949  0.1087  0.0704   6.13e-05  2.4942
   20 0.042020 0.034826 0.034137   0.727250  0.0823  0.1022  0.0528   6.13e-05  2.2974
   21 0.029593 0.023330 0.029719   0.683104  0.0870  0.1053  0.0592   6.13e-05  1.7980
   22 0.045512 0.037403 0.038475   0.696459  0.0895  0.1047  0.0619   3.07e-05  2.8523
   23 0.024935 0.019886 0.023952   0.656652  0.0836  0.1001  0.0570   3.07e-05  1.6904
   24 0.015681 0.012303 0.016028   0.612402  0.0741  0.0891  0.0510   3.07e-05  1.3084
   25 0.016917 0.013941 0.014121   0.610838  0.0744  0.0922  0.0468   3.07e-05  1.5037
   26 0.010255 0.007923 0.011069   0.649503  0.0750  0.0916  0.0498   3.07e-05  0.9912
--------------------------------------------------------------------------------------------------------
Early stopping at epoch 26  (patience=15  best_epoch=11  best_val_loss=0.466426)
========================================================================================================
 Test Results  (ple, seed4)
--------------------------------------------------------------------------------------------------------
Test MSRR loss           0.239648
Test rank corr 6m         0.0837
Test base corr 6m         0.1098
Test adj corr 6m          0.0379
--------------------------------------------------------------------------------------------------------
Best val loss 0.466426  (epoch 11)
Stopped epoch 26
Training time 373.9 seconds
--------------------------------------------------------------------------------------------------------
Weights results1/transformer/weights_ple_seed4.safetensors
Metrics results1/transformer/metrics_ple_seed4.json
========================================================================================================

applied tuned hyperparameters for periodic from results1/transformer/transformer-hpt/best_params_periodic.json
========================================================================================================
Variant periodic  Seed 0
Architecture d_model=96  n_heads=8  n_layers=3  d_ff=192  dropout=0.3373956389034174
n_mlp_layers=2  lambda_aux=0.1868645639124415  top_k_attention=50  min_firms_attention=30
Optimiser lr=3.00e-04  wd=2.68e-04  grad_clip=4.410204978127994  patience=15
Loss MSRR (1 - r_pf)^2 + lambda_aux (1 - r_base)^2  lambda_aux=0.1868645639124415
 Data train_months=252  val_months=60
 Model 641,028 trainable parameters
========================================================================================================
Epoch TrnTotal  TrnMain   TrnAux    ValLoss  Corr6m  Base6m   Adj6m         LR   GNorm
--------------------------------------------------------------------------------------------------------
    1 1.026449 0.840175 0.996842   1.014582  0.0988  0.0423  0.0987   6.01e-05  1.4570
    2 0.771166 0.586117 0.990282   0.889417  0.0828  0.1057  0.0820   1.20e-04  4.3941
    3 0.602290 0.417937 0.986556   0.870564  0.0597  0.1058  0.0581   1.80e-04  8.6133
    4 0.489183 0.305216 0.984494   0.977472  0.0691  0.1149  0.0672   2.40e-04  7.5312
    5 0.455538 0.273562 0.973835   0.896249  0.0444  0.1157  0.0416   3.00e-04  6.8556
    6 0.374616 0.196306 0.954219   0.756902  0.0766  0.1147  0.0727   3.00e-04  6.0326  *
    7 0.331765 0.158222 0.928713   0.796758  0.0561  0.1066  0.0494   3.00e-04  4.7129
    8 0.277352 0.112212 0.883738   0.691561  0.0673  0.1020  0.0562   3.00e-04  4.5175  *
    9 0.282861 0.131948 0.807608   0.584023  0.1034  0.1071  0.0899   3.00e-04  6.3438  *
   10 0.247015 0.116795 0.696865   0.565484  0.0709  0.1027  0.0477   3.00e-04  5.3668  *
   11 0.233720 0.117451 0.622206   0.710935  0.0695  0.1112  0.0201   3.00e-04  6.0370
   12 0.240955 0.123915 0.626336   0.889777  0.0712  0.1047  0.0290   3.00e-04  6.8796
   13 0.191201 0.088368 0.550307   0.571523  0.0775  0.1140  0.0244   3.00e-04  4.8340
   14 0.190543 0.096085 0.505487   0.788389  0.0841  0.1194  0.0144   3.00e-04  5.4651
   15 0.199646 0.107159 0.494939   0.677475  0.1008  0.1226  0.0241   3.00e-04  6.4618
   16 0.181540 0.092588 0.476024   0.628316  0.0857  0.1208  0.0304   3.00e-04  5.3583
   17 0.160818 0.076968 0.448722   0.638588  0.0998  0.1280 -0.0364   3.00e-04  5.0179
   18 0.160708 0.082472 0.418679   0.671409  0.0934  0.1254 -0.0100   3.00e-04  4.6045
   19 0.155793 0.075840 0.427864   0.773809  0.0900  0.1243 -0.0278   3.00e-04  4.8453
   20 0.174160 0.099653 0.398720   0.872873  0.1117  0.1327  0.0243   3.00e-04  5.9326
   21 0.189794 0.110376 0.425003   0.867947  0.0914  0.1282 -0.0296   1.50e-04  5.7184
   22 0.136366 0.063428 0.390325   0.858464  0.0985  0.1281 -0.0145   1.50e-04  3.9096
   23 0.128131 0.052130 0.406716   0.920468  0.1015  0.1266 -0.0303   1.50e-04  3.6659
   24 0.110486 0.046851 0.340543   0.928232  0.0958  0.1288 -0.0274   1.50e-04  3.4653
   25 0.111002 0.037860 0.391418   0.717508  0.1065  0.1275 -0.0175   1.50e-04  3.2754
--------------------------------------------------------------------------------------------------------
Early stopping at epoch 25  (patience=15  best_epoch=10  best_val_loss=0.565484)
========================================================================================================
 Test Results  (periodic, seed0)
--------------------------------------------------------------------------------------------------------
Test MSRR loss           0.692006
Test rank corr 6m         0.1432
Test base corr 6m         0.1172
Test adj corr 6m          0.1333
--------------------------------------------------------------------------------------------------------
Best val loss 0.565484  (epoch 10)
Stopped epoch 25
Training time 1126.1 seconds
--------------------------------------------------------------------------------------------------------
Weights results1/transformer/weights_periodic_seed0.safetensors
Metrics results1/transformer/metrics_periodic_seed0.json
========================================================================================================

========================================================================================================
Variant periodic  Seed 1
Architecture d_model=96  n_heads=8  n_layers=3  d_ff=192  dropout=0.3373956389034174
n_mlp_layers=2  lambda_aux=0.1868645639124415  top_k_attention=50  min_firms_attention=30
Optimiser lr=3.00e-04  wd=2.68e-04  grad_clip=4.410204978127994  patience=15
Loss MSRR (1 - r_pf)^2 + lambda_aux (1 - r_base)^2  lambda_aux=0.1868645639124415
 Data train_months=252  val_months=60
 Model 641,028 trainable parameters
========================================================================================================
Epoch TrnTotal  TrnMain   TrnAux    ValLoss  Corr6m  Base6m   Adj6m         LR   GNorm
--------------------------------------------------------------------------------------------------------
    1 1.024740 0.839136 0.993257   1.018717  0.0636  0.0412  0.0635   6.01e-05  1.6054
    2 0.786024 0.602303 0.983180   0.788218  0.0982  0.0472  0.0983   1.20e-04  3.5450
    3 0.581140 0.399792 0.970477   0.811368  0.1035  0.0563  0.1033   1.80e-04  8.9746
    4 0.702432 0.524025 0.954739   0.691495  0.1203  0.0579  0.1195   2.40e-04 10.5072
    5 0.480724 0.305131 0.939680   0.651824  0.1287  0.0680  0.1280   3.00e-04 10.0095
    6 0.430399 0.260630 0.908516   0.720812  0.0818  0.0700  0.0760   3.00e-04  9.5137  *
    7 0.393426 0.231944 0.864164   0.600949  0.1002  0.0851  0.0917   3.00e-04 10.7656  *
    8 0.421690 0.269172 0.816194   0.780722  0.1055  0.0894  0.1070   3.00e-04 10.4586
    9 0.268412 0.132715 0.726179   0.704115  0.1182  0.0940  0.1155   3.00e-04  6.5264
   10 0.297305 0.173315 0.663528   0.629805  0.0847  0.1057  0.0509   3.00e-04  9.7867
   11 0.229433 0.117926 0.596730   0.660856  0.1089  0.1092  0.0817   3.00e-04  5.9972
   12 0.246758 0.138717 0.578180   0.922392  0.1215  0.1157  0.0760   3.00e-04  7.5403
   13 0.210378 0.110556 0.534194   0.670767  0.1057  0.1121  0.0902   3.00e-04  4.4163
   14 0.209233 0.117999 0.488234   0.912795  0.1004  0.1242  0.0223   3.00e-04  5.9901
   15 0.185152 0.094350 0.485924   0.716075  0.1088  0.1174  0.0732   3.00e-04  5.1731
   16 0.193972 0.113165 0.432436   0.714338  0.1273  0.1207  0.0956   3.00e-04  5.7771
   17 0.162303 0.084043 0.418806   0.703876  0.1139  0.1197  0.0712   3.00e-04  5.1008
   18 0.173052 0.096457 0.409895   0.687455  0.1102  0.1170  0.0496   1.50e-04  4.9296
   19 0.131522 0.059130 0.387408   0.659371  0.1150  0.1168  0.0620   1.50e-04  3.6183
   20 0.118592 0.047828 0.378691   0.719141  0.1151  0.1199  0.0558   1.50e-04  3.6894
   21 0.120467 0.057510 0.336911   0.759710  0.1174  0.1156  0.0711   1.50e-04  5.0802
   22 0.132992 0.064774 0.365062   0.782231  0.1172  0.1205  0.0414   1.50e-04  5.8946
--------------------------------------------------------------------------------------------------------
Early stopping at epoch 22  (patience=15  best_epoch=7  best_val_loss=0.600949)
========================================================================================================
 Test Results  (periodic, seed1)
--------------------------------------------------------------------------------------------------------
Test MSRR loss           1.102274
Test rank corr 6m         0.1485
Test base corr 6m         0.0877
Test adj corr 6m          0.1379
--------------------------------------------------------------------------------------------------------
Best val loss 0.600949  (epoch 7)
Stopped epoch 22
Training time 993.4 seconds
--------------------------------------------------------------------------------------------------------
Weights results1/transformer/weights_periodic_seed1.safetensors
Metrics results1/transformer/metrics_periodic_seed1.json
========================================================================================================

========================================================================================================
Variant periodic  Seed 2
Architecture d_model=96  n_heads=8  n_layers=3  d_ff=192  dropout=0.3373956389034174
n_mlp_layers=2  lambda_aux=0.1868645639124415  top_k_attention=50  min_firms_attention=30
Optimiser lr=3.00e-04  wd=2.68e-04  grad_clip=4.410204978127994  patience=15
Loss MSRR (1 - r_pf)^2 + lambda_aux (1 - r_base)^2  lambda_aux=0.1868645639124415
 Data train_months=252  val_months=60
 Model 641,028 trainable parameters
========================================================================================================
Epoch TrnTotal  TrnMain   TrnAux    ValLoss  Corr6m  Base6m   Adj6m         LR   GNorm
--------------------------------------------------------------------------------------------------------
    1 1.046649 0.859780 1.000023   1.006112  0.0958  0.0320  0.0960   6.01e-05  1.3531
    2 0.785405 0.599973 0.992334   0.910296  0.1090  0.0762  0.1090   1.20e-04  3.4805
    3 0.629346 0.445189 0.985515   0.867213  0.0938  0.0881  0.0934   1.80e-04  5.7508
    4 0.509147 0.324501 0.988128   0.794317  0.0881  0.0898  0.0877   2.40e-04  7.2296
    5 0.444345 0.260247 0.985195   0.727393  0.1017  0.1014  0.0999   3.00e-04  8.6177
    6 0.375600 0.191789 0.983660   0.608670  0.0871  0.1040  0.0855   3.00e-04  7.1399  *
    7 0.316307 0.133502 0.978273   0.732091  0.1208  0.1104  0.1198   3.00e-04  5.5112
    8 0.303509 0.122908 0.966478   0.702926  0.0993  0.1099  0.0981   3.00e-04  6.0165
    9 0.298674 0.119428 0.959227   0.670738  0.1042  0.1083  0.1024   3.00e-04  5.2960
   10 0.267741 0.093069 0.934755   0.789727  0.0828  0.1098  0.0782   3.00e-04  5.1598
   11 0.263536 0.091060 0.923003   0.750526  0.0928  0.1081  0.0846   3.00e-04  4.2603
   12 0.253521 0.085873 0.897162   1.011144  0.0705  0.1080  0.0640   3.00e-04  3.8234
   13 0.226447 0.065202 0.862897   0.653056  0.0800  0.1070  0.0656   3.00e-04  3.3729
   14 0.228241 0.071584 0.838344   0.660263  0.0984  0.1045  0.0889   3.00e-04  3.3970
   15 0.216979 0.070745 0.782564   1.017407  0.0783  0.1067  0.0556   3.00e-04  3.3962
   16 0.195381 0.066854 0.687809   0.732909  0.0784  0.1076  0.0485   3.00e-04  3.6082
   17 0.196819 0.086316 0.591354   0.618009  0.0926  0.1119  0.0637   1.50e-04  4.6111
   18 0.174001 0.064009 0.588617   0.723675  0.0855  0.1169  0.0510   1.50e-04  4.1954
   19 0.138278 0.043341 0.508054   0.594245  0.0837  0.1189  0.0392   1.50e-04  3.0947  *
   20 0.151712 0.045511 0.568327   0.846279  0.0886  0.1181  0.0448   1.50e-04  4.0260
   21 0.128813 0.034090 0.506904   0.625012  0.0902  0.1222  0.0451   1.50e-04  3.0584
   22 0.124191 0.032639 0.489936   0.657760  0.0921  0.1233  0.0322   1.50e-04  3.1948
   23 0.140841 0.048820 0.492446   0.762719  0.0893  0.1211  0.0547   1.50e-04  4.5047
   24 0.111288 0.028457 0.443265   0.703789  0.0902  0.1234  0.0183   1.50e-04  3.2908
   25 0.109489 0.032380 0.412646   0.632640  0.1050  0.1270  0.0395   1.50e-04  3.5633
   26 0.106308 0.027031 0.424251   0.706179  0.0949  0.1264  0.0242   1.50e-04  3.0804
   27 0.106202 0.029697 0.409415   0.585455  0.1006  0.1263  0.0296   1.50e-04  3.3632  *
   28 0.116421 0.033580 0.443320   0.717076  0.0900  0.1264  0.0318   1.50e-04  3.6156
   29 0.100135 0.023860 0.408187   0.738580  0.0822  0.1286  0.0189   1.50e-04  3.1268
   30 0.109134 0.031883 0.413406   0.587022  0.1137  0.1270  0.0256   1.50e-04  3.5604
   31 0.103272 0.029532 0.394618   0.703115  0.0928  0.1287  0.0264   1.50e-04  3.2227
   32 0.095702 0.021881 0.395050   0.550038  0.0969  0.1255  0.0046   1.50e-04  2.7521  *
   33 0.111939 0.035430 0.409436   0.574602  0.1166  0.1292  0.0242   1.50e-04  4.4460
   34 0.092800 0.023087 0.373068   0.666484  0.0982  0.1282  0.0103   1.50e-04  2.9333
   35 0.103145 0.031239 0.384804   0.761713  0.0970  0.1284  0.0132   1.50e-04  3.8371
   36 0.103488 0.031031 0.387754   0.558712  0.1029  0.1300  0.0081   1.50e-04  3.7249
   37 0.095545 0.024862 0.378256   0.569386  0.0980  0.1302  0.0155   1.50e-04  2.9782
   38 0.112412 0.033498 0.422304   0.614832  0.1050  0.1302 -0.0041   1.50e-04  3.9458
   39 0.096915 0.028038 0.368592   0.570599  0.0858  0.1302 -0.0123   1.50e-04  3.0865
   40 0.096839 0.026130 0.378398   0.709620  0.0943  0.1270  0.0107   1.50e-04  3.1267
   41 0.090843 0.026210 0.345883   0.594077  0.0917  0.1277 -0.0038   1.50e-04  3.2874
   42 0.098272 0.026504 0.384063   0.649498  0.0893  0.1266 -0.0049   1.50e-04  3.4011
   43 0.087471 0.022192 0.349335   0.733920  0.0957  0.1256  0.0097   7.51e-05  2.9169
   44 0.075585 0.014444 0.327196   0.796023  0.0994  0.1267  0.0152   7.51e-05  2.4726
   45 0.080139 0.012547 0.361716   0.811096  0.0903  0.1259 -0.0033   7.51e-05  2.8414
   46 0.077555 0.013997 0.340131   0.778827  0.0889  0.1269 -0.0059   7.51e-05  2.7581
   47 0.078498 0.012554 0.352899   0.771884  0.0966  0.1262  0.0061   7.51e-05  3.0967
--------------------------------------------------------------------------------------------------------
Early stopping at epoch 47  (patience=15  best_epoch=32  best_val_loss=0.550038)
========================================================================================================
 Test Results  (periodic, seed2)
--------------------------------------------------------------------------------------------------------
Test MSRR loss           2.938250
Test rank corr 6m         0.1425
Test base corr 6m         0.1267
Test adj corr 6m          0.0828
--------------------------------------------------------------------------------------------------------
Best val loss 0.550038  (epoch 32)
Stopped epoch 47
Training time 2116.6 seconds
--------------------------------------------------------------------------------------------------------
Weights results1/transformer/weights_periodic_seed2.safetensors
Metrics results1/transformer/metrics_periodic_seed2.json
========================================================================================================

========================================================================================================
Variant periodic  Seed 3
Architecture d_model=96  n_heads=8  n_layers=3  d_ff=192  dropout=0.3373956389034174
n_mlp_layers=2  lambda_aux=0.1868645639124415  top_k_attention=50  min_firms_attention=30
Optimiser lr=3.00e-04  wd=2.68e-04  grad_clip=4.410204978127994  patience=15
Loss MSRR (1 - r_pf)^2 + lambda_aux (1 - r_base)^2  lambda_aux=0.1868645639124415
 Data train_months=252  val_months=60
 Model 641,028 trainable parameters
========================================================================================================
Epoch TrnTotal  TrnMain   TrnAux    ValLoss  Corr6m  Base6m   Adj6m         LR   GNorm
--------------------------------------------------------------------------------------------------------
    1 1.033193 0.847722 0.992542   1.034227  0.0775  0.0536  0.0775   6.01e-05  1.4060
    2 0.775444 0.589472 0.995225   1.012188  0.0560  0.0941  0.0544   1.20e-04  6.3453
    3 0.614173 0.430172 0.984679   0.998529  0.1220  0.0972  0.1213   1.80e-04  7.9156
    4 0.524658 0.341393 0.980742   0.905724  0.1007  0.0894  0.0994   2.40e-04  6.7952
    5 0.425862 0.244508 0.970513   0.822898  0.0526  0.0913  0.0484   3.00e-04  7.2764
    6 0.362049 0.185260 0.946080   0.844675  0.0978  0.0890  0.0970   3.00e-04  5.7289  *
    7 0.291722 0.119279 0.922821   0.711617  0.1023  0.0923  0.1009   3.00e-04  4.9957  *
    8 0.252155 0.088413 0.876260   0.766622  0.0894  0.0862  0.0843   3.00e-04  3.9587
    9 0.252067 0.098892 0.819708   0.824103  0.0877  0.0861  0.0818   3.00e-04  4.1101
   10 0.346646 0.122848 1.197652   1.049538  0.1062  0.0867  0.1054   3.00e-04  6.1666
   11 0.209164 0.086023 0.658985   1.138569  0.0927  0.0939  0.0781   3.00e-04  4.5081
   12 0.230768 0.109511 0.648903   0.725104  0.1149  0.1045  0.1104   3.00e-04  6.3859
   13 0.205148 0.099146 0.567271   0.540219  0.0875  0.1042  0.0696   3.00e-04  4.5487  *
   14 0.205110 0.104790 0.536858   1.144176  0.0785  0.1080  0.0220   3.00e-04  5.9025
   15 0.175842 0.079475 0.515708   1.252786  0.0711  0.1051  0.0322   3.00e-04  5.0232
   16 0.165420 0.071309 0.503632   0.818913  0.0644  0.1097  0.0105   3.00e-04  4.5692
   17 0.173959 0.078877 0.508828   1.142944  0.0829  0.1154  0.0067   3.00e-04  5.8520
   18 0.173321 0.087304 0.460320   0.906392  0.0806  0.1206  0.0083   3.00e-04  5.2906
   19 0.157993 0.070338 0.469082   0.895491  0.0995  0.1199  0.0187   3.00e-04  4.6666
   20 0.158938 0.073415 0.457675   0.793708  0.0935  0.1185  0.0093   3.00e-04  4.1719
   21 0.152148 0.069988 0.439680   1.871785  0.0923  0.1189  0.0012   3.00e-04  4.7144
   22 0.133372 0.052382 0.433414   0.784609  0.0976  0.1239  0.0020   3.00e-04  4.0672
   23 0.143692 0.068697 0.401334   0.624533  0.0980  0.1221  0.0360   3.00e-04  4.1357
   24 0.135631 0.058818 0.411061   0.548929  0.0979  0.1264  0.0120   1.50e-04  3.7786
   25 0.110349 0.034692 0.404877   0.532728  0.0921  0.1249 -0.0082   1.50e-04  2.8189  *
   26 0.110815 0.035396 0.403606   0.540850  0.1104  0.1250  0.0161   1.50e-04  2.9282
   27 0.099456 0.028202 0.381311   0.592051  0.1056  0.1253 -0.0092   1.50e-04  2.8205
   28 0.103739 0.031733 0.385338   0.585315  0.1015  0.1258  0.0029   1.50e-04  2.9720
   29 0.097634 0.029807 0.362977   0.598426  0.0950  0.1276  0.0013   1.50e-04  2.5353
   30 0.097098 0.026062 0.380147   0.649570  0.1113  0.1291  0.0048   1.50e-04  2.9087
   31 0.116487 0.048561 0.363504   0.620881  0.1084  0.1284 -0.0097   1.50e-04  4.4840
   32 0.089054 0.023861 0.348881   0.669676  0.1037  0.1285 -0.0096   1.50e-04  2.7555
   33 0.102306 0.033002 0.370878   0.798082  0.0999  0.1288 -0.0043   1.50e-04  3.2615
   34 0.088426 0.019960 0.366395   0.552233  0.1030  0.1275 -0.0046   1.50e-04  2.6245
   35 0.084532 0.021772 0.335861   0.637257  0.0984  0.1222 -0.0072   1.50e-04  2.6897
   36 0.078121 0.021463 0.303199   0.931989  0.1042  0.1276 -0.0034   7.51e-05  2.2936
   37 0.082806 0.021427 0.328469   0.814033  0.1056  0.1276 -0.0034   7.51e-05  2.4677
   38 0.070881 0.016228 0.292473   0.731256  0.1108  0.1285 -0.0018   7.51e-05  2.1577
   39 0.072020 0.013052 0.315568   0.581515  0.1037  0.1277 -0.0044   7.51e-05  2.4072
   40 0.073282 0.013051 0.322326   0.813646  0.1035  0.1265  0.0011   7.51e-05  2.1553
--------------------------------------------------------------------------------------------------------
Early stopping at epoch 40  (patience=15  best_epoch=25  best_val_loss=0.532728)
========================================================================================================
 Test Results  (periodic, seed3)
--------------------------------------------------------------------------------------------------------
Test MSRR loss           1.098533
Test rank corr 6m         0.1262
Test base corr 6m         0.1223
Test adj corr 6m          0.0398
--------------------------------------------------------------------------------------------------------
Best val loss 0.532728  (epoch 25)
Stopped epoch 40
Training time 1801.9 seconds
--------------------------------------------------------------------------------------------------------
Weights results1/transformer/weights_periodic_seed3.safetensors
Metrics results1/transformer/metrics_periodic_seed3.json
========================================================================================================

========================================================================================================
Variant periodic  Seed 4
Architecture d_model=96  n_heads=8  n_layers=3  d_ff=192  dropout=0.3373956389034174
n_mlp_layers=2  lambda_aux=0.1868645639124415  top_k_attention=50  min_firms_attention=30
Optimiser lr=3.00e-04  wd=2.68e-04  grad_clip=4.410204978127994  patience=15
Loss MSRR (1 - r_pf)^2 + lambda_aux (1 - r_base)^2  lambda_aux=0.1868645639124415
 Data train_months=252  val_months=60
 Model 641,028 trainable parameters
========================================================================================================
Epoch TrnTotal  TrnMain   TrnAux    ValLoss  Corr6m  Base6m   Adj6m         LR   GNorm
--------------------------------------------------------------------------------------------------------
    1 1.018013 0.831488 0.998179   1.024473  0.0942  0.0548  0.0942   6.01e-05  1.5252
    2 0.781415 0.596282 0.990732   0.951463  0.1153  0.0818  0.1152   1.20e-04  4.4030
    3 0.592527 0.408426 0.985207   0.825221  0.0823  0.1008  0.0819   1.80e-04  5.5101
    4 0.537432 0.354225 0.980424   1.012861  0.1311  0.1000  0.1291   2.40e-04  8.6618
    5 0.457568 0.275749 0.972996   0.915255  0.1081  0.0993  0.1065   3.00e-04  9.5529
    6 0.398421 0.218962 0.960368   0.721582  0.1149  0.0993  0.1133   3.00e-04  8.2520  *
    7 0.317557 0.140969 0.945002   0.702703  0.0649  0.0984  0.0580   3.00e-04  6.2569  *
    8 0.353490 0.181855 0.918496   0.748053  0.0853  0.0978  0.0783   3.00e-04  7.0076
    9 0.262046 0.095787 0.889728   0.708448  0.0700  0.0893  0.0600   3.00e-04  4.3570
   10 0.264696 0.107355 0.842009   0.808896  0.0953  0.0838  0.0962   3.00e-04  4.3246
   11 0.233254 0.085545 0.790457   0.621627  0.0834  0.0846  0.0698   3.00e-04  3.9284  *
   12 0.253324 0.117380 0.727499   0.826016  0.0661  0.0930  0.0488   3.00e-04  5.2033
   13 0.223317 0.095596 0.683493   0.678548  0.0974  0.0930  0.0895   3.00e-04  4.4573
   14 0.232770 0.113876 0.636259   0.675278  0.0622  0.0995  0.0128   3.00e-04  5.5625
   15 0.199936 0.091643 0.579526   0.802758  0.0514  0.0939 -0.0066   3.00e-04  4.9364
   16 0.198152 0.089924 0.579175   1.123123  0.0737  0.1009  0.0236   3.00e-04  4.9312
   17 0.184737 0.086851 0.523830   0.838222  0.0930  0.1077  0.0304   3.00e-04  5.0960
   18 0.167284 0.074796 0.494949   0.656643  0.0993  0.1079  0.0403   3.00e-04  3.9021
   19 0.151160 0.063107 0.471212   0.819487  0.0962  0.1125  0.0209   3.00e-04  4.3313
   20 0.161715 0.077620 0.450028   0.702416  0.0817  0.1107  0.0249   3.00e-04  4.9562
   21 0.176345 0.094498 0.438002   0.759716  0.0979  0.1112  0.0168   3.00e-04  5.1306
   22 0.163638 0.082134 0.436169   0.821919  0.0867  0.1126  0.0187   1.50e-04  5.2310
   23 0.126655 0.044760 0.438263   0.732945  0.1037  0.1163 -0.0051   1.50e-04  3.6064
   24 0.108044 0.035133 0.390181   0.696550  0.1008  0.1164  0.0028   1.50e-04  2.9303
   25 0.106525 0.039839 0.356866   0.718153  0.1135  0.1164  0.0204   1.50e-04  4.3746
   26 0.106273 0.039377 0.357989   0.658966  0.1033  0.1149 -0.0061   1.50e-04  3.4532
--------------------------------------------------------------------------------------------------------
Early stopping at epoch 26  (patience=15  best_epoch=11  best_val_loss=0.621627)
========================================================================================================
 Test Results  (periodic, seed4)
--------------------------------------------------------------------------------------------------------
Test MSRR loss           0.553617
Test rank corr 6m         0.1165
Test base corr 6m         0.0975
Test adj corr 6m          0.0998
--------------------------------------------------------------------------------------------------------
Best val loss 0.621627  (epoch 11)
Stopped epoch 26
Training time 1172.6 seconds
--------------------------------------------------------------------------------------------------------
Weights results1/transformer/weights_periodic_seed4.safetensors
Metrics results1/transformer/metrics_periodic_seed4.json
========================================================================================================

applied tuned hyperparameters for fourier from results1/transformer/transformer-hpt/best_params_fourier.json
========================================================================================================
Variant fourier  Seed 0
Architecture d_model=128  n_heads=8  n_layers=1  d_ff=512  dropout=0.21055143098130855
n_mlp_layers=2  lambda_aux=0.1185801650879991  top_k_attention=50  min_firms_attention=30
Optimiser lr=8.20e-04  wd=7.12e-07  grad_clip=0.41875280562786965  patience=15
Loss MSRR (1 - r_pf)^2 + lambda_aux (1 - r_base)^2  lambda_aux=0.1185801650879991
 Data train_months=252  val_months=60
 Model 764,932 trainable parameters
========================================================================================================
Epoch TrnTotal  TrnMain   TrnAux    ValLoss  Corr6m  Base6m   Adj6m         LR   GNorm
--------------------------------------------------------------------------------------------------------
    1 0.817739 0.699203 0.999630   0.820263  0.0950  0.1160  0.0949   1.64e-04  2.1198
    2 0.532626 0.414416 0.996874   0.800509  0.1053  0.0866  0.1053   3.28e-04  5.7456
    3 0.434415 0.316041 0.998263   0.900621  0.0877  0.0908  0.0876   4.92e-04  7.1180
    4 0.550746 0.432128 1.000316   0.701439  0.1027  0.0840  0.1027   6.56e-04 18.6791
    5 0.379840 0.261202 1.000491   1.470097  0.0933  0.0505  0.0933   8.20e-04  7.1262
    6 0.387847 0.269216 1.000429   0.902682  0.1002  0.0504  0.1002   8.20e-04  7.3587  *
    7 0.347345 0.229040 0.997680   0.759183  0.1045  0.0795  0.1045   8.20e-04  6.2909  *
    8 0.436362 0.317439 1.002891   0.700405  0.0992  0.1176  0.0992   8.20e-04  6.7450  *
    9 0.294690 0.175704 1.003427   0.745046  0.1070  0.0418  0.1070   8.20e-04  5.1050
   10 0.258811 0.139702 1.004461   0.718370  0.1157  0.0395  0.1158   8.20e-04  3.2973
   11 0.272796 0.153916 1.002532   0.758405  0.1199  0.0418  0.1199   8.20e-04  3.8327
   12 0.215957 0.097075 1.002544   0.761162  0.1005  0.0427  0.1005   8.20e-04  2.7446
   13 0.253520 0.135240 0.997469   0.722533  0.1041  0.1037  0.1041   8.20e-04  3.5645
   14 0.215864 0.097717 0.996349   0.600407  0.0884  0.0757  0.0884   8.20e-04  2.5362  *
   15 0.245338 0.126662 1.000807   0.674359  0.0981  0.0798  0.0981   8.20e-04  2.9421
   16 0.217487 0.099400 0.995838   0.664665  0.0996  0.0902  0.0996   8.20e-04  2.8827
   17 0.218781 0.100419 0.998163   0.744010  0.1127  0.0715  0.1126   8.20e-04  2.3724
   18 0.211050 0.092431 1.000326   1.026790  0.0963  0.0922  0.0963   8.20e-04  2.1773
   19 0.183823 0.065043 1.001683   1.504385  0.0902  0.0999  0.0902   8.20e-04  1.6434
   20 0.210048 0.091603 0.998858   0.934904  0.1053  0.1003  0.1053   8.20e-04  2.1177
   21 0.197972 0.079470 0.999345   0.812205  0.0821  0.1036  0.0820   8.20e-04  1.7983
   22 0.217274 0.098572 1.001024   0.695118  0.1027  0.0956  0.1026   8.20e-04  2.0767
   23 0.157246 0.039397 0.993828   0.815004  0.1104  0.0956  0.1104   8.20e-04  0.9881
   24 0.171221 0.053383 0.993741   0.762644  0.1077  0.1057  0.1075   8.20e-04  1.4570
   25 0.174338 0.056595 0.992940   0.943840  0.1222  0.0994  0.1221   4.10e-04  1.3490
   26 0.140218 0.022548 0.992331   0.842078  0.1273  0.1026  0.1272   4.10e-04  0.5971
   27 0.133523 0.016964 0.982949   0.742591  0.1301  0.1030  0.1300   4.10e-04  0.4373
   28 0.128008 0.011977 0.978496   0.907319  0.1292  0.1037  0.1291   4.10e-04  0.3742
   29 0.126623 0.012304 0.964068   0.727716  0.1210  0.0956  0.1207   4.10e-04  0.3394
--------------------------------------------------------------------------------------------------------
Early stopping at epoch 29  (patience=15  best_epoch=14  best_val_loss=0.600407)
========================================================================================================
 Test Results  (fourier, seed0)
--------------------------------------------------------------------------------------------------------
Test MSRR loss           0.814114
Test rank corr 6m         0.1196
Test base corr 6m         0.0803
Test adj corr 6m          0.1195
--------------------------------------------------------------------------------------------------------
Best val loss 0.600407  (epoch 14)
Stopped epoch 29
Training time 715.3 seconds
--------------------------------------------------------------------------------------------------------
Weights results1/transformer/weights_fourier_seed0.safetensors
Metrics results1/transformer/metrics_fourier_seed0.json
========================================================================================================

========================================================================================================
Variant fourier  Seed 1
Architecture d_model=128  n_heads=8  n_layers=1  d_ff=512  dropout=0.21055143098130855
n_mlp_layers=2  lambda_aux=0.1185801650879991  top_k_attention=50  min_firms_attention=30
Optimiser lr=8.20e-04  wd=7.12e-07  grad_clip=0.41875280562786965  patience=15
Loss MSRR (1 - r_pf)^2 + lambda_aux (1 - r_base)^2  lambda_aux=0.1185801650879991
 Data train_months=252  val_months=60
 Model 764,932 trainable parameters
========================================================================================================
Epoch TrnTotal  TrnMain   TrnAux    ValLoss  Corr6m  Base6m   Adj6m         LR   GNorm
--------------------------------------------------------------------------------------------------------
    1 0.846518 0.728399 0.996108   0.847763  0.1104  0.0341  0.1104   1.64e-04  1.7896
    2 0.536563 0.418261 0.997652   0.709449  0.0927  0.0522  0.0927   3.28e-04  4.5704
    3 0.390623 0.272100 0.999522   0.790625  0.1103  0.0459  0.1103   4.92e-04  5.7427
    4 0.384425 0.266016 0.998555   0.804531  0.0754  0.0401  0.0754   6.56e-04  6.1479
    5 0.375249 0.256675 0.999947   0.781773  0.0997  0.0721  0.0997   8.20e-04  6.3322
    6 0.294757 0.176216 0.999670   0.842991  0.0665  0.0610  0.0665   8.20e-04  4.9422  *
    7 0.317496 0.198785 1.001104   0.803943  0.0862  0.0891  0.0862   8.20e-04  5.9556  *
    8 0.319058 0.200317 1.001363   0.745258  0.1057  0.1100  0.1057   8.20e-04  5.7096  *
    9 0.257166 0.138329 1.002165   1.182944  0.0674  0.0907  0.0674   8.20e-04  3.5608
   10 0.231864 0.112962 1.002718   1.067415  0.0279  0.0457  0.0279   8.20e-04  3.3032
   11 0.232836 0.113943 1.002641   0.949212  0.0517  0.0425  0.0517   8.20e-04  2.8024
   12 0.254254 0.135447 1.001914   0.935969  0.0583  0.0440  0.0583   8.20e-04  4.3023
   13 0.262277 0.143948 0.997880   0.783379  0.0890  0.1110  0.0889   8.20e-04  3.2524
   14 0.228288 0.109499 1.001762   0.740108  0.0351  0.0445  0.0351   8.20e-04  2.6607  *
   15 0.256576 0.138010 0.999879   0.764405  0.0495  0.0895  0.0495   8.20e-04  3.2352
   16 0.198340 0.079527 1.001963   0.727504  0.0617  0.1066  0.0616   8.20e-04  1.9583  *
   17 0.192320 0.074079 0.997144   0.820396  0.0796  0.0982  0.0795   8.20e-04  2.2549
   18 0.182224 0.063790 0.998766   0.891007  0.0736  0.1143  0.0735   8.20e-04  1.6619
   19 0.181013 0.062576 0.998799   0.913198  0.0628  0.1013  0.0626   8.20e-04  1.6159
   20 0.169187 0.050467 1.001179   1.436524  0.0359  0.1034  0.0357   8.20e-04  1.2034
   21 0.162135 0.043898 0.997108   1.215209  0.0700  0.1098  0.0699   8.20e-04  1.2314
   22 0.172783 0.054726 0.995590   0.826675  0.0796  0.1082  0.0794   8.20e-04  1.4412
   23 0.161246 0.042940 0.997691   1.368815  0.0707  0.1032  0.0706   8.20e-04  1.1742
   24 0.172518 0.054466 0.995542   0.596816  0.0906  0.1079  0.0904   8.20e-04  1.1843  *
   25 0.184829 0.066933 0.994235   0.773470  0.0647  0.1015  0.0644   8.20e-04  1.4888
   26 0.159571 0.041626 0.994646   0.798578  0.0713  0.1066  0.0710   8.20e-04  1.0735
   27 0.154443 0.037179 0.988901   0.836205  0.0415  0.0961  0.0411   8.20e-04  0.9235
   28 0.156633 0.039897 0.984445   0.925194  0.0632  0.0923  0.0624   8.20e-04  0.9207
   29 0.148968 0.032823 0.979459   1.503058  0.0696  0.0893  0.0687   8.20e-04  0.7923
   30 0.140650 0.024629 0.978421   0.750254  0.0906  0.0951  0.0898   8.20e-04  0.6361
   31 0.138962 0.024169 0.968058   1.040583  0.0442  0.0885  0.0425   8.20e-04  0.6009
   32 0.151024 0.037727 0.955444   0.764625  0.0552  0.0894  0.0534   8.20e-04  0.7552
   33 0.137629 0.025366 0.946725   0.737948  0.0721  0.0906  0.0697   8.20e-04  0.5849
   34 0.136968 0.026843 0.928700   0.925616  0.0768  0.0960  0.0737   8.20e-04  0.7314
   35 0.144696 0.036721 0.910568   0.876817  0.0728  0.0869  0.0693   4.10e-04  1.1006
   36 0.120522 0.016338 0.878597   0.881971  0.0806  0.0933  0.0758   4.10e-04  0.3703
   37 0.111762 0.010603 0.853085   1.058649  0.0920  0.0986  0.0850   4.10e-04  0.3648
   38 0.110191 0.010355 0.841925   0.908034  0.0896  0.0976  0.0834   4.10e-04  0.3047
   39 0.107004 0.010211 0.816267   1.032811  0.0883  0.0971  0.0791   4.10e-04  0.3748
--------------------------------------------------------------------------------------------------------
Early stopping at epoch 39  (patience=15  best_epoch=24  best_val_loss=0.596816)
========================================================================================================
 Test Results  (fourier, seed1)
--------------------------------------------------------------------------------------------------------
Test MSRR loss           0.606944
Test rank corr 6m         0.1157
Test base corr 6m         0.1066
Test adj corr 6m          0.1156
--------------------------------------------------------------------------------------------------------
Best val loss 0.596816  (epoch 24)
Stopped epoch 39
Training time 937.5 seconds
--------------------------------------------------------------------------------------------------------
Weights results1/transformer/weights_fourier_seed1.safetensors
Metrics results1/transformer/metrics_fourier_seed1.json
========================================================================================================

========================================================================================================
Variant fourier  Seed 2
Architecture d_model=128  n_heads=8  n_layers=1  d_ff=512  dropout=0.21055143098130855
n_mlp_layers=2  lambda_aux=0.1185801650879991  top_k_attention=50  min_firms_attention=30
Optimiser lr=8.20e-04  wd=7.12e-07  grad_clip=0.41875280562786965  patience=15
Loss MSRR (1 - r_pf)^2 + lambda_aux (1 - r_base)^2  lambda_aux=0.1185801650879991
 Data train_months=252  val_months=60
 Model 764,932 trainable parameters
========================================================================================================
Epoch TrnTotal  TrnMain   TrnAux    ValLoss  Corr6m  Base6m   Adj6m         LR   GNorm
--------------------------------------------------------------------------------------------------------
    1 0.825602 0.707307 0.997592   0.807083  0.1013  0.0564  0.1013   1.64e-04  2.1443
    2 0.597111 0.478525 1.000049   0.862743  0.0921  0.0724  0.0921   3.28e-04  6.4081
    3 0.459597 0.340619 1.003352   0.971683  0.0976  0.0945  0.0976   4.92e-04  5.8801
    4 0.383157 0.264770 0.998369   0.741771  0.1044  0.1173  0.1043   6.56e-04  6.2042
    5 0.404291 0.286340 0.994695   0.885918  0.1059  0.1122  0.1058   8.20e-04  5.8864
    6 0.435021 0.316932 0.995854   0.955480  0.0986  0.0630  0.0986   8.20e-04  6.5917  *
    7 0.385244 0.266799 0.998860   0.832213  0.1187  0.0652  0.1187   8.20e-04  5.7797  *
    8 0.323900 0.205476 0.998683   0.794672  0.0571  0.0651  0.0571   8.20e-04  5.8098  *
    9 0.278924 0.159870 1.003993   0.906620  0.0379  0.0656  0.0379   8.20e-04  3.7396
   10 0.264027 0.145296 1.001268   0.949606  0.1033  0.1307  0.1033   8.20e-04  3.8186
   11 0.264186 0.145941 0.997169   0.678239  0.0964  0.1024  0.0964   8.20e-04  3.6267  *
   12 0.242052 0.123131 1.002869   1.195329  0.0937  0.1066  0.0937   8.20e-04  2.8798
   13 0.220226 0.102326 0.994269   0.683552  0.0461  0.0748  0.0460   8.20e-04  2.3487
   14 0.216668 0.097934 1.001303   0.582059  0.0826  0.0955  0.0824   8.20e-04  2.5020  *
   15 0.270293 0.151489 1.001889   1.095378  0.0519  0.0929  0.0517   8.20e-04  5.5099
   16 0.187128 0.069047 0.995788   0.798393  0.0552  0.0996  0.0550   8.20e-04  1.5397
   17 0.183159 0.064672 0.999219   0.686237  0.0820  0.0986  0.0819   8.20e-04  1.2859
   18 0.187516 0.069361 0.996413   0.900667  0.0638  0.1003  0.0636   8.20e-04  1.5305
   19 0.196365 0.078264 0.995963   0.668005  0.0658  0.1022  0.0656   8.20e-04  1.5154
   20 0.201027 0.082907 0.996115   0.816694  0.0924  0.1130  0.0922   8.20e-04  2.2380
   21 0.180090 0.062005 0.995827   1.102658  0.0682  0.1059  0.0679   8.20e-04  1.2979
   22 0.167750 0.049941 0.993496   0.983356  0.0448  0.1127  0.0443   8.20e-04  1.2114
   23 0.175845 0.058362 0.990751   0.673465  0.0613  0.1055  0.0609   8.20e-04  1.1179
   24 0.173326 0.056420 0.985886   0.875023  0.0695  0.1091  0.0691   8.20e-04  1.2344
   25 0.158795 0.042266 0.982704   0.633323  0.0751  0.1094  0.0745   4.10e-04  0.8826
   26 0.144989 0.029429 0.974531   0.696905  0.0681  0.1057  0.0671   4.10e-04  0.6283
   27 0.132939 0.018698 0.963409   0.919619  0.0815  0.1075  0.0804   4.10e-04  0.4582
   28 0.131274 0.018170 0.953826   0.951688  0.0888  0.1077  0.0878   4.10e-04  0.4771
   29 0.127802 0.016289 0.940398   0.813385  0.0960  0.1077  0.0943   4.10e-04  0.4453
--------------------------------------------------------------------------------------------------------
Early stopping at epoch 29  (patience=15  best_epoch=14  best_val_loss=0.582059)
========================================================================================================
 Test Results  (fourier, seed2)
--------------------------------------------------------------------------------------------------------
Test MSRR loss           0.630246
Test rank corr 6m         0.1167
Test base corr 6m         0.1015
Test adj corr 6m          0.1167
--------------------------------------------------------------------------------------------------------
Best val loss 0.582059  (epoch 14)
Stopped epoch 29
Training time 698.2 seconds
--------------------------------------------------------------------------------------------------------
Weights results1/transformer/weights_fourier_seed2.safetensors
Metrics results1/transformer/metrics_fourier_seed2.json
========================================================================================================

========================================================================================================
Variant fourier  Seed 3
Architecture d_model=128  n_heads=8  n_layers=1  d_ff=512  dropout=0.21055143098130855
n_mlp_layers=2  lambda_aux=0.1185801650879991  top_k_attention=50  min_firms_attention=30
Optimiser lr=8.20e-04  wd=7.12e-07  grad_clip=0.41875280562786965  patience=15
Loss MSRR (1 - r_pf)^2 + lambda_aux (1 - r_base)^2  lambda_aux=0.1185801650879991
 Data train_months=252  val_months=60
 Model 764,932 trainable parameters
========================================================================================================
Epoch TrnTotal  TrnMain   TrnAux    ValLoss  Corr6m  Base6m   Adj6m         LR   GNorm
--------------------------------------------------------------------------------------------------------
    1 0.793662 0.674718 1.003066   0.731503  0.0987  0.0654  0.0987   1.64e-04  2.2818
    2 0.533497 0.415373 0.996152   0.711310  0.0947  0.0418  0.0947   3.28e-04  5.7964
    3 0.480290 0.361677 1.000276   0.625029  0.1046  0.0226  0.1046   4.92e-04  9.6239
    4 0.403142 0.284905 0.997109   0.685734  0.0963  0.0724  0.0963   6.56e-04  6.5034
    5 0.505805 0.387428 0.998293   0.859498  0.0613  0.0550  0.0613   8.20e-04 10.6169
    6 0.323229 0.204792 0.998792   0.749513  0.0913  0.0321  0.0913   8.20e-04  4.6647  *
    7 0.290879 0.172169 1.001090   0.723912  0.0454  0.0482  0.0454   8.20e-04  4.5171  *
    8 0.347318 0.228842 0.999121   0.934580  0.0859  0.0651  0.0858   8.20e-04  6.9048
    9 0.322087 0.203947 0.996292   0.704600  0.0744  0.0344  0.0744   8.20e-04  5.4452  *
   10 0.261511 0.143084 0.998712   0.683635  0.0853  0.0547  0.0853   8.20e-04  3.7518  *
   11 0.296646 0.178274 0.998240   0.704928  0.0643  0.0762  0.0642   8.20e-04  4.3991
   12 0.284836 0.166583 0.997238   0.689935  0.0743  0.0635  0.0743   8.20e-04  3.9832
   13 0.295496 0.177078 0.998632   0.731479  0.0899  0.0646  0.0899   8.20e-04  4.7453
   14 0.227589 0.108971 1.000325   0.636736  0.0726  0.0668  0.0725   8.20e-04  2.5232  *
   15 0.231872 0.113383 0.999232   1.023562  0.0607  0.0515  0.0607   8.20e-04  2.7927
   16 0.246816 0.129067 0.992987   1.093407  0.0344  0.0540  0.0343   8.20e-04  2.8596
   17 0.219803 0.101619 0.996658   0.705826  0.0776  0.0597  0.0776   8.20e-04  2.0593
   18 0.197953 0.079534 0.998642   0.976909  0.0641  0.0589  0.0640   8.20e-04  2.2910
   19 0.225805 0.107441 0.998175   0.785926  0.0998  0.0527  0.0998   8.20e-04  2.4447
   20 0.224588 0.106462 0.996171   1.107921  0.0814  0.0556  0.0813   8.20e-04  2.2142
   21 0.198798 0.080796 0.995125   0.930485  0.0745  0.0659  0.0744   8.20e-04  1.9666
   22 0.173137 0.055110 0.995333   1.044375  0.1015  0.0661  0.1014   8.20e-04  1.2137
   23 0.224440 0.106717 0.992774   1.039571  0.0733  0.0550  0.0733   8.20e-04  2.1266
   24 0.193979 0.076243 0.992879   0.601336  0.0832  0.0654  0.0830   8.20e-04  1.4857  *
   25 0.230482 0.112712 0.993168   0.629160  0.0714  0.0581  0.0713   8.20e-04  2.2494
   26 0.168993 0.050716 0.997446   0.736460  0.0263  0.0507  0.0261   8.20e-04  1.0093
   27 0.182788 0.065379 0.990119   0.872793  0.0584  0.0562  0.0582   8.20e-04  1.3848
   28 0.176228 0.058456 0.993191   0.948579  0.0432  0.0502  0.0428   8.20e-04  1.4213
   29 0.157101 0.039610 0.990823   0.979277  0.0727  0.0532  0.0725   8.20e-04  0.9809
   30 0.166895 0.050497 0.981594   0.732034  0.0585  0.0619  0.0579   8.20e-04  2.0839
   31 0.158153 0.041759 0.981564   0.704061  0.0508  0.0589  0.0502   8.20e-04  0.8588
   32 0.159243 0.043889 0.972791   0.610050  0.0580  0.0538  0.0573   8.20e-04  0.8860
   33 0.158679 0.043415 0.972036   1.047306  0.0653  0.0593  0.0644   8.20e-04  0.9933
   34 0.171699 0.056775 0.969167   0.505308  0.0475  0.0648  0.0462   8.20e-04  1.3312  *
   35 0.157583 0.043339 0.963432   0.576819  0.0379  0.0641  0.0356   8.20e-04  0.9545
   36 0.167843 0.054515 0.955705   0.787131  0.0485  0.0541  0.0471   8.20e-04  1.1053
   37 0.161360 0.048900 0.948388   0.764095  0.0390  0.0557  0.0372   8.20e-04  1.9665
   38 0.143108 0.031809 0.938604   0.796883  0.0823  0.0586  0.0800   8.20e-04  0.8914
   39 0.140150 0.030790 0.922251   0.858467  0.0533  0.0633  0.0492   8.20e-04  0.6307
   40 0.134254 0.025691 0.915527   1.097879  0.0658  0.0671  0.0605   8.20e-04  0.5725
   41 0.139130 0.031768 0.905395   0.729617  0.0329  0.0670  0.0238   8.20e-04  0.7185
   42 0.135340 0.030844 0.881231   0.787498  0.0777  0.0709  0.0710   8.20e-04  0.7851
   43 0.132194 0.030039 0.861485   0.836238  0.0855  0.0701  0.0803   8.20e-04  0.7241
   44 0.142140 0.046209 0.808994   0.702396  0.0310  0.0832  0.0126   8.20e-04  1.2220
   45 0.150201 0.061572 0.747418   0.899589  0.0662  0.0824  0.0496   4.10e-04  1.6244
   46 0.133682 0.050469 0.701741   0.937969  0.0858  0.0893  0.0631   4.10e-04  1.5341
   47 0.110903 0.033382 0.653742   1.115205  0.0844  0.0968  0.0565   4.10e-04  1.4348
   48 0.110379 0.037520 0.614432   1.015062  0.0712  0.0977  0.0323   4.10e-04  1.3771
   49 0.102539 0.036505 0.556873   0.944112  0.0699  0.1073  0.0177   4.10e-04  1.4800
--------------------------------------------------------------------------------------------------------
Early stopping at epoch 49  (patience=15  best_epoch=34  best_val_loss=0.505308)
========================================================================================================
 Test Results  (fourier, seed3)
--------------------------------------------------------------------------------------------------------
Test MSRR loss           1.266751
Test rank corr 6m         0.0804
Test base corr 6m         0.0781
Test adj corr 6m          0.0794
--------------------------------------------------------------------------------------------------------
Best val loss 0.505308  (epoch 34)
Stopped epoch 49
Training time 1179.7 seconds
--------------------------------------------------------------------------------------------------------
Weights results1/transformer/weights_fourier_seed3.safetensors
Metrics results1/transformer/metrics_fourier_seed3.json
========================================================================================================

========================================================================================================
Variant fourier  Seed 4
Architecture d_model=128  n_heads=8  n_layers=1  d_ff=512  dropout=0.21055143098130855
n_mlp_layers=2  lambda_aux=0.1185801650879991  top_k_attention=50  min_firms_attention=30
Optimiser lr=8.20e-04  wd=7.12e-07  grad_clip=0.41875280562786965  patience=15
Loss MSRR (1 - r_pf)^2 + lambda_aux (1 - r_base)^2  lambda_aux=0.1185801650879991
 Data train_months=252  val_months=60
 Model 764,932 trainable parameters
========================================================================================================
Epoch TrnTotal  TrnMain   TrnAux    ValLoss  Corr6m  Base6m   Adj6m         LR   GNorm
--------------------------------------------------------------------------------------------------------
    1 0.839780 0.721505 0.997425   0.807972  0.0930  0.1055  0.0930   1.64e-04  2.0538
    2 0.520424 0.401783 1.000510   0.806491  0.0596  0.0993  0.0595   3.28e-04  5.0512
    3 0.388279 0.269420 1.002351   0.674060  0.0975  0.0893  0.0974   4.92e-04  6.3413
    4 0.435052 0.316531 0.999499   1.167396  0.0850  0.0517  0.0850   6.56e-04  7.1722
    5 0.378268 0.258883 1.006785   0.933985  0.0876 -0.0087  0.0876   8.20e-04  6.3814
    6 0.369625 0.251099 0.999542   0.723207  0.0776  0.0461  0.0776   8.20e-04  6.2494  *
    7 0.336298 0.217990 0.997711   0.640853  0.0841  0.0633  0.0841   8.20e-04  5.6122  *
    8 0.369657 0.251307 0.998060   0.723959  0.0759 -0.0057  0.0759   8.20e-04  5.8502
    9 0.363783 0.245412 0.998241   0.617748  0.0748  0.0495  0.0747   8.20e-04  6.0803  *
   10 0.308545 0.190349 0.996763   0.676708  0.0492  0.0019  0.0492   8.20e-04  5.0955
   11 0.260996 0.142442 0.999778   0.605444  0.0183  0.0383  0.0182   8.20e-04  3.7770  *
   12 0.230833 0.113016 0.993564   0.539093  0.0680  0.0421  0.0680   8.20e-04  2.7680  *
   13 0.270507 0.151724 1.001708   0.615000  0.0796  0.0726  0.0796   8.20e-04  3.5576
   14 0.265279 0.146641 1.000488   0.546251  0.0587  0.0746  0.0587   8.20e-04  3.6645
   15 0.309833 0.191486 0.998031   0.564148  0.0749  0.0231  0.0749   8.20e-04  3.4366
   16 0.252533 0.133752 1.001691   0.659150  0.0312  0.0320  0.0312   8.20e-04  3.1090
   17 0.208251 0.089634 1.000311   0.573392  0.0456  0.0143  0.0456   8.20e-04  1.9676
   18 0.207873 0.089121 1.001449   0.734547  0.0702  0.0553  0.0701   8.20e-04  2.1467
   19 0.300769 0.182330 0.998811   0.755306  0.0741  0.0658  0.0741   8.20e-04  3.6500
   20 0.245298 0.126581 1.001152   0.514414  0.0387 -0.0161  0.0388   8.20e-04  3.0864  *
   21 0.204894 0.086367 0.999550   0.505892  0.0829 -0.0498  0.0829   8.20e-04  1.9374  *
   22 0.187237 0.068824 0.998597   0.551420  0.1089  0.1015  0.1088   8.20e-04  1.6790
   23 0.201178 0.083034 0.996322   0.553897  0.0857  0.0956  0.0856   8.20e-04  1.8632
   24 0.176113 0.058019 0.995904   0.628856  0.0976  0.0946  0.0975   8.20e-04  1.1852
   25 0.198344 0.080821 0.991081   0.571189  0.1012  0.0924  0.1010   8.20e-04  1.4168
   26 0.190225 0.072571 0.992186   0.581792  0.0985  0.0843  0.0983   8.20e-04  1.4709
   27 0.175806 0.057947 0.993916   0.781629  0.0814  0.0851  0.0811   8.20e-04  1.3115
   28 0.185607 0.068098 0.990972   0.710317  0.0757  0.0838  0.0752   8.20e-04  1.3954
   29 0.165888 0.048804 0.987382   0.792536  0.0849  0.0770  0.0844   8.20e-04  0.9103
   30 0.168902 0.051730 0.988119   0.793001  0.0792  0.0772  0.0789   8.20e-04  1.0850
   31 0.159035 0.042239 0.984954   0.630483  0.0874  0.0739  0.0869   8.20e-04  0.8928
   32 0.154019 0.037385 0.983592   0.642600  0.0989  0.0754  0.0983   4.10e-04  0.8072
   33 0.142404 0.026446 0.977886   0.575882  0.0944  0.0835  0.0934   4.10e-04  0.5453
   34 0.128107 0.013319 0.968016   0.638820  0.0946  0.0774  0.0936   4.10e-04  0.3724
   35 0.128224 0.014832 0.956246   0.651249  0.0905  0.0744  0.0892   4.10e-04  0.4103
   36 0.120048 0.008884 0.937454   0.667770  0.0880  0.0744  0.0860   4.10e-04  0.3088
--------------------------------------------------------------------------------------------------------
Early stopping at epoch 36  (patience=15  best_epoch=21  best_val_loss=0.505892)
========================================================================================================
 Test Results  (fourier, seed4)
--------------------------------------------------------------------------------------------------------
Test MSRR loss           0.570060
Test rank corr 6m         0.0962
Test base corr 6m        -0.0210
Test adj corr 6m          0.0961
--------------------------------------------------------------------------------------------------------
Best val loss 0.505892  (epoch 21)
Stopped epoch 36
Training time 867.2 seconds
--------------------------------------------------------------------------------------------------------
Weights results1/transformer/weights_fourier_seed4.safetensors
Metrics results1/transformer/metrics_fourier_seed4.json
========================================================================================================

All variants and seeds trained successfully
