Processed data found. Skipping preprocessing.
K0 characteristics, 55
K1 characteristics, 97
K0 missingness flags, 55
K1 missingness flags, 97
Countries, 24
applied tuned hyperparameters for linear from results1/transformer/transformer-hpt/best_params_linear.json
========================================================================================================
Variant linear  Seed 0
Path 1 d_model=64  d_ff=256  n_mlp_layers=1  dropout=0.2530862694627476
Path 2 path2_n_layers=1  path2_n_heads=4  path2_d_ff=256  min_firms_attention=30
Optimiser lr=1.66e-03  wd=6.40e-05  grad_clip=3.877739181777349  patience=15
Loss MSRR (1 - r_pf)^2 + lambda_aux (1 - r_base)^2 + lambda_aux2 (1 - r_path2)^2  lambda_aux=0.14783769837532068  lambda_aux2=0.38529791488919807
 Data train_months=252  val_months=60
 Model 309,555 trainable parameters
========================================================================================================
Epoch TrnTotal  TrnMain   TrnAux    ValLoss  Corr6m  Base6m Path26m         LR   GNorm
--------------------------------------------------------------------------------------------------------
    1 1.008743 0.638134 0.741655   0.803775  0.1398  0.0980  0.1381   3.32e-04  4.8516
    2 0.745665 0.483565 0.685410   1.334398  0.1339  0.0985  0.1279   6.65e-04  6.3363
    3 0.924978 0.560381 0.781509   0.969196  0.1287  0.0942  0.1245   9.97e-04  8.5759
    4 0.867854 0.620805 0.664566   1.332919  0.1232  0.0831  0.1215   1.33e-03  6.9113
    5 0.540986 0.337959 0.603256   1.217855  0.1254  0.0941  0.1247   1.66e-03  4.2220
    6 0.421730 0.236246 0.555690   1.605814  0.1394  0.1038  0.1389   1.66e-03  2.2048  *
    7 0.572074 0.400765 0.491199   0.935941  0.1353  0.1208  0.1321   1.66e-03  3.9902  *
    8 0.452597 0.268141 0.525922   1.408869  0.1383  0.1177  0.1342   1.66e-03  2.7801
    9 0.428244 0.249559 0.435074   1.335751  0.1097  0.1270  0.0939   1.66e-03  2.4712
   10 0.443175 0.278330 0.429053   1.461945  0.1378  0.1179  0.1235   1.66e-03  4.9841
   11 0.361504 0.216151 0.402945   1.031676  0.1332  0.1126  0.1311   1.66e-03  2.6230
   12 0.351522 0.229088 0.366140   1.345066  0.1268  0.1179  0.1220   1.66e-03  2.9600
   13 0.478995 0.310825 0.407500   1.915831  0.1055  0.1163  0.0991   1.66e-03  1.5824
   14 0.519983 0.331667 0.374662   1.490479  0.1373  0.1222  0.1332   1.66e-03  6.0612
   15 0.330335 0.215403 0.341611   1.375863  0.1414  0.1239  0.1388   1.66e-03  2.6542
   16 0.354983 0.214647 0.321771   1.057013  0.1447  0.1308  0.1416   1.66e-03  1.9197
   17 0.346029 0.231369 0.368823   1.149060  0.1375  0.1206  0.1347   1.66e-03  2.9460
   18 0.257068 0.159186 0.339898   1.074487  0.1332  0.1256  0.1308   8.31e-04  1.5843
   19 0.175416 0.095494 0.265030   0.991936  0.1381  0.1247  0.1352   8.31e-04  0.7999
   20 0.172403 0.097736 0.256715   0.983864  0.1368  0.1286  0.1336   8.31e-04  1.0937
   21 0.141376 0.078237 0.215413   1.009305  0.1385  0.1322  0.1353   8.31e-04  0.9217
   22 0.135052 0.074411 0.219623   0.913553  0.1359  0.1276  0.1330   8.31e-04  0.8912  *
   23 0.142006 0.078566 0.224743   1.025323  0.1343  0.1283  0.1306   8.31e-04  0.8457
   24 0.146630 0.080623 0.199700   1.089063  0.1327  0.1294  0.1283   8.31e-04  1.0085
   25 0.117872 0.062601 0.194952   1.200999  0.1332  0.1284  0.1297   8.31e-04  0.7325
   26 0.120204 0.065048 0.198212   0.953979  0.1296  0.1293  0.1268   8.31e-04  0.8685
   27 0.130259 0.072907 0.200118   0.897585  0.1403  0.1278  0.1378   8.31e-04  0.8445  *
   28 0.111966 0.060689 0.177402   1.026729  0.1385  0.1271  0.1366   8.31e-04  0.7187
   29 0.145916 0.093668 0.189209   0.834164  0.1396  0.1269  0.1375   8.31e-04  0.8683  *
   30 0.094864 0.047745 0.172584   0.896566  0.1379  0.1224  0.1360   8.31e-04  0.6588
   31 0.101960 0.049098 0.213194   0.987027  0.1325  0.1264  0.1308   8.31e-04  0.7670
   32 0.107922 0.055815 0.204237   0.869059  0.1379  0.1297  0.1348   8.31e-04  0.6532
   33 0.105726 0.058198 0.168271   1.013957  0.1339  0.1226  0.1323   8.31e-04  0.6423
   34 0.085483 0.043105 0.159688   1.171400  0.1305  0.1221  0.1283   8.31e-04  0.5419
   35 0.078116 0.039855 0.153464   1.047296  0.1351  0.1194  0.1334   8.31e-04  0.5877
   36 0.082224 0.041505 0.165841   0.974060  0.1427  0.1166  0.1421   8.31e-04  0.6150
   37 0.091421 0.045794 0.189554   0.842887  0.1389  0.1196  0.1382   8.31e-04  0.7873
   38 0.073260 0.034343 0.164051   0.974852  0.1375  0.1239  0.1362   8.31e-04  0.4586
   39 0.073201 0.036650 0.152768   0.886549  0.1382  0.1185  0.1372   8.31e-04  0.4802
   40 0.080084 0.040114 0.171235   1.046722  0.1378  0.1190  0.1368   4.15e-04  0.4900
   41 0.068977 0.031659 0.172812   1.187114  0.1381  0.1186  0.1370   4.15e-04  0.4767
   42 0.057361 0.024967 0.146099   1.073545  0.1384  0.1175  0.1375   4.15e-04  0.3257
   43 0.055615 0.024666 0.141471   1.085605  0.1380  0.1170  0.1372   4.15e-04  0.3035
   44 0.054500 0.025349 0.130430   1.056828  0.1387  0.1188  0.1377   4.15e-04  0.2920
--------------------------------------------------------------------------------------------------------
Early stopping at epoch 44  (patience=15  best_epoch=29  best_val_loss=0.834164)
========================================================================================================
 Test Results  (linear, seed0)
--------------------------------------------------------------------------------------------------------
Test MSRR loss           1.341654
Test rank corr 6m         0.0984
Test base corr 6m         0.1216
Test path2 corr 6m        0.0929
--------------------------------------------------------------------------------------------------------
Best val loss 0.834164  (epoch 29)
Stopped epoch 44
Training time 517.3 seconds
--------------------------------------------------------------------------------------------------------
Weights results1/transformer/weights_linear_seed0.safetensors
Metrics results1/transformer/metrics_linear_seed0.json
========================================================================================================

========================================================================================================
Variant linear  Seed 1
Path 1 d_model=64  d_ff=256  n_mlp_layers=1  dropout=0.2530862694627476
Path 2 path2_n_layers=1  path2_n_heads=4  path2_d_ff=256  min_firms_attention=30
Optimiser lr=1.66e-03  wd=6.40e-05  grad_clip=3.877739181777349  patience=15
Loss MSRR (1 - r_pf)^2 + lambda_aux (1 - r_base)^2 + lambda_aux2 (1 - r_path2)^2  lambda_aux=0.14783769837532068  lambda_aux2=0.38529791488919807
 Data train_months=252  val_months=60
 Model 309,555 trainable parameters
========================================================================================================
Epoch TrnTotal  TrnMain   TrnAux    ValLoss  Corr6m  Base6m Path26m         LR   GNorm
--------------------------------------------------------------------------------------------------------
    1 1.353911 0.978259 0.729787   0.699566  0.1183  0.0938  0.1192   3.32e-04  7.1098
    2 0.753685 0.504261 0.658599   1.487088  0.1280  0.1036  0.1263   6.65e-04  7.7881
    3 0.656411 0.406722 0.709516   1.062925  0.1461  0.0966  0.1466   9.97e-04  4.4346
    4 0.826221 0.522554 0.650378   1.176122  0.1433  0.0932  0.1440   1.33e-03  4.3819
    5 0.775914 0.483542 0.749781   0.946620  0.1429  0.1067  0.1281   1.66e-03  3.5709
    6 0.682822 0.449659 0.596957   1.810497  0.1404  0.1156  0.1328   1.66e-03  5.1476  *
    7 0.694734 0.489223 0.592928   1.448532  0.1439  0.1044  0.1447   1.66e-03  4.4433  *
    8 0.455449 0.280802 0.510852   1.834444  0.1390  0.1146  0.1388   1.66e-03  2.9108
    9 0.447073 0.277897 0.512891   1.757892  0.1352  0.1068  0.1372   1.66e-03  1.8887
   10 0.363505 0.215985 0.452806   1.623336  0.1423  0.1298  0.1408   1.66e-03  2.3444
   11 0.433594 0.252885 0.409909   1.718169  0.1409  0.1232  0.1428   1.66e-03  2.5181
   12 0.480528 0.306943 0.448104   1.346985  0.1375  0.1225  0.1286   1.66e-03  2.2161  *
   13 0.546265 0.362829 0.433319   1.332582  0.1401  0.1225  0.1403   1.66e-03  2.3511  *
   14 0.418045 0.252808 0.370822   0.838892  0.1479  0.1270  0.1519   1.66e-03  2.6123  *
   15 0.380062 0.222740 0.339346   1.394203  0.1479  0.1125  0.1524   1.66e-03  2.8130
   16 0.305197 0.174359 0.336315   1.420723  0.1482  0.1163  0.1510   1.66e-03  2.6559
   17 0.320551 0.186907 0.304564   2.018296  0.1512  0.1233  0.1549   1.66e-03  2.5709
   18 0.355082 0.224385 0.292874   1.237557  0.1416  0.1187  0.1441   1.66e-03  2.2509
   19 0.313278 0.185540 0.270917   1.082093  0.1523  0.1302  0.1520   1.66e-03  1.8003
   20 0.286719 0.176786 0.282082   1.092757  0.1442  0.1232  0.1425   1.66e-03  1.9840
   21 0.315448 0.201958 0.281341   1.924486  0.1477  0.1212  0.1488   1.66e-03  1.8175
   22 0.257768 0.152124 0.321176   1.938497  0.1518  0.1265  0.1518   1.66e-03  1.6225
   23 0.230947 0.128386 0.305663   2.136777  0.1504  0.1256  0.1535   1.66e-03  1.2601
   24 0.234269 0.138876 0.264156   1.948285  0.1350  0.1131  0.1355   1.66e-03  1.2499
   25 0.317552 0.199400 0.257597   1.332195  0.1429  0.1148  0.1457   8.31e-04  1.2650
   26 0.187718 0.107914 0.237003   1.287513  0.1431  0.1263  0.1431   8.31e-04  0.9390
   27 0.176009 0.099367 0.243121   1.123321  0.1450  0.1287  0.1452   8.31e-04  0.9192
   28 0.189248 0.111792 0.241070   1.810483  0.1484  0.1264  0.1488   8.31e-04  0.8934
   29 0.150854 0.078135 0.235640   1.587081  0.1416  0.1251  0.1411   8.31e-04  0.8676
--------------------------------------------------------------------------------------------------------
Early stopping at epoch 29  (patience=15  best_epoch=14  best_val_loss=0.838892)
========================================================================================================
 Test Results  (linear, seed1)
--------------------------------------------------------------------------------------------------------
Test MSRR loss           0.697523
Test rank corr 6m         0.1038
Test base corr 6m         0.1203
Test path2 corr 6m        0.0952
--------------------------------------------------------------------------------------------------------
Best val loss 0.838892  (epoch 14)
Stopped epoch 29
Training time 345.9 seconds
--------------------------------------------------------------------------------------------------------
Weights results1/transformer/weights_linear_seed1.safetensors
Metrics results1/transformer/metrics_linear_seed1.json
========================================================================================================

========================================================================================================
Variant linear  Seed 2
Path 1 d_model=64  d_ff=256  n_mlp_layers=1  dropout=0.2530862694627476
Path 2 path2_n_layers=1  path2_n_heads=4  path2_d_ff=256  min_firms_attention=30
Optimiser lr=1.66e-03  wd=6.40e-05  grad_clip=3.877739181777349  patience=15
Loss MSRR (1 - r_pf)^2 + lambda_aux (1 - r_base)^2 + lambda_aux2 (1 - r_path2)^2  lambda_aux=0.14783769837532068  lambda_aux2=0.38529791488919807
 Data train_months=252  val_months=60
 Model 309,555 trainable parameters
========================================================================================================
Epoch TrnTotal  TrnMain   TrnAux    ValLoss  Corr6m  Base6m Path26m         LR   GNorm
--------------------------------------------------------------------------------------------------------
    1 1.073245 0.681005 0.799435   1.179222  0.1298  0.0828  0.1346   3.32e-04  3.7595
    2 0.948927 0.663994 0.754504   1.656361  0.1067  0.0915  0.1030   6.65e-04  6.8461
    3 0.777577 0.506501 0.710544   1.208133  0.1245  0.0925  0.1243   9.97e-04  5.5009
    4 0.606218 0.368988 0.670834   1.180382  0.1208  0.1072  0.1182   1.33e-03  4.1753
    5 0.703463 0.438456 0.581272   1.106059  0.1453  0.1069  0.1465   1.66e-03  4.2379
    6 0.849605 0.630035 0.586690   1.926242  0.0763  0.1121  0.0403   1.66e-03  4.2342  *
    7 0.713166 0.454020 0.466364   1.218531  0.1339  0.1185  0.1280   1.66e-03  3.8982  *
    8 0.514057 0.351230 0.510803   1.575182  0.1107  0.1102  0.1016   1.66e-03  3.7414
    9 0.402995 0.231337 0.495078   2.418302  0.0822  0.1191  0.0759   1.66e-03  1.9758
   10 0.415909 0.249146 0.383132   1.123034  0.1256  0.1219  0.1108   1.66e-03  2.4745  *
   11 0.398322 0.259074 0.398956   1.760973  0.1129  0.1212  0.1100   1.66e-03  3.1376
   12 0.311483 0.184414 0.387155   1.549136  0.1355  0.1245  0.1315   1.66e-03  1.8028
   13 0.303937 0.176036 0.376798   2.635599  0.1191  0.1213  0.1138   1.66e-03  1.8868
   14 0.270952 0.158209 0.351172   2.486218  0.1267  0.1259  0.1210   1.66e-03  2.0208
   15 0.224814 0.123347 0.334999   1.694306  0.1195  0.1237  0.1117   1.66e-03  1.2773
   16 0.407594 0.269860 0.313841   2.206659  0.1248  0.1133  0.1212   1.66e-03  2.3370
   17 0.381897 0.266641 0.281414   3.822964  0.1250  0.1161  0.1224   1.66e-03  2.7341
   18 0.300889 0.184726 0.283879   1.917036  0.1330  0.1191  0.1269   1.66e-03  1.3473
   19 0.196007 0.107056 0.299072   1.964286  0.1279  0.1191  0.1238   1.66e-03  1.3241
   20 0.201372 0.119200 0.247606   1.074539  0.1495  0.1224  0.1460   1.66e-03  1.3708  *
   21 0.253840 0.150707 0.304180   1.146572  0.1355  0.1119  0.1313   1.66e-03  1.3284
   22 0.235493 0.153035 0.273055   1.715856  0.1394  0.1209  0.1375   1.66e-03  1.8157
   23 0.177127 0.095059 0.282518   1.738814  0.1154  0.1207  0.1128   1.66e-03  0.9313
   24 0.255200 0.151734 0.247951   3.664163  0.1008  0.1090  0.0932   1.66e-03  1.2581
   25 0.369106 0.236877 0.246338   1.544697  0.1262  0.1102  0.1239   1.66e-03  4.9238
   26 0.268108 0.156895 0.229220   1.131929  0.1200  0.1187  0.1160   1.66e-03  2.2050
   27 0.250616 0.154507 0.286911   1.266857  0.1232  0.1249  0.1221   1.66e-03  1.9333
   28 0.170363 0.093326 0.236770   1.169150  0.1266  0.1170  0.1241   1.66e-03  1.2285
   29 0.161374 0.089253 0.255347   2.024078  0.1373  0.1244  0.1325   1.66e-03  1.5601
   30 0.231593 0.149554 0.242562   1.645308  0.1495  0.1261  0.1465   1.66e-03  1.4968
   31 0.157360 0.091792 0.178163   1.510956  0.1411  0.1304  0.1373   8.31e-04  1.0094
   32 0.112970 0.061495 0.162090   1.183643  0.1348  0.1304  0.1301   8.31e-04  0.7094
   33 0.096948 0.048960 0.169549   1.157039  0.1346  0.1298  0.1290   8.31e-04  0.7317
   34 0.092703 0.046531 0.164900   1.381416  0.1370  0.1283  0.1322   8.31e-04  0.6324
   35 0.104087 0.055215 0.191504   1.287845  0.1411  0.1284  0.1376   8.31e-04  0.6412
--------------------------------------------------------------------------------------------------------
Early stopping at epoch 35  (patience=15  best_epoch=20  best_val_loss=1.074539)
========================================================================================================
 Test Results  (linear, seed2)
--------------------------------------------------------------------------------------------------------
Test MSRR loss           0.741552
Test rank corr 6m         0.1167
Test base corr 6m         0.1287
Test path2 corr 6m        0.1104
--------------------------------------------------------------------------------------------------------
Best val loss 1.074539  (epoch 20)
Stopped epoch 35
Training time 409.2 seconds
--------------------------------------------------------------------------------------------------------
Weights results1/transformer/weights_linear_seed2.safetensors
Metrics results1/transformer/metrics_linear_seed2.json
========================================================================================================

========================================================================================================
Variant linear  Seed 3
Path 1 d_model=64  d_ff=256  n_mlp_layers=1  dropout=0.2530862694627476
Path 2 path2_n_layers=1  path2_n_heads=4  path2_d_ff=256  min_firms_attention=30
Optimiser lr=1.66e-03  wd=6.40e-05  grad_clip=3.877739181777349  patience=15
Loss MSRR (1 - r_pf)^2 + lambda_aux (1 - r_base)^2 + lambda_aux2 (1 - r_path2)^2  lambda_aux=0.14783769837532068  lambda_aux2=0.38529791488919807
 Data train_months=252  val_months=60
 Model 309,555 trainable parameters
========================================================================================================
Epoch TrnTotal  TrnMain   TrnAux    ValLoss  Corr6m  Base6m Path26m         LR   GNorm
--------------------------------------------------------------------------------------------------------
    1 1.049819 0.671501 0.762203   1.231635  0.1394  0.1119  0.1389   3.32e-04  4.7419
    2 0.987720 0.718583 0.760537   1.067850  0.1392  0.1215  0.1386   6.65e-04  7.9958
    3 0.858867 0.573463 0.717796   0.931393  0.1305  0.1120  0.1297   9.97e-04  5.1485
    4 0.653471 0.400780 0.696226   1.567337  0.1314  0.1095  0.1315   1.33e-03  3.1656
    5 0.525020 0.303186 0.672718   1.172268  0.1373  0.1088  0.1398   1.66e-03  2.4160
    6 0.541694 0.324504 0.628797   2.602739  0.1399  0.1150  0.1397   1.66e-03  2.8745  *
    7 0.501947 0.305085 0.550880   1.973266  0.1594  0.1359  0.1583   1.66e-03  2.5351  *
    8 0.455923 0.273357 0.528532   6.469323  0.1480  0.1203  0.1475   1.66e-03  2.0889
    9 0.357049 0.208197 0.497407   1.373880  0.1530  0.1239  0.1520   1.66e-03  2.5284  *
   10 0.389158 0.244313 0.433901   1.056402  0.1470  0.1291  0.1456   1.66e-03  2.7049  *
   11 0.281407 0.153019 0.449764   3.060401  0.1462  0.1256  0.1453   1.66e-03  1.3984
   12 0.401948 0.251860 0.444308   1.000673  0.1377  0.1179  0.1377   1.66e-03  2.7843  *
   13 0.390924 0.242872 0.397667   1.194675  0.1479  0.1115  0.1489   1.66e-03  2.7224
   14 0.350548 0.210196 0.413877   1.084122  0.1348  0.1172  0.1346   1.66e-03  1.7741
   15 0.604975 0.411343 0.391496   0.770273  0.1245  0.1173  0.1217   1.66e-03  3.4069  *
   16 0.320056 0.198102 0.334924   2.826161  0.1280  0.1189  0.1266   1.66e-03  2.4060
   17 0.271329 0.160778 0.341397   0.927352  0.1191  0.1169  0.1163   1.66e-03  1.7057
   18 0.342942 0.220721 0.369863   0.838874  0.1175  0.1251  0.1117   1.66e-03  2.1600
   19 0.222905 0.132358 0.318788   1.045711  0.1274  0.1199  0.1296   1.66e-03  1.5235
   20 0.220181 0.127870 0.286129   1.546835  0.1296  0.1228  0.1284   1.66e-03  1.3467
   21 0.470085 0.284982 0.280197   1.139542  0.1055  0.1177  0.1003   1.66e-03  2.3336
   22 0.492378 0.289121 0.424336   1.516750  0.1252  0.1204  0.1201   1.66e-03  1.6469
   23 0.476628 0.311304 0.279851   1.497934  0.1236  0.1196  0.1198   1.66e-03  3.8339
   24 0.346051 0.196119 0.306678   0.987081  0.1321  0.1185  0.1309   1.66e-03  4.8477
   25 0.370717 0.228802 0.283890   2.268105 -0.0377  0.1097 -0.0546   1.66e-03  5.5230
   26 0.298352 0.179184 0.246418   1.779079  0.1120  0.1143  0.1069   8.31e-04  2.6624
   27 0.215836 0.112488 0.262134   1.849887  0.1250  0.1097  0.1243   8.31e-04  2.2681
   28 0.150103 0.087114 0.209646   1.847917  0.1246  0.1104  0.1243   8.31e-04  1.0616
   29 0.125419 0.069999 0.199509   1.214515  0.1262  0.1114  0.1263   8.31e-04  0.7177
   30 0.119830 0.069783 0.170782   0.871722  0.1227  0.1114  0.1218   8.31e-04  0.8019
--------------------------------------------------------------------------------------------------------
Early stopping at epoch 30  (patience=15  best_epoch=15  best_val_loss=0.770273)
========================================================================================================
 Test Results  (linear, seed3)
--------------------------------------------------------------------------------------------------------
Test MSRR loss           0.547573
Test rank corr 6m         0.1182
Test base corr 6m         0.1084
Test path2 corr 6m        0.1149
--------------------------------------------------------------------------------------------------------
Best val loss 0.770273  (epoch 15)
Stopped epoch 30
Training time 345.3 seconds
--------------------------------------------------------------------------------------------------------
Weights results1/transformer/weights_linear_seed3.safetensors
Metrics results1/transformer/metrics_linear_seed3.json
========================================================================================================

========================================================================================================
Variant linear  Seed 4
Path 1 d_model=64  d_ff=256  n_mlp_layers=1  dropout=0.2530862694627476
Path 2 path2_n_layers=1  path2_n_heads=4  path2_d_ff=256  min_firms_attention=30
Optimiser lr=1.66e-03  wd=6.40e-05  grad_clip=3.877739181777349  patience=15
Loss MSRR (1 - r_pf)^2 + lambda_aux (1 - r_base)^2 + lambda_aux2 (1 - r_path2)^2  lambda_aux=0.14783769837532068  lambda_aux2=0.38529791488919807
 Data train_months=252  val_months=60
 Model 309,555 trainable parameters
========================================================================================================
Epoch TrnTotal  TrnMain   TrnAux    ValLoss  Corr6m  Base6m Path26m         LR   GNorm
--------------------------------------------------------------------------------------------------------
    1 1.083482 0.694750 0.734905   0.761364  0.1245  0.0779  0.1295   3.32e-04  6.4009
    2 0.683914 0.416836 0.663232   1.648232  0.1326  0.0869  0.1338   6.65e-04  4.8605
    3 0.764903 0.514240 0.662900   1.897748  0.1079  0.0824  0.1059   9.97e-04  6.3173
    4 0.616295 0.363741 0.630020   1.247683  0.1393  0.0983  0.1397   1.33e-03  3.6243
    5 0.870751 0.564007 0.724185   0.909027  0.1450  0.1056  0.1440   1.66e-03  4.4391
    6 0.856168 0.595088 0.598618   1.023492  0.1476  0.1120  0.1445   1.66e-03  5.7766  *
    7 0.817108 0.528413 0.546101   1.320755  0.1315  0.1175  0.1256   1.66e-03  5.8148
    8 0.596938 0.358783 0.529743   0.950910  0.1321  0.1149  0.1297   1.66e-03  2.5263  *
    9 0.640092 0.426848 0.463491   1.004481  0.1472  0.1200  0.1482   1.66e-03  3.3421
   10 0.635870 0.446432 0.398640   1.004189  0.1456  0.1152  0.1344   1.66e-03  3.1886
   11 0.857195 0.559621 0.436317   1.620364  0.1308  0.1246  0.1274   1.66e-03  6.9812
   12 0.527736 0.331945 0.363099   1.285425  0.1299  0.1141  0.1263   1.66e-03  3.2199
   13 0.376485 0.224682 0.354610   1.043185  0.1377  0.1174  0.1359   1.66e-03  2.5600
   14 0.399800 0.259908 0.367552   1.154779  0.1329  0.1176  0.1312   1.66e-03  2.4370
   15 0.328292 0.190223 0.356113   1.141390  0.1368  0.1186  0.1386   1.66e-03  2.1432
   16 0.326185 0.179896 0.374258   1.102522  0.1285  0.1078  0.1278   1.66e-03  1.7789
   17 0.433719 0.300145 0.344256   0.986749  0.1289  0.1101  0.1281   1.66e-03  2.4985
   18 0.280160 0.155001 0.349168   0.889869  0.1279  0.1092  0.1265   1.66e-03  1.2853  *
   19 0.241620 0.130901 0.324153   1.153580  0.1379  0.1117  0.1377   1.66e-03  1.3270
   20 0.250846 0.148252 0.291850   1.280243  0.1281  0.1088  0.1280   1.66e-03  1.4406
   21 0.257537 0.148485 0.309579   1.136850  0.1283  0.0970  0.1290   1.66e-03  1.7474
   22 0.248573 0.149785 0.298995   1.075275  0.1187  0.1048  0.1177   1.66e-03  1.4724
   23 0.225541 0.129232 0.304100   1.172460  0.1123  0.1067  0.1104   1.66e-03  1.1019
   24 0.227614 0.131411 0.260147   1.302318  0.1223  0.1007  0.1217   1.66e-03  1.3948
   25 0.221635 0.131786 0.281997   0.896681  0.1206  0.1048  0.1194   1.66e-03  1.6419
   26 0.245277 0.143588 0.290970   0.937989  0.1024  0.0892  0.1023   1.66e-03  1.3202
   27 0.244788 0.147810 0.275235   1.050012  0.1092  0.1076  0.1097   1.66e-03  1.7941
   28 0.264079 0.155818 0.305086   0.897856  0.1251  0.1119  0.1237   1.66e-03  1.3518
   29 0.238854 0.151205 0.275311   0.808815  0.1162  0.1096  0.1138   1.66e-03  1.7184  *
   30 0.195064 0.111144 0.255139   0.711411  0.1058  0.1122  0.1035   1.66e-03  1.2954  *
   31 0.179083 0.101328 0.259865   0.851544  0.1144  0.1002  0.1143   1.66e-03  1.2463
   32 0.181824 0.103833 0.256061   0.983603  0.1117  0.0985  0.1119   1.66e-03  1.1914
   33 0.213518 0.118743 0.269684   0.883706  0.1281  0.1087  0.1257   1.66e-03  1.1652
   34 2.123360 1.474651 0.368496   2.474095  0.0652  0.1050  0.0586   1.66e-03  4.1724
   35 0.984503 0.668536 0.400279   1.413145  0.0831  0.0971  0.0824   1.66e-03  2.1682
   36 0.835367 0.564689 0.355417   1.456028  0.1002  0.1007  0.0996   1.66e-03  0.8527
   37 0.969200 0.671002 0.245815   1.048952  0.0801  0.0992  0.0794   1.66e-03  2.3075
   38 1.614742 1.148710 0.238089   1.944810  0.0569  0.1009  0.0564   1.66e-03  2.3155
   39 1.715967 1.213057 0.233938   1.251660  0.0949  0.1017  0.0946   1.66e-03  0.9079
   40 0.898504 0.623709 0.215751   1.017216  0.1377  0.1066  0.1375   1.66e-03  0.7669
   41 0.833519 0.578736 0.210525   1.362071  0.1341  0.1059  0.1339   8.31e-04  0.5538
   42 0.972972 0.683594 0.178737   1.275450  0.1320  0.1068  0.1318   8.31e-04  0.8366
   43 0.744351 0.518699 0.169710   1.244592  0.1375  0.1010  0.1374   8.31e-04  0.7497
   44 1.008537 0.708708 0.183305   1.303761  0.1196  0.1006  0.1194   8.31e-04  1.0236
   45 0.849478 0.596422 0.160195   1.224000  0.1338  0.1062  0.1336   8.31e-04  1.5749
--------------------------------------------------------------------------------------------------------
Early stopping at epoch 45  (patience=15  best_epoch=30  best_val_loss=0.711411)
========================================================================================================
 Test Results  (linear, seed4)
--------------------------------------------------------------------------------------------------------
Test MSRR loss           1.129883
Test rank corr 6m         0.0925
Test base corr 6m         0.1064
Test path2 corr 6m        0.0903
--------------------------------------------------------------------------------------------------------
Best val loss 0.711411  (epoch 30)
Stopped epoch 45
Training time 519.3 seconds
--------------------------------------------------------------------------------------------------------
Weights results1/transformer/weights_linear_seed4.safetensors
Metrics results1/transformer/metrics_linear_seed4.json
========================================================================================================

applied tuned hyperparameters for per_feature from results1/transformer/transformer-hpt/best_params_per_feature.json
========================================================================================================
Variant per_feature  Seed 0
Path 1 d_model=64  d_ff=128  n_mlp_layers=2  dropout=0.12258946149529915
Path 2 path2_n_layers=1  path2_n_heads=4  path2_d_ff=128  min_firms_attention=30
Optimiser lr=5.14e-04  wd=1.49e-04  grad_clip=1.8758426447970822  patience=15
Loss MSRR (1 - r_pf)^2 + lambda_aux (1 - r_base)^2 + lambda_aux2 (1 - r_path2)^2  lambda_aux=0.3941323636553387  lambda_aux2=0.1827858362987672
 Data train_months=252  val_months=60
 Model 278,579 trainable parameters
========================================================================================================
Epoch TrnTotal  TrnMain   TrnAux    ValLoss  Corr6m  Base6m Path26m         LR   GNorm
--------------------------------------------------------------------------------------------------------
    1 1.327844 0.834003 0.863818   1.210017  0.1059  0.0922  0.1298   1.03e-04  1.3267
    2 1.147888 0.782279 0.648539   0.931463  0.1416  0.1008  0.1444   2.06e-04  9.8333
    3 1.163602 0.876876 0.520017   1.339813  0.1266  0.1047  0.1237   3.08e-04 15.6461
    4 0.861596 0.613908 0.500250   0.888966  0.1180  0.1043  0.1091   4.11e-04 15.9173
    5 0.985367 0.716532 0.530478   1.605472  0.1428  0.1197  0.1395   5.14e-04  9.8801
    6 0.567778 0.363875 0.409564   1.180614  0.1356  0.1067  0.1308   5.14e-04  7.8132  *
    7 0.473211 0.305259 0.319168   1.586741  0.1431  0.1117  0.1437   5.14e-04  8.7435
    8 0.390977 0.238236 0.284113   1.349945  0.1238  0.0994  0.1199   5.14e-04  5.3247
    9 0.347539 0.195185 0.281317   1.494909  0.1288  0.1042  0.1266   5.14e-04  4.6433
   10 0.285499 0.129461 0.293234   1.269679  0.1308  0.1078  0.1280   5.14e-04  3.3079
   11 0.287748 0.149533 0.255054   1.506328  0.1258  0.1042  0.1225   5.14e-04  4.6759
   12 0.253555 0.120355 0.248394   1.353868  0.1287  0.1048  0.1285   5.14e-04  3.6491
   13 0.301829 0.175992 0.231510   1.485731  0.1184  0.1051  0.1174   5.14e-04  4.9276
   14 0.266325 0.156398 0.192699   1.473878  0.1230  0.0983  0.1223   5.14e-04  4.1564
   15 0.291590 0.174021 0.216198   1.502242  0.1175  0.0923  0.1181   5.14e-04  4.3680
   16 0.247034 0.113625 0.250517   1.529221  0.1223  0.0927  0.1224   5.14e-04  2.9684
   17 0.260874 0.152457 0.194050   1.261724  0.1110  0.0926  0.1097   2.57e-04  3.2621
   18 0.191677 0.096897 0.172108   1.457431  0.1164  0.0991  0.1153   2.57e-04  2.8720
   19 0.170574 0.072283 0.181981   1.448996  0.1210  0.0990  0.1199   2.57e-04  2.0875
   20 0.157297 0.068259 0.161429   1.367230  0.1191  0.1018  0.1173   2.57e-04  2.1997
   21 0.176764 0.090423 0.158580   1.408892  0.1236  0.1014  0.1232   2.57e-04  2.9076
--------------------------------------------------------------------------------------------------------
Early stopping at epoch 21  (patience=15  best_epoch=6  best_val_loss=1.180614)
========================================================================================================
 Test Results  (per_feature, seed0)
--------------------------------------------------------------------------------------------------------
Test MSRR loss           6.146820
Test rank corr 6m         0.1008
Test base corr 6m         0.1101
Test path2 corr 6m        0.0926
--------------------------------------------------------------------------------------------------------
Best val loss 1.180614  (epoch 6)
Stopped epoch 21
Training time 262.0 seconds
--------------------------------------------------------------------------------------------------------
Weights results1/transformer/weights_per_feature_seed0.safetensors
Metrics results1/transformer/metrics_per_feature_seed0.json
========================================================================================================

========================================================================================================
Variant per_feature  Seed 1
Path 1 d_model=64  d_ff=128  n_mlp_layers=2  dropout=0.12258946149529915
Path 2 path2_n_layers=1  path2_n_heads=4  path2_d_ff=128  min_firms_attention=30
Optimiser lr=5.14e-04  wd=1.49e-04  grad_clip=1.8758426447970822  patience=15
Loss MSRR (1 - r_pf)^2 + lambda_aux (1 - r_base)^2 + lambda_aux2 (1 - r_path2)^2  lambda_aux=0.3941323636553387  lambda_aux2=0.1827858362987672
 Data train_months=252  val_months=60
 Model 278,579 trainable parameters
========================================================================================================
Epoch TrnTotal  TrnMain   TrnAux    ValLoss  Corr6m  Base6m Path26m         LR   GNorm
--------------------------------------------------------------------------------------------------------
    1 1.288883 0.805548 0.836507   1.121358  0.1022  0.0842  0.1299   1.03e-04  1.9488
    2 1.096994 0.725610 0.635841   0.865340  0.1296  0.0977  0.1328   2.06e-04  9.6536
    3 1.158348 0.843442 0.568308   2.557027  0.1248  0.1094  0.1081   3.08e-04 19.4869
    4 0.911274 0.619874 0.508247   1.700189  0.1306  0.1160  0.1203   4.11e-04 17.4043
    5 0.652102 0.425506 0.414637   1.507903  0.1240  0.1163  0.1085   5.14e-04  9.3473
    6 0.496740 0.283893 0.394481   1.931195  0.1121  0.1129  0.0995   5.14e-04  5.8249  *
    7 0.967911 0.753538 0.422030   1.514107  0.1186  0.1130  0.1103   5.14e-04 17.8402  *
    8 0.471006 0.256588 0.368951   2.037884  0.1222  0.1045  0.1210   5.14e-04  5.3146
    9 0.475269 0.303681 0.278555   1.839380  0.1078  0.1008  0.1049   5.14e-04  5.6200
   10 0.401524 0.219342 0.312862   1.928544  0.1088  0.1083  0.1057   5.14e-04  4.7789
   11 0.374388 0.219422 0.281946   1.417434  0.1079  0.1045  0.1034   5.14e-04  4.4907  *
   12 0.329940 0.191659 0.263944   1.678628  0.1126  0.1097  0.1089   5.14e-04  4.2390
   13 0.353704 0.210395 0.252004   1.446467  0.1021  0.1052  0.0994   5.14e-04  3.8168
   14 0.313854 0.183413 0.238037   1.475982  0.1103  0.1099  0.1072   5.14e-04  4.2951
   15 0.341568 0.194048 0.293749   1.336874  0.1222  0.1036  0.1222   5.14e-04  5.5331  *
   16 0.269942 0.149372 0.237013   1.047382  0.1213  0.1090  0.1166   5.14e-04  3.4883  *
   17 0.227952 0.108327 0.236116   1.150665  0.1131  0.1006  0.1097   5.14e-04  3.1188
   18 0.296029 0.167245 0.265337   1.079230  0.1104  0.1126  0.1057   5.14e-04  4.1783
   19 0.288048 0.121879 0.357153   1.332877  0.1169  0.0999  0.1169   5.14e-04  3.7920
   20 0.190483 0.087452 0.197278   0.945321  0.1207  0.1124  0.1154   5.14e-04  2.4707  *
   21 0.246978 0.116500 0.250603   1.345980  0.1128  0.1030  0.1114   5.14e-04  3.7596
   22 0.231882 0.123713 0.205907   1.293727  0.1062  0.1066  0.1027   5.14e-04  3.2218
   23 0.223912 0.126424 0.191178   1.285335  0.1133  0.1158  0.1073   5.14e-04  3.5150
   24 0.226159 0.116558 0.208842   0.910891  0.1207  0.1131  0.1178   5.14e-04  3.2811  *
   25 0.179949 0.083457 0.189406   1.294323  0.1065  0.1043  0.1041   5.14e-04  2.1428
   26 0.225112 0.120967 0.205551   1.279057  0.1125  0.0909  0.1139   5.14e-04  3.4685
   27 0.178007 0.081938 0.195243   1.078127  0.1220  0.1120  0.1183   5.14e-04  2.4284
   28 0.179685 0.076324 0.199827   1.124167  0.1123  0.0834  0.1145   5.14e-04  2.0254
   29 0.195219 0.095789 0.199735   1.179517  0.1121  0.1074  0.1098   5.14e-04  2.5992
   30 0.178577 0.078872 0.186775   1.131742  0.1130  0.0993  0.1132   5.14e-04  2.6996
   31 0.155211 0.064349 0.185955   1.051692  0.1174  0.1050  0.1162   5.14e-04  2.0805
   32 0.162874 0.070492 0.184246   1.288457  0.1043  0.0943  0.1030   5.14e-04  1.9220
   33 0.176292 0.083038 0.184127   1.402749  0.1117  0.0982  0.1104   5.14e-04  2.1811
   34 0.173286 0.073498 0.196949   1.023176  0.1116  0.0927  0.1101   5.14e-04  2.9728
   35 0.199415 0.094389 0.221394   1.095252  0.1092  0.0877  0.1085   2.57e-04  2.5641
   36 0.122495 0.053957 0.130120   1.174048  0.1112  0.0901  0.1101   2.57e-04  1.4787
   37 0.133531 0.054660 0.160857   1.215148  0.1156  0.0998  0.1132   2.57e-04  1.7593
   38 0.101248 0.037420 0.124257   1.128878  0.1102  0.0924  0.1089   2.57e-04  1.4126
   39 0.111735 0.040059 0.144341   0.980848  0.1142  0.1000  0.1111   2.57e-04  1.5358
--------------------------------------------------------------------------------------------------------
Early stopping at epoch 39  (patience=15  best_epoch=24  best_val_loss=0.910891)
========================================================================================================
 Test Results  (per_feature, seed1)
--------------------------------------------------------------------------------------------------------
Test MSRR loss           2.029291
Test rank corr 6m         0.1083
Test base corr 6m         0.1137
Test path2 corr 6m        0.0994
--------------------------------------------------------------------------------------------------------
Best val loss 0.910891  (epoch 24)
Stopped epoch 39
Training time 473.6 seconds
--------------------------------------------------------------------------------------------------------
Weights results1/transformer/weights_per_feature_seed1.safetensors
Metrics results1/transformer/metrics_per_feature_seed1.json
========================================================================================================

========================================================================================================
Variant per_feature  Seed 2
Path 1 d_model=64  d_ff=128  n_mlp_layers=2  dropout=0.12258946149529915
Path 2 path2_n_layers=1  path2_n_heads=4  path2_d_ff=128  min_firms_attention=30
Optimiser lr=5.14e-04  wd=1.49e-04  grad_clip=1.8758426447970822  patience=15
Loss MSRR (1 - r_pf)^2 + lambda_aux (1 - r_base)^2 + lambda_aux2 (1 - r_path2)^2  lambda_aux=0.3941323636553387  lambda_aux2=0.1827858362987672
 Data train_months=252  val_months=60
 Model 278,579 trainable parameters
========================================================================================================
Epoch TrnTotal  TrnMain   TrnAux    ValLoss  Corr6m  Base6m Path26m         LR   GNorm
--------------------------------------------------------------------------------------------------------
    1 1.318847 0.826358 0.852824   1.130513  0.1009  0.0790  0.1287   1.03e-04  1.6206
    2 1.069017 0.706066 0.623553   1.026050  0.1315  0.1020  0.1360   2.06e-04 13.0141
    3 1.058901 0.767619 0.546649   1.011059  0.1319  0.1128  0.1364   3.08e-04 12.0332
    4 0.830755 0.596248 0.433265   1.589879  0.1394  0.1119  0.1353   4.11e-04 14.3666
    5 0.788994 0.560392 0.442686   1.312824  0.1416  0.1246  0.1447   5.14e-04 12.2350
    6 1.235244 0.768467 1.041786   1.432748  0.1366  0.1248  0.1313   5.14e-04 23.8655  *
    7 0.453528 0.265917 0.358082   1.459139  0.1439  0.1144  0.1464   5.14e-04  6.2205
    8 0.596227 0.422303 0.321334   1.161742  0.1416  0.1205  0.1456   5.14e-04 10.9777  *
    9 0.383615 0.208534 0.339219   1.059166  0.1390  0.1263  0.1362   5.14e-04  6.5127  *
   10 0.381801 0.198153 0.368022   1.185380  0.1399  0.1238  0.1370   5.14e-04  5.2698
   11 0.288007 0.144162 0.282796   1.294708  0.1412  0.1271  0.1361   5.14e-04  4.4881
   12 0.327168 0.169125 0.296871   1.186573  0.1417  0.1181  0.1400   5.14e-04  4.0221
   13 0.360963 0.187501 0.349260   1.139718  0.1425  0.1245  0.1390   5.14e-04  5.6376
   14 0.257965 0.129984 0.248392   1.230572  0.1396  0.1182  0.1368   5.14e-04  3.2046
   15 0.277410 0.133570 0.283050   1.028198  0.1491  0.1303  0.1454   5.14e-04  4.4367  *
   16 0.252297 0.116175 0.261655   1.097813  0.1469  0.1191  0.1459   5.14e-04  3.7661
   17 0.212629 0.098219 0.216746   1.369690  0.1431  0.1183  0.1420   5.14e-04  3.1513
   18 0.223297 0.119699 0.193636   1.174407  0.1443  0.1177  0.1429   5.14e-04  4.0583
   19 0.201554 0.084159 0.226159   1.333739  0.1479  0.1268  0.1473   5.14e-04  2.4247
   20 0.349378 0.228672 0.232296   0.881779  0.1441  0.1274  0.1407   5.14e-04  5.4460  *
   21 0.213520 0.118435 0.173360   1.180779  0.1436  0.1234  0.1408   5.14e-04  3.3269
   22 0.235331 0.124562 0.200783   1.165527  0.1392  0.1089  0.1389   5.14e-04  3.5070
   23 0.270102 0.160906 0.219376   1.158537  0.1287  0.1139  0.1271   5.14e-04  4.8934
   24 0.247708 0.127668 0.232442   1.253661  0.1395  0.1160  0.1401   5.14e-04  4.3945
   25 0.188612 0.074359 0.232881   1.246442  0.1351  0.1258  0.1294   5.14e-04  3.6880
   26 0.176316 0.076629 0.188533   1.195339  0.1364  0.1232  0.1325   5.14e-04  2.3749
   27 0.162769 0.069399 0.177417   1.064251  0.1371  0.1163  0.1369   5.14e-04  2.0124
   28 0.137809 0.062867 0.133735   1.478165  0.1353  0.1156  0.1333   5.14e-04  2.1383
   29 0.159171 0.077743 0.146608   1.478399  0.1367  0.1192  0.1335   5.14e-04  2.0005
   30 0.147310 0.058551 0.170780   1.430036  0.1358  0.1195  0.1317   5.14e-04  1.9562
   31 0.138942 0.056978 0.154304   1.227249  0.1377  0.1201  0.1355   2.57e-04  1.9833
   32 0.126439 0.047085 0.153280   1.347911  0.1336  0.1234  0.1303   2.57e-04  1.7285
   33 0.110373 0.040591 0.130966   1.073721  0.1372  0.1238  0.1344   2.57e-04  1.7817
   34 0.100450 0.031691 0.130822   1.060093  0.1347  0.1119  0.1340   2.57e-04  1.3703
   35 0.100228 0.034505 0.123891   1.181150  0.1352  0.1130  0.1339   2.57e-04  1.7110
--------------------------------------------------------------------------------------------------------
Early stopping at epoch 35  (patience=15  best_epoch=20  best_val_loss=0.881779)
========================================================================================================
 Test Results  (per_feature, seed2)
--------------------------------------------------------------------------------------------------------
Test MSRR loss           1.288887
Test rank corr 6m         0.1116
Test base corr 6m         0.1250
Test path2 corr 6m        0.1003
--------------------------------------------------------------------------------------------------------
Best val loss 0.881779  (epoch 20)
Stopped epoch 35
Training time 425.4 seconds
--------------------------------------------------------------------------------------------------------
Weights results1/transformer/weights_per_feature_seed2.safetensors
Metrics results1/transformer/metrics_per_feature_seed2.json
========================================================================================================

========================================================================================================
Variant per_feature  Seed 3
Path 1 d_model=64  d_ff=128  n_mlp_layers=2  dropout=0.12258946149529915
Path 2 path2_n_layers=1  path2_n_heads=4  path2_d_ff=128  min_firms_attention=30
Optimiser lr=5.14e-04  wd=1.49e-04  grad_clip=1.8758426447970822  patience=15
Loss MSRR (1 - r_pf)^2 + lambda_aux (1 - r_base)^2 + lambda_aux2 (1 - r_path2)^2  lambda_aux=0.3941323636553387  lambda_aux2=0.1827858362987672
 Data train_months=252  val_months=60
 Model 278,579 trainable parameters
========================================================================================================
Epoch TrnTotal  TrnMain   TrnAux    ValLoss  Corr6m  Base6m Path26m         LR   GNorm
--------------------------------------------------------------------------------------------------------
    1 1.306294 0.818898 0.851132   1.164094  0.1089  0.0931  0.1342   1.03e-04  1.6320
    2 1.299776 0.934861 0.642462   1.187553  0.1322  0.0964  0.1326   2.06e-04 12.4134
    3 1.201066 0.900082 0.591145   1.028464  0.1313  0.1027  0.1319   3.08e-04 14.8509
    4 0.888979 0.599658 0.526795   1.497236  0.1337  0.1271  0.1180   4.11e-04 11.8825
    5 0.605533 0.350700 0.462782   2.136038  0.1326  0.1286  0.1227   5.14e-04 10.4396
    6 0.531776 0.277491 0.510763   1.930099  0.1254  0.1101  0.1133   5.14e-04  7.4082  *
    7 0.546635 0.349421 0.339116   2.141144  0.1275  0.1371  0.1135   5.14e-04  7.7715
    8 0.669288 0.437980 0.419953   1.412488  0.1039  0.1160  0.0961   5.14e-04  9.9575  *
    9 0.450251 0.211271 0.498495   2.773333  0.1074  0.1256  0.0933   5.14e-04  7.3185
   10 0.366331 0.201492 0.308551   1.150166  0.1275  0.1177  0.1180   5.14e-04  4.7472  *
   11 0.481432 0.328322 0.301686   1.863357  0.1255  0.1166  0.1176   5.14e-04  8.0043
   12 0.329741 0.195215 0.237416   3.554895  0.1246  0.1234  0.1108   5.14e-04  4.6033
   13 0.357300 0.229612 0.231769   5.331161  0.1213  0.1252  0.1142   5.14e-04  6.4551
   14 0.268864 0.146760 0.220257   3.487834  0.1256  0.1173  0.1205   5.14e-04  3.6613
   15 0.313160 0.196582 0.221221   1.584183  0.1259  0.1134  0.1227   5.14e-04  4.0917
   16 0.229946 0.120373 0.194926   1.543741  0.1231  0.1198  0.1165   5.14e-04  2.7162
   17 0.252821 0.154641 0.167879   1.433612  0.1240  0.1164  0.1159   5.14e-04  3.2095
   18 0.225238 0.129284 0.170509   3.870815  0.1206  0.1072  0.1155   5.14e-04  3.3954
   19 0.233412 0.117821 0.194218   1.471896  0.1183  0.1081  0.1159   5.14e-04  2.9312
   20 0.199744 0.102393 0.179562   3.519687  0.1231  0.1165  0.1186   5.14e-04  2.2091
   21 0.219450 0.121752 0.183556   1.128725  0.1247  0.1046  0.1218   5.14e-04  3.7632  *
   22 0.216684 0.121842 0.174353   1.366829  0.1235  0.1121  0.1209   5.14e-04  2.4291
   23 0.189392 0.093402 0.184257   1.378784  0.1202  0.1088  0.1173   5.14e-04  2.2118
   24 0.262710 0.162109 0.178973   3.740815  0.1279  0.1195  0.1227   5.14e-04  4.4540
   25 0.399235 0.252138 0.225499   1.828689  0.1231  0.1113  0.1208   5.14e-04  3.0637
   26 0.304224 0.196190 0.171699   1.847706  0.1288  0.1162  0.1236   5.14e-04  6.0319
   27 0.161349 0.076069 0.160939   1.683689  0.1204  0.1215  0.1146   5.14e-04  2.5458
   28 0.152443 0.075549 0.140422   1.370319  0.1269  0.1215  0.1220   5.14e-04  1.7702
   29 0.163296 0.088828 0.130952   1.983000  0.1214  0.1105  0.1181   5.14e-04  2.1987
   30 0.143407 0.071327 0.134375   1.438312  0.1250  0.1219  0.1188   5.14e-04  1.7246
   31 0.143131 0.073249 0.126029   1.155718  0.1162  0.1106  0.1139   5.14e-04  1.6278
   32 0.179185 0.094238 0.152563   1.368502  0.0987  0.1003  0.0963   2.57e-04  2.4160
   33 0.130008 0.059394 0.130995   1.434997  0.1098  0.1132  0.1058   2.57e-04  1.8010
   34 0.109985 0.040969 0.129510   1.720204  0.1094  0.1162  0.1051   2.57e-04  1.3797
   35 0.100575 0.039001 0.113747   1.628493  0.1113  0.1108  0.1076   2.57e-04  1.3976
   36 0.097852 0.037652 0.111699   1.402654  0.1091  0.1140  0.1051   2.57e-04  1.4594
--------------------------------------------------------------------------------------------------------
Early stopping at epoch 36  (patience=15  best_epoch=21  best_val_loss=1.128725)
========================================================================================================
 Test Results  (per_feature, seed3)
--------------------------------------------------------------------------------------------------------
Test MSRR loss           2.479546
Test rank corr 6m         0.0958
Test base corr 6m         0.1127
Test path2 corr 6m        0.0918
--------------------------------------------------------------------------------------------------------
Best val loss 1.128725  (epoch 21)
Stopped epoch 36
Training time 450.6 seconds
--------------------------------------------------------------------------------------------------------
Weights results1/transformer/weights_per_feature_seed3.safetensors
Metrics results1/transformer/metrics_per_feature_seed3.json
========================================================================================================

========================================================================================================
Variant per_feature  Seed 4
Path 1 d_model=64  d_ff=128  n_mlp_layers=2  dropout=0.12258946149529915
Path 2 path2_n_layers=1  path2_n_heads=4  path2_d_ff=128  min_firms_attention=30
Optimiser lr=5.14e-04  wd=1.49e-04  grad_clip=1.8758426447970822  patience=15
Loss MSRR (1 - r_pf)^2 + lambda_aux (1 - r_base)^2 + lambda_aux2 (1 - r_path2)^2  lambda_aux=0.3941323636553387  lambda_aux2=0.1827858362987672
 Data train_months=252  val_months=60
 Model 278,579 trainable parameters
========================================================================================================
Epoch TrnTotal  TrnMain   TrnAux    ValLoss  Corr6m  Base6m Path26m         LR   GNorm
--------------------------------------------------------------------------------------------------------
    1 1.304121 0.816876 0.833847   1.179906  0.1077  0.0935  0.1343   1.03e-04  1.5539
    2 0.881985 0.528086 0.604382   1.125604  0.1506  0.1037  0.1518   2.06e-04  8.8413
    3 1.240199 0.898263 0.552176   1.098639  0.1358  0.1099  0.1279   3.08e-04 16.8552
    4 1.137447 0.840843 0.547630   1.017627  0.1355  0.1218  0.1239   4.11e-04 19.3115
    5 0.715266 0.455071 0.473165   1.447217  0.1274  0.1101  0.1196   5.14e-04 12.0545
    6 0.565319 0.353654 0.378726   2.104459  0.1219  0.1155  0.1101   5.14e-04  7.7527  *
    7 0.526384 0.322323 0.403205   1.609820  0.1268  0.1165  0.1162   5.14e-04  7.9317  *
    8 0.508842 0.330891 0.326678   1.558644  0.1289  0.1072  0.1258   5.14e-04  7.0811  *
    9 0.423414 0.268907 0.294902   1.710209  0.1194  0.1101  0.1128   5.14e-04  5.0018
   10 0.388069 0.226939 0.282258   2.479587  0.1202  0.1027  0.1176   5.14e-04  4.9059
   11 0.530164 0.359797 0.322463   1.450121  0.1357  0.1092  0.1323   5.14e-04  6.8732  *
   12 0.325952 0.173212 0.259325   1.826318  0.1261  0.1098  0.1237   5.14e-04  4.5317
   13 0.329346 0.191452 0.252733   1.395438  0.1115  0.0971  0.1091   5.14e-04  3.6910  *
   14 0.434202 0.275229 0.315291   1.980718  0.1345  0.1117  0.1334   5.14e-04  7.0386
   15 0.290055 0.163523 0.242451   1.915031  0.1251  0.1081  0.1211   5.14e-04  3.9259
   16 0.235127 0.120051 0.214545   2.187424  0.1062  0.1013  0.1025   5.14e-04  3.6171
   17 0.209412 0.102991 0.205487   2.021887  0.1201  0.1057  0.1156   5.14e-04  2.8438
   18 0.220102 0.101371 0.241347   1.575131  0.1164  0.0964  0.1140   5.14e-04  3.5110
   19 0.256906 0.141884 0.236651   1.812504  0.1162  0.1108  0.1097   5.14e-04  3.5680
   20 0.235149 0.120463 0.221105   2.178827  0.1176  0.1045  0.1126   5.14e-04  2.9203
   21 0.231505 0.115044 0.237162   2.081745  0.1129  0.1004  0.1079   5.14e-04  2.9823
   22 0.203499 0.086790 0.236531   1.630770  0.1169  0.0976  0.1133   5.14e-04  3.1538
   23 0.246856 0.146385 0.197075   2.039888  0.1133  0.0966  0.1098   5.14e-04  3.2723
   24 0.171125 0.073479 0.197604   2.053404  0.1164  0.0988  0.1149   2.57e-04  2.3440
   25 0.132573 0.051629 0.160382   1.924411  0.1247  0.1035  0.1230   2.57e-04  1.6835
   26 0.140561 0.062799 0.155404   1.937711  0.1171  0.0964  0.1153   2.57e-04  2.2950
   27 0.145038 0.069427 0.151462   2.099842  0.1204  0.0990  0.1184   2.57e-04  2.2694
   28 0.118118 0.042485 0.152798   1.970325  0.1210  0.0989  0.1191   2.57e-04  1.6934
--------------------------------------------------------------------------------------------------------
Early stopping at epoch 28  (patience=15  best_epoch=13  best_val_loss=1.395438)
========================================================================================================
 Test Results  (per_feature, seed4)
--------------------------------------------------------------------------------------------------------
Test MSRR loss           1.779897
Test rank corr 6m         0.0697
Test base corr 6m         0.0992
Test path2 corr 6m        0.0647
--------------------------------------------------------------------------------------------------------
Best val loss 1.395438  (epoch 13)
Stopped epoch 28
Training time 345.8 seconds
--------------------------------------------------------------------------------------------------------
Weights results1/transformer/weights_per_feature_seed4.safetensors
Metrics results1/transformer/metrics_per_feature_seed4.json
========================================================================================================

applied tuned hyperparameters for ple from results1/transformer/transformer-hpt/best_params_ple.json
========================================================================================================
Variant ple  Seed 0
Path 1 d_model=64  d_ff=256  n_mlp_layers=3  dropout=0.12631562385219522
Path 2 path2_n_layers=2  path2_n_heads=4  path2_d_ff=256  min_firms_attention=30
Optimiser lr=1.97e-04  wd=3.69e-04  grad_clip=4.998109836892385  patience=15
Loss MSRR (1 - r_pf)^2 + lambda_aux (1 - r_base)^2 + lambda_aux2 (1 - r_path2)^2  lambda_aux=0.2897283588696118  lambda_aux2=0.18984982258697092
 Data train_months=252  val_months=60
 Model 996,043 trainable parameters
========================================================================================================
Epoch TrnTotal  TrnMain   TrnAux    ValLoss  Corr6m  Base6m Path26m         LR   GNorm
--------------------------------------------------------------------------------------------------------
    1 1.176367 0.784195 0.790294   0.894657  0.0904  0.0842  0.1266   3.94e-05  1.9308
    2 1.034088 0.699310 0.674233   0.735980  0.0863  0.1090  0.0665   7.88e-05 12.2823
    3 0.823692 0.577163 0.497707   1.196750  0.1215  0.1178  0.0995   1.18e-04  9.5699
    4 0.523440 0.323042 0.314505   0.968698  0.1171  0.1088  0.1059   1.58e-04  8.2193
    5 0.485404 0.281291 0.393692   1.077952  0.1210  0.1024  0.1123   1.97e-04  9.4117
    6 0.300774 0.157678 0.191109   1.701967  0.1218  0.1122  0.1088   1.97e-04  5.0555  *
    7 0.328016 0.190149 0.204328   1.114686  0.1142  0.0989  0.1085   1.97e-04  5.6258  *
    8 0.278259 0.162588 0.167523   1.462932  0.1283  0.1128  0.1208   1.97e-04  4.8666
    9 0.242015 0.132221 0.150440   1.154657  0.1005  0.0925  0.0908   1.97e-04  6.5681
   10 0.238196 0.139278 0.150316   1.489381  0.1220  0.1001  0.1147   1.97e-04  4.8365
   11 0.247021 0.136789 0.135745   0.908403  0.1033  0.0855  0.1018   1.97e-04  3.6875  *
   12 0.205798 0.117356 0.114434   1.408200  0.1115  0.0985  0.1008   1.97e-04  3.4737
   13 0.185585 0.100657 0.137530   1.380935  0.0945  0.0867  0.0814   1.97e-04  3.5082
   14 0.179989 0.092449 0.125396   1.340704  0.1075  0.0961  0.0973   1.97e-04  3.1786
   15 0.187889 0.115013 0.107071   1.659630  0.1101  0.0918  0.1013   1.97e-04  3.0367
   16 0.171379 0.095084 0.101254   1.635807  0.1039  0.0813  0.0979   1.97e-04  2.6244
   17 0.157433 0.076599 0.109630   1.439503  0.1055  0.0941  0.0953   1.97e-04  2.2046
   18 0.177732 0.109820 0.084469   1.418872  0.1030  0.0991  0.0856   1.97e-04  2.6526
   19 0.150694 0.079882 0.099734   1.361355  0.1047  0.0901  0.0924   1.97e-04  2.1872
   20 0.189128 0.125697 0.084077   1.260736  0.1133  0.0821  0.1039   1.97e-04  2.4817
   21 0.162798 0.097236 0.096980   1.279590  0.1087  0.0884  0.1034   1.97e-04  2.8487
   22 0.151044 0.086024 0.099396   1.566292  0.1084  0.0792  0.1049   9.85e-05  2.4104
   23 0.087716 0.039192 0.070981   1.397371  0.1080  0.0874  0.1019   9.85e-05  1.3873
   24 0.080436 0.038439 0.052535   1.424761  0.1071  0.0806  0.1030   9.85e-05  1.2608
   25 0.079744 0.036663 0.057858   1.447821  0.1040  0.0822  0.0987   9.85e-05  1.2848
   26 0.069165 0.027427 0.051155   1.516082  0.1054  0.0808  0.1014   9.85e-05  1.0117
--------------------------------------------------------------------------------------------------------
Early stopping at epoch 26  (patience=15  best_epoch=11  best_val_loss=0.908403)
========================================================================================================
 Test Results  (ple, seed0)
--------------------------------------------------------------------------------------------------------
Test MSRR loss           0.609165
Test rank corr 6m         0.1016
Test base corr 6m         0.0956
Test path2 corr 6m        0.0936
--------------------------------------------------------------------------------------------------------
Best val loss 0.908403  (epoch 11)
Stopped epoch 26
Training time 473.0 seconds
--------------------------------------------------------------------------------------------------------
Weights results1/transformer/weights_ple_seed0.safetensors
Metrics results1/transformer/metrics_ple_seed0.json
========================================================================================================

========================================================================================================
Variant ple  Seed 1
Path 1 d_model=64  d_ff=256  n_mlp_layers=3  dropout=0.12631562385219522
Path 2 path2_n_layers=2  path2_n_heads=4  path2_d_ff=256  min_firms_attention=30
Optimiser lr=1.97e-04  wd=3.69e-04  grad_clip=4.998109836892385  patience=15
Loss MSRR (1 - r_pf)^2 + lambda_aux (1 - r_base)^2 + lambda_aux2 (1 - r_path2)^2  lambda_aux=0.2897283588696118  lambda_aux2=0.18984982258697092
 Data train_months=252  val_months=60
 Model 996,043 trainable parameters
========================================================================================================
Epoch TrnTotal  TrnMain   TrnAux    ValLoss  Corr6m  Base6m Path26m         LR   GNorm
--------------------------------------------------------------------------------------------------------
    1 1.190154 0.792576 0.797464   0.855100  0.1011  0.0882  0.1334   3.94e-05  2.0544
    2 0.951869 0.650081 0.565227   0.726712  0.1167  0.1172  0.1054   7.88e-05 15.1079
    3 0.768368 0.528825 0.453695   0.833826  0.1386  0.1308  0.1259   1.18e-04 14.8718
    4 0.551717 0.346653 0.344669   1.207069  0.1155  0.1347  0.0780   1.58e-04 10.3602
    5 0.366526 0.218412 0.262688   0.773731  0.1258  0.1054  0.1260   1.97e-04  7.3513
    6 0.484296 0.338323 0.221603   0.883744  0.1142  0.0979  0.1082   1.97e-04  9.5172  *
    7 0.301891 0.193821 0.170535   1.055702  0.1179  0.0802  0.1258   1.97e-04  7.1552
    8 0.362472 0.232847 0.247949   0.838991  0.1096  0.0663  0.1264   1.97e-04  8.8301  *
    9 0.235419 0.136745 0.133208   0.726206  0.1110  0.0825  0.1214   1.97e-04  5.0171  *
   10 0.174912 0.096229 0.131069   0.984134  0.1168  0.0798  0.1277   1.97e-04  3.5704
   11 0.147664 0.078042 0.105048   0.855618  0.0944  0.0547  0.1043   1.97e-04  2.6525
   12 0.146351 0.078948 0.107532   0.948657  0.1157  0.0788  0.1176   1.97e-04  2.6747
   13 0.138216 0.068894 0.113452   0.877898  0.1146  0.0692  0.1226   1.97e-04  2.8076
   14 0.148577 0.083309 0.099165   0.743336  0.1068  0.0606  0.1209   1.97e-04  3.4563
   15 0.130504 0.066046 0.106059   0.755206  0.1092  0.0751  0.1146   1.97e-04  2.5882
   16 0.130138 0.062069 0.118856   0.594142  0.0936  0.0589  0.0997   1.97e-04  2.6374  *
   17 0.132940 0.078341 0.071603   0.723117  0.0999  0.0723  0.1057   1.97e-04  2.6946
   18 0.106976 0.054150 0.062518   0.860882  0.1127  0.0635  0.1207   1.97e-04  1.8775
   19 0.105601 0.056175 0.072297   0.858449  0.0957  0.0569  0.0965   1.97e-04  1.7204
   20 0.123503 0.073373 0.066377   0.990865  0.1111  0.0641  0.1131   1.97e-04  2.1867
   21 0.104756 0.056236 0.068017   0.826472  0.1079  0.0760  0.1090   1.97e-04  1.7337
   22 0.186277 0.113436 0.081484   0.920166  0.0740  0.0648  0.0718   1.97e-04  4.4687
   23 0.108585 0.056718 0.067832   0.725365  0.0894  0.0641  0.0900   1.97e-04  1.9990
   24 0.097032 0.049709 0.064771   1.063839  0.1019  0.0690  0.1019   1.97e-04  1.7839
   25 0.095815 0.048864 0.071103   0.817925  0.0953  0.0651  0.0972   1.97e-04  1.6217
   26 0.134106 0.069344 0.085665   0.696337  0.0968  0.0684  0.0982   1.97e-04  1.8422
   27 0.109223 0.055636 0.068029   0.862332  0.0931  0.0695  0.0977   9.85e-05  1.9751
   28 0.077164 0.030535 0.047713   0.886012  0.0872  0.0661  0.0900   9.85e-05  1.3095
   29 0.069139 0.032876 0.041120   0.909034  0.0861  0.0560  0.0895   9.85e-05  1.0935
   30 0.056853 0.022939 0.041666   0.971990  0.0895  0.0709  0.0902   9.85e-05  0.9318
   31 0.054496 0.023037 0.035366   0.734406  0.0880  0.0617  0.0900   9.85e-05  1.0337
--------------------------------------------------------------------------------------------------------
Early stopping at epoch 31  (patience=15  best_epoch=16  best_val_loss=0.594142)
========================================================================================================
 Test Results  (ple, seed1)
--------------------------------------------------------------------------------------------------------
Test MSRR loss           2.763473
Test rank corr 6m         0.1104
Test base corr 6m         0.0776
Test path2 corr 6m        0.1115
--------------------------------------------------------------------------------------------------------
Best val loss 0.594142  (epoch 16)
Stopped epoch 31
Training time 563.6 seconds
--------------------------------------------------------------------------------------------------------
Weights results1/transformer/weights_ple_seed1.safetensors
Metrics results1/transformer/metrics_ple_seed1.json
========================================================================================================

========================================================================================================
Variant ple  Seed 2
Path 1 d_model=64  d_ff=256  n_mlp_layers=3  dropout=0.12631562385219522
Path 2 path2_n_layers=2  path2_n_heads=4  path2_d_ff=256  min_firms_attention=30
Optimiser lr=1.97e-04  wd=3.69e-04  grad_clip=4.998109836892385  patience=15
Loss MSRR (1 - r_pf)^2 + lambda_aux (1 - r_base)^2 + lambda_aux2 (1 - r_path2)^2  lambda_aux=0.2897283588696118  lambda_aux2=0.18984982258697092
 Data train_months=252  val_months=60
 Model 996,043 trainable parameters
========================================================================================================
Epoch TrnTotal  TrnMain   TrnAux    ValLoss  Corr6m  Base6m Path26m         LR   GNorm
--------------------------------------------------------------------------------------------------------
    1 1.224824 0.815433 0.817973   0.948994  0.0812  0.0683  0.1226   3.94e-05  1.7730
    2 0.890964 0.583534 0.575212   0.890139  0.1215  0.1228  0.0999   7.88e-05 13.3307
    3 0.532163 0.320687 0.350950   0.817348  0.1188  0.1146  0.1008   1.18e-04 12.1188
    4 0.496662 0.317990 0.280840   1.062761  0.1186  0.1064  0.1098   1.58e-04  9.7255
    5 0.385516 0.241719 0.238276   0.997959  0.1316  0.1167  0.1253   1.97e-04  7.3933
    6 0.412117 0.280340 0.235991   1.002965  0.1105  0.1008  0.0947   1.97e-04  6.7711  *
    7 0.240026 0.138979 0.170661   1.638441  0.1214  0.1133  0.1141   1.97e-04  4.0408
    8 0.287445 0.178322 0.164970   0.940760  0.1206  0.1084  0.1126   1.97e-04  6.4313  *
    9 0.235169 0.142415 0.156302   1.059535  0.1248  0.0961  0.1248   1.97e-04  4.2072
   10 0.205645 0.123153 0.136230   1.227683  0.1194  0.0978  0.1179   1.97e-04  4.3056
   11 0.230553 0.141988 0.125513   0.908933  0.1358  0.1111  0.1324   1.97e-04  3.6044  *
   12 0.160352 0.084621 0.122311   1.298933  0.1345  0.1072  0.1309   1.97e-04  2.8066
   13 0.187117 0.120775 0.106935   1.484096  0.1248  0.0771  0.1294   1.97e-04  3.1788
   14 0.203674 0.124540 0.130497   1.367686  0.1145  0.0954  0.1091   1.97e-04  3.7755
   15 0.183418 0.108920 0.130419   1.434345  0.1080  0.0915  0.1056   1.97e-04  3.0697
   16 0.162436 0.096673 0.095921   1.344019  0.1121  0.0861  0.1108   1.97e-04  2.3222
   17 0.174508 0.113188 0.097518   1.642254  0.1083  0.0934  0.1065   1.97e-04  2.5235
   18 0.161603 0.100649 0.099869   1.503726  0.1090  0.0954  0.1059   1.97e-04  2.6659
   19 0.160494 0.098814 0.086298   1.433199  0.1107  0.0881  0.1121   1.97e-04  2.2815
   20 0.141668 0.087382 0.072245   1.356728  0.1112  0.0967  0.1122   1.97e-04  2.3368
   21 0.124064 0.067572 0.084414   1.222355  0.1022  0.0882  0.1024   1.97e-04  2.8497
   22 0.115647 0.064804 0.066659   1.613575  0.1086  0.0796  0.1064   9.85e-05  2.0620
   23 0.091947 0.051429 0.056129   1.562334  0.1115  0.0788  0.1133   9.85e-05  1.3574
   24 0.083149 0.044948 0.046812   1.501186  0.1129  0.0842  0.1129   9.85e-05  1.5727
   25 0.084703 0.047088 0.048409   1.413582  0.1113  0.0910  0.1100   9.85e-05  1.3890
   26 0.086718 0.047007 0.054565   1.478162  0.1122  0.0929  0.1111   9.85e-05  1.8489
--------------------------------------------------------------------------------------------------------
Early stopping at epoch 26  (patience=15  best_epoch=11  best_val_loss=0.908933)
========================================================================================================
 Test Results  (ple, seed2)
--------------------------------------------------------------------------------------------------------
Test MSRR loss           0.598423
Test rank corr 6m         0.1245
Test base corr 6m         0.1155
Test path2 corr 6m        0.1138
--------------------------------------------------------------------------------------------------------
Best val loss 0.908933  (epoch 11)
Stopped epoch 26
Training time 472.6 seconds
--------------------------------------------------------------------------------------------------------
Weights results1/transformer/weights_ple_seed2.safetensors
Metrics results1/transformer/metrics_ple_seed2.json
========================================================================================================

========================================================================================================
Variant ple  Seed 3
Path 1 d_model=64  d_ff=256  n_mlp_layers=3  dropout=0.12631562385219522
Path 2 path2_n_layers=2  path2_n_heads=4  path2_d_ff=256  min_firms_attention=30
Optimiser lr=1.97e-04  wd=3.69e-04  grad_clip=4.998109836892385  patience=15
Loss MSRR (1 - r_pf)^2 + lambda_aux (1 - r_base)^2 + lambda_aux2 (1 - r_path2)^2  lambda_aux=0.2897283588696118  lambda_aux2=0.18984982258697092
 Data train_months=252  val_months=60
 Model 996,043 trainable parameters
========================================================================================================
Epoch TrnTotal  TrnMain   TrnAux    ValLoss  Corr6m  Base6m Path26m         LR   GNorm
--------------------------------------------------------------------------------------------------------
    1 1.172027 0.782514 0.788981   1.055789  0.1040  0.1004  0.1313   3.94e-05  1.8172
    2 0.905297 0.592824 0.574274   0.880422  0.1239  0.1243  0.0964   7.88e-05 10.3405
    3 0.567521 0.356378 0.421562   0.739024  0.1354  0.1264  0.1194   1.18e-04 10.5813
    4 0.614408 0.424248 0.366930   1.089584  0.1088  0.1093  0.0833   1.58e-04 13.5345
    5 0.588388 0.382428 0.430129   1.237371  0.1148  0.0978  0.0972   1.97e-04 11.3838
    6 0.414100 0.251023 0.282448   1.441013  0.0942  0.0833  0.0887   1.97e-04  5.5184  *
    7 0.448980 0.302282 0.299628   0.814977  0.1178  0.1042  0.1105   1.97e-04  6.6069  *
    8 0.216348 0.118297 0.161931   1.093164  0.0956  0.0761  0.1031   1.97e-04  3.7039
    9 0.254512 0.150174 0.218092   1.516689  0.0939  0.0869  0.0925   1.97e-04  5.4359
   10 0.208978 0.128236 0.139667   1.209560  0.0946  0.0791  0.0919   1.97e-04  4.3688
   11 0.222483 0.143383 0.128341   1.499954  0.0954  0.0748  0.0973   1.97e-04  4.2780
   12 0.178468 0.099192 0.135166   1.334322  0.0965  0.0855  0.1002   1.97e-04  3.2807
   13 0.167933 0.092668 0.109538   1.292271  0.1063  0.1003  0.1080   1.97e-04  2.6240
   14 0.174711 0.094290 0.125703   1.199681  0.1074  0.0930  0.1127   1.97e-04  3.4768
   15 0.158890 0.083826 0.113497   1.077197  0.1126  0.0900  0.1193   1.97e-04  2.6074
   16 0.164065 0.087121 0.106131   1.350123  0.1071  0.0877  0.1105   1.97e-04  2.3219
   17 0.142746 0.073452 0.095865   0.925456  0.1195  0.0918  0.1199   1.97e-04  2.2829
   18 0.187520 0.118431 0.090623   0.901242  0.0966  0.0843  0.0962   9.85e-05  3.7608
   19 0.159992 0.089905 0.073231   1.132386  0.0948  0.0855  0.0945   9.85e-05  2.0156
   20 0.135148 0.073634 0.074317   1.338136  0.0968  0.0788  0.0990   9.85e-05  2.7257
   21 0.114004 0.058964 0.070796   1.169516  0.0979  0.0813  0.0993   9.85e-05  1.8401
   22 0.106468 0.052259 0.070184   1.106293  0.0974  0.0680  0.1032   9.85e-05  1.5385
--------------------------------------------------------------------------------------------------------
Early stopping at epoch 22  (patience=15  best_epoch=7  best_val_loss=0.814977)
========================================================================================================
 Test Results  (ple, seed3)
--------------------------------------------------------------------------------------------------------
Test MSRR loss           1.436982
Test rank corr 6m         0.1199
Test base corr 6m         0.1040
Test path2 corr 6m        0.1111
--------------------------------------------------------------------------------------------------------
Best val loss 0.814977  (epoch 7)
Stopped epoch 22
Training time 400.1 seconds
--------------------------------------------------------------------------------------------------------
Weights results1/transformer/weights_ple_seed3.safetensors
Metrics results1/transformer/metrics_ple_seed3.json
========================================================================================================

========================================================================================================
Variant ple  Seed 4
Path 1 d_model=64  d_ff=256  n_mlp_layers=3  dropout=0.12631562385219522
Path 2 path2_n_layers=2  path2_n_heads=4  path2_d_ff=256  min_firms_attention=30
Optimiser lr=1.97e-04  wd=3.69e-04  grad_clip=4.998109836892385  patience=15
Loss MSRR (1 - r_pf)^2 + lambda_aux (1 - r_base)^2 + lambda_aux2 (1 - r_path2)^2  lambda_aux=0.2897283588696118  lambda_aux2=0.18984982258697092
 Data train_months=252  val_months=60
 Model 996,043 trainable parameters
========================================================================================================
Epoch TrnTotal  TrnMain   TrnAux    ValLoss  Corr6m  Base6m Path26m         LR   GNorm
--------------------------------------------------------------------------------------------------------
    1 1.190863 0.789545 0.792617   0.889895  0.0772  0.0643  0.1161   3.94e-05  2.0311
    2 0.932726 0.617525 0.591225   0.853867  0.1311  0.1229  0.1142   7.88e-05 14.1947
    3 0.680094 0.449384 0.457356   0.834449  0.1151  0.1246  0.0790   1.18e-04 19.0858
    4 0.737534 0.540819 0.355425   0.945259  0.0964  0.0771  0.0885   1.58e-04 15.2344
    5 0.505000 0.336057 0.247283   1.090048  0.1097  0.1088  0.0896   1.97e-04  9.2336
    6 0.689878 0.501435 0.396756   0.860044  0.1103  0.1010  0.0897   1.97e-04 13.9575  *
    7 0.332894 0.213941 0.209562   0.993696  0.0997  0.0869  0.0919   1.97e-04  5.1324
    8 0.302286 0.197259 0.159411   0.935450  0.1046  0.1038  0.0916   1.97e-04  5.5334
    9 0.212775 0.122774 0.120878   1.275496  0.1011  0.0984  0.0897   1.97e-04  3.4331
   10 0.181096 0.103702 0.117983   1.128008  0.1202  0.1108  0.1114   1.97e-04  2.8447
   11 0.178080 0.093089 0.113582   0.871203  0.1033  0.0885  0.1015   1.97e-04  3.8009
   12 0.165796 0.087994 0.115883   1.177124  0.0773  0.0834  0.0697   1.97e-04  2.9259
   13 0.135050 0.068926 0.082072   1.201217  0.1026  0.0923  0.1009   1.97e-04  2.3824
   14 0.136663 0.070886 0.101356   1.192601  0.0969  0.1019  0.0854   1.97e-04  2.6381
   15 0.122632 0.064084 0.072877   1.072605  0.0926  0.0983  0.0795   1.97e-04  2.4929
   16 0.103956 0.048773 0.073215   1.009969  0.0899  0.0748  0.0858   1.97e-04  1.7541
   17 0.141298 0.077950 0.101219   0.973735  0.0886  0.0816  0.0861   9.85e-05  2.6074
   18 0.087540 0.041698 0.053378   0.954896  0.0945  0.0817  0.0932   9.85e-05  1.4279
   19 0.081125 0.038254 0.054005   1.102022  0.0862  0.0796  0.0851   9.85e-05  1.4524
   20 0.071407 0.031284 0.047402   1.160053  0.0881  0.0869  0.0857   9.85e-05  1.1618
   21 0.072634 0.033254 0.043465   1.039005  0.0917  0.0898  0.0900   9.85e-05  1.3152
--------------------------------------------------------------------------------------------------------
Early stopping at epoch 21  (patience=15  best_epoch=6  best_val_loss=0.860044)
========================================================================================================
 Test Results  (ple, seed4)
--------------------------------------------------------------------------------------------------------
Test MSRR loss           4.698075
Test rank corr 6m         0.1417
Test base corr 6m         0.1067
Test path2 corr 6m        0.1329
--------------------------------------------------------------------------------------------------------
Best val loss 0.860044  (epoch 6)
Stopped epoch 21
Training time 382.3 seconds
--------------------------------------------------------------------------------------------------------
Weights results1/transformer/weights_ple_seed4.safetensors
Metrics results1/transformer/metrics_ple_seed4.json
========================================================================================================

applied tuned hyperparameters for periodic from results1/transformer/transformer-hpt/best_params_periodic.json
========================================================================================================
Variant periodic  Seed 0
Path 1 d_model=96  d_ff=192  n_mlp_layers=3  dropout=0.09842635417115245
Path 2 path2_n_layers=1  path2_n_heads=1  path2_d_ff=256  min_firms_attention=30
Optimiser lr=6.04e-04  wd=5.82e-06  grad_clip=0.4237324586271476  patience=15
Loss MSRR (1 - r_pf)^2 + lambda_aux (1 - r_base)^2 + lambda_aux2 (1 - r_path2)^2  lambda_aux=0.44217854227941356  lambda_aux2=0.31775287074611347
 Data train_months=252  val_months=60
 Model 264,435 trainable parameters
========================================================================================================
Epoch TrnTotal  TrnMain   TrnAux    ValLoss  Corr6m  Base6m Path26m         LR   GNorm
--------------------------------------------------------------------------------------------------------
    1 1.477753 0.821671 0.870429   1.177554  0.1163  0.1009  0.1371   1.21e-04  1.8321
    2 1.178404 0.751829 0.575164   1.527502  0.1368  0.1153  0.1486   2.41e-04 11.7638
    3 1.070088 0.656944 0.654058   1.801397  0.1447  0.1233  0.1463   3.62e-04 17.2026
    4 0.980943 0.695871 0.437646   2.498354  0.1343  0.1175  0.1411   4.83e-04 13.1531
    5 0.838787 0.545024 0.428201   1.138389  0.1394  0.1146  0.1417   6.04e-04 10.7185
    6 0.559482 0.276745 0.421890   1.426335  0.1468  0.1224  0.1502   6.04e-04  7.1464  *
    7 0.598830 0.291106 0.526492   1.417915  0.1443  0.1172  0.1402   6.04e-04  9.0301  *
    8 0.711979 0.475791 0.364350   1.737064  0.1378  0.1204  0.1268   6.04e-04  8.3210
    9 0.712931 0.458845 0.324089   2.230269  0.1408  0.1280  0.1379   6.04e-04 10.8450
   10 0.758565 0.489116 0.353989   1.610831  0.1291  0.1045  0.1271   6.04e-04  8.2100
   11 0.707811 0.445668 0.304575   0.883643  0.1412  0.1226  0.1428   6.04e-04  7.3256  *
   12 0.495240 0.287262 0.336668   1.246397  0.1386  0.1303  0.1333   6.04e-04  7.2929
   13 0.490891 0.301964 0.319942   1.318563  0.1416  0.1308  0.1391   6.04e-04  7.6966
   14 0.553376 0.276722 0.518644   1.238735  0.1398  0.1292  0.1366   6.04e-04  6.7388
   15 0.571547 0.360277 0.377852   1.878800  0.1432  0.1333  0.1394   6.04e-04  8.6177
   16 0.484280 0.264162 0.402036   1.568345  0.1375  0.1251  0.1350   6.04e-04  6.9506
   17 0.615276 0.327872 0.542343   1.531628  0.1352  0.1233  0.1338   6.04e-04  7.2063
   18 0.357109 0.171874 0.328088   1.628599  0.1424  0.1255  0.1421   6.04e-04  6.6373
   19 0.312454 0.164997 0.239111   1.889938  0.1425  0.1234  0.1421   6.04e-04  3.7157
   20 0.341209 0.127624 0.399356   1.608187  0.1357  0.1312  0.1334   6.04e-04  4.3442
   21 0.336065 0.195353 0.244175   1.359900  0.1430  0.1228  0.1448   6.04e-04  4.6698
   22 0.316472 0.147931 0.301249   1.364404  0.1351  0.1262  0.1350   3.02e-04  5.1175
   23 0.253049 0.107481 0.247918   1.391006  0.1319  0.1239  0.1315   3.02e-04  3.4022
   24 0.311130 0.104725 0.391736   1.515021  0.1382  0.1223  0.1387   3.02e-04  4.2308
   25 0.234917 0.122269 0.187907   1.441873  0.1417  0.1258  0.1418   3.02e-04  3.7267
   26 0.271145 0.137768 0.237384   1.400468  0.1414  0.1229  0.1422   3.02e-04  4.7844
--------------------------------------------------------------------------------------------------------
Early stopping at epoch 26  (patience=15  best_epoch=11  best_val_loss=0.883643)
========================================================================================================
 Test Results  (periodic, seed0)
--------------------------------------------------------------------------------------------------------
Test MSRR loss           0.774475
Test rank corr 6m         0.1046
Test base corr 6m         0.1127
Test path2 corr 6m        0.0990
--------------------------------------------------------------------------------------------------------
Best val loss 0.883643  (epoch 11)
Stopped epoch 26
Training time 319.1 seconds
--------------------------------------------------------------------------------------------------------
Weights results1/transformer/weights_periodic_seed0.safetensors
Metrics results1/transformer/metrics_periodic_seed0.json
========================================================================================================

========================================================================================================
Variant periodic  Seed 1
Path 1 d_model=96  d_ff=192  n_mlp_layers=3  dropout=0.09842635417115245
Path 2 path2_n_layers=1  path2_n_heads=1  path2_d_ff=256  min_firms_attention=30
Optimiser lr=6.04e-04  wd=5.82e-06  grad_clip=0.4237324586271476  patience=15
Loss MSRR (1 - r_pf)^2 + lambda_aux (1 - r_base)^2 + lambda_aux2 (1 - r_path2)^2  lambda_aux=0.44217854227941356  lambda_aux2=0.31775287074611347
 Data train_months=252  val_months=60
 Model 264,435 trainable parameters
========================================================================================================
Epoch TrnTotal  TrnMain   TrnAux    ValLoss  Corr6m  Base6m Path26m         LR   GNorm
--------------------------------------------------------------------------------------------------------
    1 1.465686 0.807650 0.874219   1.138622  0.1171  0.1071  0.1331   1.21e-04  1.5989
    2 1.120458 0.683650 0.590536   1.908766  0.1343  0.1170  0.1426   2.41e-04 10.5561
    3 1.390376 1.012119 0.602632   2.147089  0.1364  0.1183  0.1369   3.62e-04 19.4473
    4 0.939638 0.641831 0.442293   1.843264  0.1232  0.1144  0.1230   4.83e-04  9.8879
    5 1.086221 0.765546 0.407880   5.515272  0.1389  0.1237  0.1413   6.04e-04 10.0163
    6 0.653766 0.397315 0.419579   1.662718  0.1361  0.1229  0.1337   6.04e-04  9.7275  *
    7 0.810754 0.564969 0.364677   1.715252  0.1334  0.1233  0.1306   6.04e-04  9.5867
    8 0.868417 0.657607 0.328704   1.935004  0.1362  0.1201  0.1365   6.04e-04 12.6080
    9 0.606085 0.365879 0.409278   1.532659  0.1306  0.1094  0.1327   6.04e-04  9.5520  *
   10 0.533737 0.319514 0.369827   1.785345  0.1360  0.1239  0.1346   6.04e-04  7.5184
   11 0.447072 0.236498 0.346652   1.330947  0.1361  0.1203  0.1377   6.04e-04  6.5413  *
   12 0.519409 0.292682 0.385566   1.356850  0.1354  0.1164  0.1384   6.04e-04  6.1455
   13 0.443568 0.253383 0.309451   2.123302  0.1341  0.1235  0.1335   6.04e-04  6.0794
   14 0.459351 0.277788 0.300791   2.622086  0.1382  0.1324  0.1346   6.04e-04  6.2949
   15 0.473947 0.260555 0.359698   1.576732  0.1356  0.1207  0.1367   6.04e-04  6.5159
   16 0.422981 0.259608 0.266054   2.466569  0.1387  0.1323  0.1363   6.04e-04  7.0944
   17 0.346598 0.185643 0.278774   1.568691  0.1379  0.1294  0.1348   6.04e-04  5.3022
   18 0.325180 0.161824 0.269427   1.693720  0.1299  0.1188  0.1308   6.04e-04  4.5568
   19 0.337333 0.158012 0.326609   1.554112  0.1315  0.1183  0.1342   6.04e-04  4.8884
   20 0.346667 0.204737 0.228337   2.929089  0.1370  0.1315  0.1344   6.04e-04  5.8152
   21 0.300091 0.155699 0.241276   1.476752  0.1315  0.1242  0.1311   6.04e-04  3.8515
   22 0.379738 0.220177 0.218643   2.727323  0.1366  0.1245  0.1360   3.02e-04  5.5386
   23 0.240820 0.129821 0.191920   2.118220  0.1353  0.1273  0.1340   3.02e-04  4.5510
   24 0.267222 0.155764 0.199658   2.033563  0.1403  0.1311  0.1389   3.02e-04  4.8468
   25 0.202022 0.094187 0.193693   2.245519  0.1352  0.1311  0.1326   3.02e-04  3.7183
   26 0.183047 0.081319 0.185793   2.129297  0.1390  0.1299  0.1378   3.02e-04  2.6924
--------------------------------------------------------------------------------------------------------
Early stopping at epoch 26  (patience=15  best_epoch=11  best_val_loss=1.330947)
========================================================================================================
 Test Results  (periodic, seed1)
--------------------------------------------------------------------------------------------------------
Test MSRR loss           0.851469
Test rank corr 6m         0.1225
Test base corr 6m         0.1261
Test path2 corr 6m        0.1143
--------------------------------------------------------------------------------------------------------
Best val loss 1.330947  (epoch 11)
Stopped epoch 26
Training time 317.2 seconds
--------------------------------------------------------------------------------------------------------
Weights results1/transformer/weights_periodic_seed1.safetensors
Metrics results1/transformer/metrics_periodic_seed1.json
========================================================================================================

========================================================================================================
Variant periodic  Seed 2
Path 1 d_model=96  d_ff=192  n_mlp_layers=3  dropout=0.09842635417115245
Path 2 path2_n_layers=1  path2_n_heads=1  path2_d_ff=256  min_firms_attention=30
Optimiser lr=6.04e-04  wd=5.82e-06  grad_clip=0.4237324586271476  patience=15
Loss MSRR (1 - r_pf)^2 + lambda_aux (1 - r_base)^2 + lambda_aux2 (1 - r_path2)^2  lambda_aux=0.44217854227941356  lambda_aux2=0.31775287074611347
 Data train_months=252  val_months=60
 Model 264,435 trainable parameters
========================================================================================================
Epoch TrnTotal  TrnMain   TrnAux    ValLoss  Corr6m  Base6m Path26m         LR   GNorm
--------------------------------------------------------------------------------------------------------
    1 1.457501 0.807602 0.852121   1.358000  0.1121  0.0997  0.1335   1.21e-04  1.7814
    2 1.037882 0.586566 0.567559   1.423543  0.1366  0.1200  0.1405   2.41e-04  9.0367
    3 0.752618 0.408651 0.505540   1.763425  0.1423  0.1176  0.1575   3.62e-04  9.9291
    4 0.968898 0.670602 0.466382   1.334455  0.1447  0.1193  0.1493   4.83e-04 10.0117
    5 0.865904 0.560196 0.433798   1.487587  0.1449  0.1213  0.1465   6.04e-04 10.8775
    6 1.000250 0.669131 0.521454   1.497893  0.1487  0.1254  0.1495   6.04e-04 12.9476  *
    7 0.839011 0.588909 0.358979   1.896654  0.1523  0.1222  0.1522   6.04e-04  9.6715
    8 0.501497 0.279782 0.362010   1.520049  0.1471  0.1228  0.1453   6.04e-04  6.5264
    9 0.823347 0.584609 0.409787   1.564150  0.1432  0.1273  0.1390   6.04e-04 15.8433
   10 0.426396 0.236023 0.331613   2.147791  0.1432  0.1174  0.1430   6.04e-04  6.3171
   11 0.428688 0.225371 0.370596   1.475806  0.1453  0.1233  0.1440   6.04e-04  6.2970  *
   12 0.372691 0.179209 0.348585   1.789421  0.1458  0.1221  0.1454   6.04e-04  5.4781
   13 0.536129 0.332605 0.363130   1.696047  0.1415  0.1268  0.1362   6.04e-04  7.4819
   14 0.322735 0.157100 0.287878   1.754776  0.1450  0.1310  0.1440   6.04e-04  4.5210
   15 0.380398 0.207310 0.303538   1.861641  0.1427  0.1179  0.1422   6.04e-04  4.5467
   16 0.406956 0.193320 0.405194   1.936305  0.1480  0.1353  0.1440   6.04e-04  7.3553
   17 0.287563 0.131958 0.278899   1.899932  0.1463  0.1299  0.1443   6.04e-04  3.6903
   18 0.342954 0.203416 0.238540   1.581270  0.1444  0.1294  0.1425   6.04e-04  5.4263
   19 0.287934 0.144194 0.236643   1.730962  0.1447  0.1257  0.1439   6.04e-04  4.3664
   20 0.621325 0.165137 0.967269   2.002754  0.1421  0.1273  0.1389   6.04e-04  4.6776
   21 0.544138 0.186665 0.733593   1.890287  0.1454  0.1238  0.1441   6.04e-04 28.0291
   22 0.263275 0.110573 0.280468   1.753796  0.1436  0.1229  0.1417   3.02e-04  3.3074
   23 0.535965 0.089919 0.959080   1.878707  0.1461  0.1246  0.1450   3.02e-04  6.0190
   24 0.489607 0.077077 0.884475   1.862085  0.1467  0.1278  0.1455   3.02e-04  3.3793
   25 0.253357 0.117724 0.261053   1.644806  0.1481  0.1292  0.1469   3.02e-04  3.8322
   26 0.223748 0.102391 0.230462   1.870517  0.1468  0.1306  0.1444   3.02e-04  5.0310
--------------------------------------------------------------------------------------------------------
Early stopping at epoch 26  (patience=15  best_epoch=11  best_val_loss=1.475806)
========================================================================================================
 Test Results  (periodic, seed2)
--------------------------------------------------------------------------------------------------------
Test MSRR loss           0.528506
Test rank corr 6m         0.1259
Test base corr 6m         0.1252
Test path2 corr 6m        0.1201
--------------------------------------------------------------------------------------------------------
Best val loss 1.475806  (epoch 11)
Stopped epoch 26
Training time 316.5 seconds
--------------------------------------------------------------------------------------------------------
Weights results1/transformer/weights_periodic_seed2.safetensors
Metrics results1/transformer/metrics_periodic_seed2.json
========================================================================================================

========================================================================================================
Variant periodic  Seed 3
Path 1 d_model=96  d_ff=192  n_mlp_layers=3  dropout=0.09842635417115245
Path 2 path2_n_layers=1  path2_n_heads=1  path2_d_ff=256  min_firms_attention=30
Optimiser lr=6.04e-04  wd=5.82e-06  grad_clip=0.4237324586271476  patience=15
Loss MSRR (1 - r_pf)^2 + lambda_aux (1 - r_base)^2 + lambda_aux2 (1 - r_path2)^2  lambda_aux=0.44217854227941356  lambda_aux2=0.31775287074611347
 Data train_months=252  val_months=60
 Model 264,435 trainable parameters
========================================================================================================
Epoch TrnTotal  TrnMain   TrnAux    ValLoss  Corr6m  Base6m Path26m         LR   GNorm
--------------------------------------------------------------------------------------------------------
    1 1.485102 0.822414 0.882342   1.196026  0.1119  0.0980  0.1332   1.21e-04  1.6239
    2 1.199011 0.745252 0.603781   1.105479  0.1303  0.1136  0.1351   2.41e-04  8.4260
    3 1.137315 0.736402 0.622857   1.059613  0.1489  0.1229  0.1511   3.62e-04 13.9486
    4 1.052500 0.662484 0.652768   0.989583  0.1428  0.1235  0.1422   4.83e-04 11.6143
    5 0.840579 0.490710 0.544577   1.519868  0.1497  0.1317  0.1472   6.04e-04 12.8274
    6 0.690538 0.400271 0.470753   1.326310  0.1494  0.1319  0.1456   6.04e-04  9.9104  *
    7 0.765457 0.472137 0.497504   1.862351  0.1295  0.1138  0.1158   6.04e-04 13.1867
    8 0.527704 0.273626 0.369586   1.442356  0.1387  0.1277  0.1315   6.04e-04  6.4817
    9 0.507740 0.233890 0.466177   1.687325  0.1299  0.1060  0.1261   6.04e-04  6.6043
   10 0.697648 0.451182 0.401637   1.139042  0.1392  0.1245  0.1303   6.04e-04 10.2615  *
   11 0.454877 0.239689 0.344149   1.298717  0.1382  0.1227  0.1337   6.04e-04  5.9627
   12 0.479912 0.260235 0.351082   1.561009  0.1414  0.1242  0.1343   6.04e-04  6.1398
   13 0.529955 0.340582 0.304582   1.335654  0.1382  0.1305  0.1323   6.04e-04  7.3173
   14 0.390877 0.164590 0.390373   1.098298  0.1402  0.1207  0.1395   6.04e-04  5.7409  *
   15 0.425005 0.216073 0.372014   1.038631  0.1426  0.1290  0.1410   6.04e-04  8.3004  *
   16 0.658302 0.389182 0.398512   1.269902  0.1450  0.1211  0.1437   6.04e-04  9.4382
   17 0.544682 0.322402 0.397017   1.315948  0.1449  0.1278  0.1444   6.04e-04  8.3482
   18 0.433709 0.262357 0.289547   1.193236  0.1408  0.1268  0.1374   6.04e-04  7.2503
   19 0.398711 0.231058 0.291641   1.168043  0.1490  0.1307  0.1477   6.04e-04  9.5369
   20 0.398804 0.179441 0.390516   1.580498  0.1420  0.1193  0.1420   6.04e-04  5.7446
   21 0.452235 0.198685 0.451408   1.550642  0.1456  0.1278  0.1440   6.04e-04  9.3632
   22 0.539102 0.322847 0.289440   1.593023  0.1401  0.1211  0.1405   6.04e-04  5.5318
   23 0.323724 0.115699 0.389416   1.240259  0.1417  0.1266  0.1420   6.04e-04  4.3330
   24 0.267113 0.117006 0.255192   1.137419  0.1443  0.1202  0.1457   6.04e-04  3.7919
   25 0.436301 0.232430 0.382299   1.469860  0.1431  0.1221  0.1444   6.04e-04  7.2346
   26 0.280061 0.126770 0.242803   1.465329  0.1445  0.1209  0.1456   3.02e-04  5.9625
   27 0.215625 0.076905 0.234808   1.459379  0.1448  0.1222  0.1462   3.02e-04  3.5626
   28 0.173638 0.072821 0.168631   1.511300  0.1438  0.1287  0.1437   3.02e-04  3.0670
   29 0.160121 0.070383 0.143253   1.594906  0.1416  0.1279  0.1403   3.02e-04  3.0881
   30 0.211617 0.082109 0.231978   1.303995  0.1424  0.1224  0.1420   3.02e-04  3.8573
--------------------------------------------------------------------------------------------------------
Early stopping at epoch 30  (patience=15  best_epoch=15  best_val_loss=1.038631)
========================================================================================================
 Test Results  (periodic, seed3)
--------------------------------------------------------------------------------------------------------
Test MSRR loss           0.758650
Test rank corr 6m         0.1052
Test base corr 6m         0.1174
Test path2 corr 6m        0.0917
--------------------------------------------------------------------------------------------------------
Best val loss 1.038631  (epoch 15)
Stopped epoch 30
Training time 366.6 seconds
--------------------------------------------------------------------------------------------------------
Weights results1/transformer/weights_periodic_seed3.safetensors
Metrics results1/transformer/metrics_periodic_seed3.json
========================================================================================================

========================================================================================================
Variant periodic  Seed 4
Path 1 d_model=96  d_ff=192  n_mlp_layers=3  dropout=0.09842635417115245
Path 2 path2_n_layers=1  path2_n_heads=1  path2_d_ff=256  min_firms_attention=30
Optimiser lr=6.04e-04  wd=5.82e-06  grad_clip=0.4237324586271476  patience=15
Loss MSRR (1 - r_pf)^2 + lambda_aux (1 - r_base)^2 + lambda_aux2 (1 - r_path2)^2  lambda_aux=0.44217854227941356  lambda_aux2=0.31775287074611347
 Data train_months=252  val_months=60
 Model 264,435 trainable parameters
========================================================================================================
Epoch TrnTotal  TrnMain   TrnAux    ValLoss  Corr6m  Base6m Path26m         LR   GNorm
--------------------------------------------------------------------------------------------------------
    1 1.439759 0.793769 0.860569   1.096262  0.1203  0.1112  0.1365   1.21e-04  1.5616
    2 1.365827 0.932429 0.579918   1.386970  0.1419  0.1285  0.1406   2.41e-04 10.8857
    3 1.341140 1.001097 0.485636   1.411808  0.1370  0.1258  0.1325   3.62e-04 14.3441
    4 0.587724 0.334447 0.371753   2.175323  0.1368  0.1250  0.1324   4.83e-04  8.6588
    5 0.595785 0.351262 0.368560   1.650693  0.1387  0.1308  0.1302   6.04e-04  7.7706
    6 0.855194 0.614982 0.370764   1.998301  0.1350  0.1290  0.1280   6.04e-04  7.5152  *
    7 0.515257 0.234031 0.476137   7.193731  0.1406  0.1351  0.1317   6.04e-04  6.5041
    8 0.474157 0.263589 0.356885   1.390400  0.1416  0.1332  0.1347   6.04e-04  6.0718  *
    9 0.426902 0.246199 0.305770   2.492656  0.1401  0.1327  0.1337   6.04e-04  5.3956
   10 0.443784 0.212720 0.401231   4.724660  0.1413  0.1303  0.1384   6.04e-04  6.2168
   11 0.472927 0.255490 0.389411   2.063658  0.1419  0.1272  0.1383   6.04e-04  6.0873
   12 0.321794 0.127761 0.353610   1.611797  0.1421  0.1403  0.1353   6.04e-04  3.5094
   13 0.280016 0.119030 0.263469   1.935790  0.1351  0.1259  0.1327   6.04e-04  3.2884
   14 0.582412 0.159293 0.856661   1.894980  0.1355  0.1207  0.1352   6.04e-04 11.1751
   15 0.286435 0.138966 0.264078   4.042179  0.1395  0.1338  0.1365   6.04e-04  3.7948
   16 0.347054 0.138491 0.398344   4.090637  0.1324  0.1337  0.1284   6.04e-04  6.0937
   17 0.554190 0.339125 0.401341   1.920148  0.1334  0.1301  0.1287   6.04e-04  7.3224
   18 0.342310 0.119106 0.439984   1.893531  0.1356  0.1236  0.1334   6.04e-04  4.1953
   19 0.290891 0.163232 0.227272   2.008478  0.1312  0.1218  0.1290   3.02e-04  4.0525
   20 0.243716 0.110185 0.210006   2.888327  0.1327  0.1309  0.1297   3.02e-04  3.2782
   21 0.276541 0.096312 0.355567   1.744489  0.1353  0.1259  0.1333   3.02e-04  6.1813
   22 0.196621 0.089182 0.193623   2.261329  0.1346  0.1331  0.1313   3.02e-04  3.0018
   23 0.192444 0.060630 0.251195   2.162818  0.1342  0.1280  0.1323   3.02e-04  2.9383
--------------------------------------------------------------------------------------------------------
Early stopping at epoch 23  (patience=15  best_epoch=8  best_val_loss=1.390400)
========================================================================================================
 Test Results  (periodic, seed4)
--------------------------------------------------------------------------------------------------------
Test MSRR loss           0.991713
Test rank corr 6m         0.1174
Test base corr 6m         0.1318
Test path2 corr 6m        0.1026
--------------------------------------------------------------------------------------------------------
Best val loss 1.390400  (epoch 8)
Stopped epoch 23
Training time 280.3 seconds
--------------------------------------------------------------------------------------------------------
Weights results1/transformer/weights_periodic_seed4.safetensors
Metrics results1/transformer/metrics_periodic_seed4.json
========================================================================================================

applied tuned hyperparameters for fourier from results1/transformer/transformer-hpt/best_params_fourier.json
========================================================================================================
Variant fourier  Seed 0
Path 1 d_model=96  d_ff=192  n_mlp_layers=1  dropout=0.08749911579832724
Path 2 path2_n_layers=3  path2_n_heads=4  path2_d_ff=256  min_firms_attention=30
Optimiser lr=2.29e-04  wd=2.08e-07  grad_clip=1.623813376406745  patience=15
Loss MSRR (1 - r_pf)^2 + lambda_aux (1 - r_base)^2 + lambda_aux2 (1 - r_path2)^2  lambda_aux=0.4452413703502375  lambda_aux2=0.3493192507310232
 Data train_months=252  val_months=60
 Model 840,483 trainable parameters
========================================================================================================
Epoch TrnTotal  TrnMain   TrnAux    ValLoss  Corr6m  Base6m Path26m         LR   GNorm
--------------------------------------------------------------------------------------------------------
    1 1.627478 0.881991 0.999301   1.393565  0.1219  0.0945  0.1218   4.59e-05  0.9932
    2 1.261263 0.606761 0.990383   1.325467  0.1266  0.1002  0.1266   9.18e-05  8.5129
    3 0.981640 0.402724 0.985684   1.328835  0.1229  0.1039  0.1229   1.38e-04  8.9615
    4 0.985747 0.420031 0.940993   1.463486  0.1108  0.1129  0.1105   1.84e-04  6.3340
    5 1.007954 0.524964 0.750099   1.115061  0.0970  0.1252  0.0870   2.29e-04 10.6538
    6 1.006568 0.608975 0.559066   1.416259  0.1353  0.1268  0.1328   2.29e-04 13.0247  *
    7 0.689106 0.326719 0.582963   1.656419  0.1156  0.1247  0.1095   2.29e-04  9.6607
    8 0.805672 0.496850 0.424589   1.514776  0.1179  0.1259  0.1036   2.29e-04 13.8720
    9 0.615875 0.318370 0.438831   1.531781  0.1108  0.1262  0.1061   2.29e-04 11.4564
   10 0.740012 0.464512 0.443443   1.465621  0.1085  0.1267  0.1033   2.29e-04 11.8465
   11 0.678165 0.378918 0.405110   1.989939  0.0677  0.1267  0.0652   2.29e-04  8.2308
   12 0.633759 0.386789 0.303980   1.469922  0.1017  0.1243  0.0966   2.29e-04 11.7030
   13 0.578781 0.300933 0.408722   1.740112  0.0915  0.1275  0.0864   2.29e-04 17.4865
   14 0.607995 0.353665 0.310170   1.614736  0.0935  0.1263  0.0870   2.29e-04 18.5185
   15 0.433982 0.214270 0.305683   1.572623  0.0873  0.1269  0.0808   2.29e-04  8.5810
   16 0.517092 0.276614 0.309883   1.554071  0.0775  0.1248  0.0741   2.29e-04 11.7392
   17 0.373905 0.177167 0.290116   2.179466  0.0840  0.1251  0.0775   1.15e-04  9.0917
   18 0.332828 0.171124 0.247561   2.040411  0.0727  0.1262  0.0659   1.15e-04  5.8451
   19 0.420823 0.209857 0.324523   2.241169  0.0766  0.1225  0.0724   1.15e-04  7.6490
   20 0.316368 0.150012 0.278503   2.294941  0.0810  0.1236  0.0751   1.15e-04 10.2568
   21 0.353608 0.170941 0.265020   2.353905  0.0583  0.1228  0.0526   1.15e-04  5.7622
--------------------------------------------------------------------------------------------------------
Early stopping at epoch 21  (patience=15  best_epoch=6  best_val_loss=1.416259)
========================================================================================================
 Test Results  (fourier, seed0)
--------------------------------------------------------------------------------------------------------
Test MSRR loss           2.705399
Test rank corr 6m         0.1138
Test base corr 6m         0.1102
Test path2 corr 6m        0.1118
--------------------------------------------------------------------------------------------------------
Best val loss 1.416259  (epoch 6)
Stopped epoch 21
Training time 584.7 seconds
--------------------------------------------------------------------------------------------------------
Weights results1/transformer/weights_fourier_seed0.safetensors
Metrics results1/transformer/metrics_fourier_seed0.json
========================================================================================================

========================================================================================================
Variant fourier  Seed 1
Path 1 d_model=96  d_ff=192  n_mlp_layers=1  dropout=0.08749911579832724
Path 2 path2_n_layers=3  path2_n_heads=4  path2_d_ff=256  min_firms_attention=30
Optimiser lr=2.29e-04  wd=2.08e-07  grad_clip=1.623813376406745  patience=15
Loss MSRR (1 - r_pf)^2 + lambda_aux (1 - r_base)^2 + lambda_aux2 (1 - r_path2)^2  lambda_aux=0.4452413703502375  lambda_aux2=0.3493192507310232
 Data train_months=252  val_months=60
 Model 840,483 trainable parameters
========================================================================================================
Epoch TrnTotal  TrnMain   TrnAux    ValLoss  Corr6m  Base6m Path26m         LR   GNorm
--------------------------------------------------------------------------------------------------------
    1 1.634284 0.890070 0.994780   1.467813  0.1420  0.0350  0.1420   4.59e-05  0.9461
    2 1.232181 0.587976 0.986351   1.684511  0.1323  0.0569  0.1323   9.18e-05  8.8456
    3 1.077856 0.475449 0.982188   1.532540  0.1230  0.0873  0.1230   1.38e-04 11.8449
    4 0.956293 0.395004 0.949861   1.669773  0.1091  0.1124  0.1088   1.84e-04  8.9363
    5 1.046813 0.494862 0.852894   1.280663  0.1076  0.1240  0.1054   2.29e-04 10.4022
    6 0.875224 0.445867 0.675785   1.464475  0.1209  0.1332  0.1190   2.29e-04  8.8722  *
    7 0.686121 0.359672 0.480578   1.449489  0.1037  0.1328  0.0985   2.29e-04  7.2586  *
    8 0.734430 0.413747 0.408306   1.398413  0.1235  0.1319  0.1217   2.29e-04  6.0396  *
    9 0.962713 0.589437 0.383169   1.595252  0.1120  0.1320  0.1096   2.29e-04 12.7036
   10 0.832200 0.511839 0.384833   1.802458  0.0920  0.1318  0.0829   2.29e-04 21.9198
   11 0.729785 0.408157 0.360128   1.611460  0.1221  0.1313  0.1133   2.29e-04 11.3612
   12 0.789876 0.467358 0.372780   1.738014  0.0995  0.1303  0.0943   2.29e-04 16.3625
   13 0.709853 0.411045 0.325379   1.308635  0.1113  0.1317  0.1030   2.29e-04 12.5588  *
   14 0.583923 0.326854 0.337518   1.546725  0.1017  0.1303  0.0954   2.29e-04  5.2233
   15 0.715603 0.413467 0.346414   1.461515  0.0882  0.1282  0.0843   2.29e-04  8.9899
   16 0.560667 0.331032 0.282566   1.827292  0.1057  0.1277  0.1026   2.29e-04  6.0744
   17 0.473714 0.262824 0.273430   1.675574  0.1123  0.1281  0.1085   2.29e-04  4.7415
   18 0.757253 0.459540 0.301704   1.491736  0.1002  0.1272  0.0976   2.29e-04  5.9546
   19 0.729217 0.502213 0.282707   1.360110  0.0748  0.1273  0.0716   2.29e-04  8.6458
   20 0.871973 0.650317 0.273910   1.692207  0.0585  0.1198  0.0569   2.29e-04  7.1246
   21 1.049013 0.791487 0.291900   1.984374  0.0595  0.1253  0.0581   2.29e-04 15.8048
   22 0.803615 0.542086 0.282913   1.759008  0.0641  0.1220  0.0629   2.29e-04 11.1684
   23 0.694117 0.430743 0.278015   1.601483  0.0619  0.1263  0.0597   2.29e-04  8.0860
   24 0.818014 0.556151 0.261937   1.656369  0.0609  0.1221  0.0589   1.15e-04 10.2172
   25 0.655195 0.411342 0.259488   1.637139  0.0621  0.1213  0.0613   1.15e-04  7.7765
   26 0.558230 0.338911 0.226608   1.632658  0.0632  0.1228  0.0621   1.15e-04  4.9285
   27 0.538166 0.331793 0.235413   1.691760  0.0607  0.1201  0.0598   1.15e-04  6.9518
   28 0.471601 0.278416 0.240177   1.711225  0.0601  0.1232  0.0591   1.15e-04  6.0701
--------------------------------------------------------------------------------------------------------
Early stopping at epoch 28  (patience=15  best_epoch=13  best_val_loss=1.308635)
========================================================================================================
 Test Results  (fourier, seed1)
--------------------------------------------------------------------------------------------------------
Test MSRR loss           1.340751
Test rank corr 6m         0.0846
Test base corr 6m         0.1142
Test path2 corr 6m        0.0768
--------------------------------------------------------------------------------------------------------
Best val loss 1.308635  (epoch 13)
Stopped epoch 28
Training time 780.8 seconds
--------------------------------------------------------------------------------------------------------
Weights results1/transformer/weights_fourier_seed1.safetensors
Metrics results1/transformer/metrics_fourier_seed1.json
========================================================================================================

========================================================================================================
Variant fourier  Seed 2
Path 1 d_model=96  d_ff=192  n_mlp_layers=1  dropout=0.08749911579832724
Path 2 path2_n_layers=3  path2_n_heads=4  path2_d_ff=256  min_firms_attention=30
Optimiser lr=2.29e-04  wd=2.08e-07  grad_clip=1.623813376406745  patience=15
Loss MSRR (1 - r_pf)^2 + lambda_aux (1 - r_base)^2 + lambda_aux2 (1 - r_path2)^2  lambda_aux=0.4452413703502375  lambda_aux2=0.3493192507310232
 Data train_months=252  val_months=60
 Model 840,483 trainable parameters
========================================================================================================
Epoch TrnTotal  TrnMain   TrnAux    ValLoss  Corr6m  Base6m Path26m         LR   GNorm
--------------------------------------------------------------------------------------------------------
    1 1.617603 0.878407 0.993642   1.473409  0.1479  0.0727  0.1479   4.59e-05  0.8932
    2 1.258036 0.608279 0.983702   1.496276  0.1435  0.0831  0.1435   9.18e-05 11.8648
    3 1.056846 0.458951 0.981928   1.949028  0.0830  0.0975  0.0829   1.38e-04 16.8344
    4 0.834819 0.307086 0.944085   1.964176  0.1031  0.1122  0.1030   1.84e-04  7.8218
    5 0.769930 0.291470 0.854051   1.739677  0.0830  0.1239  0.0808   2.29e-04 14.9025
    6 0.759309 0.315303 0.695161   2.449985  0.1096  0.1348  0.1064   2.29e-04 11.0821  *
    7 0.687258 0.318579 0.589068   1.425909  0.0944  0.1354  0.0915   2.29e-04  7.6257  *
    8 0.653940 0.317561 0.458878   1.821214  0.1059  0.1347  0.1012   2.29e-04  8.4462
    9 0.583031 0.264282 0.445502   1.824764  0.1211  0.1352  0.1167   2.29e-04 15.7843
   10 0.791091 0.445199 0.404875   1.700465  0.0872  0.1356  0.0838   2.29e-04  5.5166
   11 1.289093 0.824493 0.404894   1.899886  0.0850  0.1365  0.0832   2.29e-04  4.0739
   12 1.684075 1.202849 0.359511   1.537285  0.0858  0.1361  0.0837   2.29e-04  4.9648
   13 1.413389 0.932692 0.372416   1.546495  0.1039  0.1356  0.1015   2.29e-04 10.0121
   14 1.418891 0.944596 0.322175   2.132455  0.1095  0.1353  0.1056   2.29e-04  2.8051
   15 1.465624 0.966429 0.362018   1.676600  0.1070  0.1295  0.1053   2.29e-04  3.4013
   16 1.424699 0.950589 0.313825   1.604600  0.1081  0.1252  0.1062   2.29e-04  2.5519
   17 1.465362 0.983245 0.311956   1.713419  0.1079  0.1285  0.1046   2.29e-04  2.7022
   18 1.503912 0.990856 0.375344   1.693804  0.1068  0.1288  0.1040   1.15e-04  3.0703
   19 1.494112 0.997998 0.331132   1.602222  0.1066  0.1260  0.1040   1.15e-04  3.6692
   20 1.460373 0.997986 0.255400   1.621637  0.1065  0.1272  0.1039   1.15e-04  2.4544
   21 1.483489 1.000000 0.301341   1.594150  0.1064  0.1236  0.1039   1.15e-04  3.5008
   22 1.462831 1.000000 0.254944   1.581653  0.1061  0.1226  0.1039   1.15e-04  2.2509
--------------------------------------------------------------------------------------------------------
Early stopping at epoch 22  (patience=15  best_epoch=7  best_val_loss=1.425909)
========================================================================================================
 Test Results  (fourier, seed2)
--------------------------------------------------------------------------------------------------------
Test MSRR loss           1.061336
Test rank corr 6m         0.0688
Test base corr 6m         0.1214
Test path2 corr 6m        0.0666
--------------------------------------------------------------------------------------------------------
Best val loss 1.425909  (epoch 7)
Stopped epoch 22
Training time 490.6 seconds
--------------------------------------------------------------------------------------------------------
Weights results1/transformer/weights_fourier_seed2.safetensors
Metrics results1/transformer/metrics_fourier_seed2.json
========================================================================================================

========================================================================================================
Variant fourier  Seed 3
Path 1 d_model=96  d_ff=192  n_mlp_layers=1  dropout=0.08749911579832724
Path 2 path2_n_layers=3  path2_n_heads=4  path2_d_ff=256  min_firms_attention=30
Optimiser lr=2.29e-04  wd=2.08e-07  grad_clip=1.623813376406745  patience=15
Loss MSRR (1 - r_pf)^2 + lambda_aux (1 - r_base)^2 + lambda_aux2 (1 - r_path2)^2  lambda_aux=0.4452413703502375  lambda_aux2=0.3493192507310232
 Data train_months=252  val_months=60
 Model 840,483 trainable parameters
========================================================================================================
Epoch TrnTotal  TrnMain   TrnAux    ValLoss  Corr6m  Base6m Path26m         LR   GNorm
--------------------------------------------------------------------------------------------------------
    1 1.603828 0.867683 0.995904   1.407293  0.1367  0.0984  0.1367   4.59e-05  0.9266
    2 1.416130 0.725502 0.985590   1.484253  0.1189  0.1007  0.1189   9.18e-05 11.7798
    3 1.148385 0.528548 0.974046   1.552906  0.1344  0.1035  0.1344   1.38e-04 11.9215
    4 1.135296 0.539627 0.922567   1.553847  0.1380  0.1207  0.1380   1.84e-04  9.6684
    5 0.957777 0.451183 0.804131   1.233625  0.1424  0.1366  0.1409   2.29e-04 15.6131
    6 0.789879 0.386719 0.612553   1.433941  0.1354  0.1409  0.1318   2.29e-04  6.8574  *
    7 0.729797 0.374806 0.522153   1.514758  0.1494  0.1414  0.1455   2.29e-04  7.0182
    8 1.252478 0.735252 0.924412   1.656914  0.1552  0.1399  0.1521   2.29e-04 17.7059
    9 0.833179 0.435919 0.534288   1.647097  0.1455  0.1386  0.1418   2.29e-04 10.7429
   10 0.591149 0.303760 0.400287   1.613277  0.1717  0.1372  0.1690   2.29e-04  6.1571
   11 0.651620 0.356259 0.400328   1.741078  0.1510  0.1380  0.1485   2.29e-04  8.5667
   12 0.633648 0.333511 0.426603   1.537564  0.1416  0.1377  0.1397   2.29e-04  7.3193
   13 0.585494 0.306821 0.377440   1.430853  0.1529  0.1369  0.1500   2.29e-04  9.2911  *
   14 0.648281 0.363304 0.350760   1.486327  0.1341  0.1364  0.1308   2.29e-04  8.5535
   15 0.587129 0.320404 0.341980   1.622216  0.1508  0.1350  0.1499   2.29e-04  7.8611
   16 1.050494 0.661121 0.365638   1.711974  0.1491  0.1369  0.1468   2.29e-04  7.2569
   17 0.646968 0.359855 0.328502   1.426905  0.1486  0.1341  0.1429   2.29e-04  5.7942  *
   18 0.910662 0.571517 0.317719   1.442001  0.1406  0.1323  0.1372   2.29e-04  7.5926
   19 0.730365 0.328127 0.638878   1.470414  0.1616  0.1305  0.1596   2.29e-04 13.8745
   20 0.674595 0.388549 0.334892   2.324776  0.1465  0.1314  0.1403   2.29e-04  6.4591
   21 0.915349 0.554394 0.373492   1.693860  0.1508  0.1264  0.1477   2.29e-04  7.4287
   22 0.994211 0.647753 0.291875   1.594346  0.1262  0.1289  0.1190   2.29e-04  7.2474
   23 1.118393 0.717111 0.345693   1.798636  0.1311  0.1246  0.1272   2.29e-04  5.6302
   24 1.297221 0.852302 0.328642   1.861772  0.1257  0.1213  0.1229   2.29e-04  3.0103
   25 1.357223 0.892565 0.347106   1.986949  0.1262  0.1238  0.1230   2.29e-04  3.3355
   26 1.334449 0.886906 0.310777   1.930705  0.1250  0.1144  0.1223   2.29e-04  3.2100
   27 1.347160 0.899070 0.302164   1.785904  0.1346  0.1144  0.1319   2.29e-04  2.8274
   28 1.415524 0.957858 0.276918   1.596641  0.1371  0.1138  0.1344   1.15e-04  2.9472
   29 1.275595 0.874444 0.216012   1.588846  0.1353  0.1169  0.1323   1.15e-04  2.6979
   30 1.218551 0.816433 0.261023   1.962217  0.1290  0.1138  0.1262   1.15e-04  3.0510
   31 1.191423 0.804377 0.239912   1.910129  0.1235  0.1176  0.1199   1.15e-04  3.5433
   32 1.211683 0.820755 0.232926   1.930066  0.1206  0.1158  0.1155   1.15e-04  8.8667
--------------------------------------------------------------------------------------------------------
Early stopping at epoch 32  (patience=15  best_epoch=17  best_val_loss=1.426905)
========================================================================================================
 Test Results  (fourier, seed3)
--------------------------------------------------------------------------------------------------------
Test MSRR loss           0.884063
Test rank corr 6m         0.1048
Test base corr 6m         0.1255
Test path2 corr 6m        0.0994
--------------------------------------------------------------------------------------------------------
Best val loss 1.426905  (epoch 17)
Stopped epoch 32
Training time 793.7 seconds
--------------------------------------------------------------------------------------------------------
Weights results1/transformer/weights_fourier_seed3.safetensors
Metrics results1/transformer/metrics_fourier_seed3.json
========================================================================================================

========================================================================================================
Variant fourier  Seed 4
Path 1 d_model=96  d_ff=192  n_mlp_layers=1  dropout=0.08749911579832724
Path 2 path2_n_layers=3  path2_n_heads=4  path2_d_ff=256  min_firms_attention=30
Optimiser lr=2.29e-04  wd=2.08e-07  grad_clip=1.623813376406745  patience=15
Loss MSRR (1 - r_pf)^2 + lambda_aux (1 - r_base)^2 + lambda_aux2 (1 - r_path2)^2  lambda_aux=0.4452413703502375  lambda_aux2=0.3493192507310232
 Data train_months=252  val_months=60
 Model 840,483 trainable parameters
========================================================================================================
Epoch TrnTotal  TrnMain   TrnAux    ValLoss  Corr6m  Base6m Path26m         LR   GNorm
--------------------------------------------------------------------------------------------------------
    1 1.615992 0.873508 0.998773   1.595155  0.1121  0.0466  0.1119   4.59e-05  0.9676
    2 1.066269 0.464055 0.988170   1.128863  0.1208  0.0717  0.1207   9.18e-05  7.5816
    3 1.072039 0.469989 0.982311   1.670717  0.0855  0.0897  0.0854   1.38e-04 14.5357
    4 1.167766 0.548842 0.953756   1.641471  0.1044  0.1099  0.1043   1.84e-04 12.5407
    5 1.161491 0.578211 0.845361   2.496441  0.1028  0.1221  0.0961   2.29e-04 11.1679
    6 0.825990 0.404939 0.646630   1.637658  0.0807  0.1294  0.0698   2.29e-04 13.3070  *
    7 0.615129 0.278811 0.553501   1.380609  0.0798  0.1325  0.0721   2.29e-04  9.2307  *
    8 0.670481 0.351284 0.489453   2.008158  0.0823  0.1309  0.0707   2.29e-04 12.3711
    9 0.728473 0.404353 0.499744   2.075652  0.0922  0.1294  0.0854   2.29e-04 12.6111
   10 0.629557 0.328946 0.446401   1.846803  0.0915  0.1287  0.0844   2.29e-04  9.9300
   11 0.521418 0.242826 0.408412   1.639515  0.0918  0.1321  0.0803   2.29e-04  9.4597
   12 0.532879 0.272577 0.397989   1.770461  0.0698  0.1271  0.0656   2.29e-04  6.6953
   13 0.579381 0.299365 0.367688   1.996788  0.0955  0.1285  0.0918   2.29e-04 10.1726
   14 0.541191 0.280372 0.357117   1.703937  0.0715  0.1292  0.0676   2.29e-04  6.9238
   15 0.734722 0.486843 0.332743   1.920391  0.0740  0.1262  0.0684   2.29e-04 11.2545
   16 0.492230 0.273665 0.360085   1.639614  0.0937  0.1286  0.0885   2.29e-04  6.9545
   17 0.575436 0.321176 0.333160   2.106307  0.0800  0.1267  0.0743   2.29e-04  7.9083
   18 0.527197 0.292015 0.307435   2.175222  0.0832  0.1261  0.0788   1.15e-04  6.9498
   19 0.593569 0.399721 0.270699   2.120012  0.0774  0.1274  0.0690   1.15e-04 10.1652
   20 0.557852 0.343924 0.298343   2.227686  0.0755  0.1283  0.0661   1.15e-04  9.2786
   21 0.504743 0.293108 0.279530   2.561307  0.0774  0.1265  0.0711   1.15e-04  5.9833
   22 0.498284 0.321408 0.287535   2.460560  0.0782  0.1197  0.0721   1.15e-04  9.9392
--------------------------------------------------------------------------------------------------------
Early stopping at epoch 22  (patience=15  best_epoch=7  best_val_loss=1.380609)
========================================================================================================
 Test Results  (fourier, seed4)
--------------------------------------------------------------------------------------------------------
Test MSRR loss           0.803015
Test rank corr 6m         0.0909
Test base corr 6m         0.1160
Test path2 corr 6m        0.0863
--------------------------------------------------------------------------------------------------------
Best val loss 1.380609  (epoch 7)
Stopped epoch 22
Training time 615.5 seconds
--------------------------------------------------------------------------------------------------------
Weights results1/transformer/weights_fourier_seed4.safetensors
Metrics results1/transformer/metrics_fourier_seed4.json
========================================================================================================

All variants and seeds trained successfully
