{
  "d_model": 64,
  "n_heads": 8,
  "d_ff_mult": 2,
  "n_layers": 2,
  "dropout": 0.1808707653215424,
  "top_k_attention": 50,
  "n_mlp_layers": 2,
  "lambda_aux": 0.40750814250692463,
  "lr": 0.004935086706339586,
  "weight_decay": 3.5496549232303465e-06,
  "grad_clip": 0.16438754701726221,
  "lambda_3m": 0.436135178426182,
  "lambda_12m": 0.17239816597556354,
  "lambda_6m_derived": 0.391467,
  "d_ff_derived": 128,
  "best_val_corr_6m": 1.6702272815748933,
  "trial_number": 13,
  "best_epoch": 25,
  "n_epochs_trained": 33,
  "best_train_loss": 0.15071126787612835,
  "best_val_loss": 0.11903325133025647,
  "best_corr_3m": 0.1096494975456153,
  "best_corr_6m": 0.15821304755324186,
  "best_corr_12m": 0.19415168173533554,
  "best_base_corr_3m": 0.10964975104822466,
  "best_base_corr_6m": 0.15821311306790448,
  "best_base_corr_12m": 0.19415145731763914
}