{
  "d_model": 96,
  "n_heads": 4,
  "d_ff_mult": 4,
  "n_layers": 3,
  "dropout": 0.10621171848520548,
  "top_k_attention": 20,
  "n_mlp_layers": 1,
  "lambda_aux": 0.31064784760159503,
  "lr": 0.001270496395022189,
  "weight_decay": 0.0002722228043154095,
  "grad_clip": 1.9690475629515407,
  "lambda_3m": 0.20112050359529382,
  "lambda_12m": 0.4402985281001789,
  "periodic_num_freq": 64,
  "lambda_6m_derived": 0.358581,
  "d_ff_derived": 384,
  "best_val_corr_6m": 1.5740684171260937,
  "trial_number": 41,
  "best_epoch": 33,
  "n_epochs_trained": 41,
  "best_train_loss": 0.19869484719894234,
  "best_val_loss": 0.16329037062823773,
  "best_corr_3m": 0.11369925364221369,
  "best_corr_6m": 0.15517776244087145,
  "best_corr_12m": 0.19119587533544594,
  "best_base_corr_3m": 0.11370445750944783,
  "best_base_corr_6m": 0.15517692018377904,
  "best_base_corr_12m": 0.1911944661619297
}