{
  "d_model": 64,
  "n_heads": 4,
  "d_ff_mult": 2,
  "n_layers": 1,
  "dropout": 0.07048540384006359,
  "top_k_attention": 100,
  "n_mlp_layers": 2,
  "lambda_aux": 0.17968348907309145,
  "lr": 0.0004372636924976572,
  "weight_decay": 4.022221932229699e-07,
  "grad_clip": 1.7217772759287466,
  "lambda_3m": 0.4167366263270394,
  "lambda_12m": 0.13275151460421125,
  "periodic_num_freq": 16,
  "lambda_6m_derived": 0.450512,
  "d_ff_derived": 128,
  "best_val_corr_6m": 1.411329111321635,
  "trial_number": 43,
  "best_epoch": 29,
  "n_epochs_trained": 37,
  "best_train_loss": 0.12255873618322233,
  "best_val_loss": 0.09570534061640501,
  "best_corr_3m": 0.11234445852654365,
  "best_corr_6m": 0.15031458870895828,
  "best_corr_12m": 0.18397846683704605,
  "best_base_corr_3m": 0.11158424104408672,
  "best_base_corr_6m": 0.14992012806857627,
  "best_base_corr_12m": 0.18318955581829263
}