{
  "d_model": 96,
  "n_heads": 2,
  "d_ff_mult": 4,
  "n_layers": 2,
  "dropout": 0.18869162259264374,
  "top_k_attention": 50,
  "n_mlp_layers": 1,
  "lambda_aux": 0.34306762377085337,
  "lr": 0.001677171438693459,
  "weight_decay": 1.6713812196683563e-07,
  "grad_clip": 0.1058874152223866,
  "lambda_3m": 0.10111496907527044,
  "lambda_12m": 0.32277693945447683,
  "ple_num_bins": 8,
  "lambda_6m_derived": 0.576108,
  "d_ff_derived": 384,
  "best_val_corr_6m": 2.1567489361610903,
  "trial_number": 34,
  "best_epoch": 24,
  "n_epochs_trained": 32,
  "best_train_loss": 0.19019568519341568,
  "best_val_loss": 0.15598359716435273,
  "best_corr_3m": 0.11703875288367271,
  "best_corr_6m": 0.15799802114100506,
  "best_corr_12m": 0.1826368872852375,
  "best_base_corr_3m": 0.11704273509482542,
  "best_base_corr_6m": 0.1579979093745351,
  "best_base_corr_12m": 0.18263690781701977
}