{
  "d_model": 128,
  "n_heads": 4,
  "d_ff_mult": 2,
  "n_layers": 1,
  "dropout": 0.012153625678204936,
  "top_k_attention": 10,
  "n_mlp_layers": 1,
  "lambda_aux": 0.24338629141770907,
  "lr": 8.525269630134645e-05,
  "weight_decay": 0.00206784093978395,
  "grad_clip": 3.1541608214550343,
  "lambda_3m": 0.1823592099410597,
  "lambda_12m": 0.07542334011440946,
  "lambda_6m_derived": 0.742217,
  "d_ff_derived": 256,
  "best_val_corr_6m": 2.1819176173261545,
  "trial_number": 4,
  "best_epoch": 6,
  "n_epochs_trained": 14,
  "best_train_loss": 0.13188043714220088,
  "best_val_loss": 0.10834636452297369,
  "best_corr_3m": 0.07863074048655108,
  "best_corr_6m": 0.12571093717900414,
  "best_corr_12m": 0.14562353106254403,
  "best_base_corr_3m": 0.10055969959794311,
  "best_base_corr_6m": 0.14207644121100504,
  "best_base_corr_12m": 0.17935877150545518
}